study,study_label,covariate,group,sample,term,estimate,std.error,statistic,p.value,conf.low,conf.high,df,nobs,significant
berganS20,Bergan (2012),age,age_3_18 - 39,mt,(Intercept),1.7816094159520566,0.059804776889048124,29.790419906713463,5.081298351495154e-111,1.6640966612103427,1.8991221706937704,478,480,1
berganS20,Bergan (2012),age,age_3_18 - 39,mt,Z,0.37258207762596823,0.08704617172373068,4.280281030721013,2.2563290258144296e-5,0.2015416363589919,0.5436225188929446,478,480,1
berganS20,Bergan (2012),age,age_3_18 - 39,original,(Intercept),1.9093820110114825,0.1774542692536187,10.759853899500058,5.98219208795689e-20,1.5584784002320398,2.2602856217909255,137,139,1
berganS20,Bergan (2012),age,age_3_18 - 39,original,Z,-0.2188994010939293,0.21924123569821558,-0.9984408288741958,0.31982587877297597,-0.652433863588592,0.21463506140073335,137,139,0
berganS20,Bergan (2012),age,age_3_40 - 59,mt,(Intercept),1.652293018218559,0.15653906175781188,10.555148342302514,2.3020706057346502e-17,1.3412532368650885,1.9633327995720293,89,91,1
berganS20,Bergan (2012),age,age_3_40 - 59,mt,Z,-0.154261571587593,0.2061174497381529,-0.7484158754320098,0.4561826060167713,-0.5638125538138593,0.2552894106386733,89,91,0
berganS20,Bergan (2012),age,age_3_40 - 59,original,(Intercept),1.7477797518368827,0.11999867988857149,14.564991493738415,3.0014946550141333e-29,1.5104105021168763,1.9851490015568891,132,134,1
berganS20,Bergan (2012),age,age_3_40 - 59,original,Z,-0.20408502385978944,0.17468232763587246,-1.168320955083718,0.24478308912366106,-0.5496239338609183,0.14145388614133947,132,134,0
berganS20,Bergan (2012),age,age_3_More than 60,mt,(Intercept),1.061105608030267,0.4547595462986858,2.3333333333333335,0.03505872175902557,0.08574338692530548,2.0364678291352285,14,16,1
berganS20,Bergan (2012),age,age_3_More than 60,mt,Z,0.15158651543289522,0.5284157894578521,0.28686976895300775,0.7784139304108552,-0.9817526354818829,1.2849256663476734,14,16,0
berganS20,Bergan (2012),age,age_3_More than 60,original,(Intercept),1.4100623834049775,0.1510150775685683,9.337229143657789,6.114395145448244e-16,1.1110882052427886,1.7090365615671663,121,123,1
berganS20,Bergan (2012),age,age_3_More than 60,original,Z,0.1203144437216994,0.23324451486334416,0.5158296811060725,0.6069146447598321,-0.34145459460789435,0.5820834820512931,121,123,0
berganS20,Bergan (2012),educ,educ_3_College,mt,(Intercept),1.9313244929228128,0.08596822053172602,22.465563216003407,5.60852420811617e-59,1.761902083247092,2.1007469025985337,221,223,1
berganS20,Bergan (2012),educ,educ_3_College,mt,Z,0.03534577686744486,0.1278345044553293,0.2764963733230268,0.7824252543476842,-0.21658487437280985,0.2872764281076996,221,223,0
berganS20,Bergan (2012),educ,educ_3_College,original,(Intercept),1.4356858076045769,0.1804522496946155,7.956042720632349,3.8534222946366814e-11,1.0751909972013025,1.7961806180078512,64,66,1
berganS20,Bergan (2012),educ,educ_3_College,original,Z,0.1848919125387812,0.27182125904972854,0.6801966600594548,0.49883319447786534,-0.35813347733883294,0.7279173024163954,64,66,0
berganS20,Bergan (2012),educ,educ_3_Graduate School,mt,(Intercept),1.4597220004649183,0.14922482114054003,9.782032166687278,2.719529048485578e-13,1.1601406714148867,1.7593033295149498,51,53,1
berganS20,Bergan (2012),educ,educ_3_Graduate School,mt,Z,0.7557732250927824,0.255323717464481,2.9600588327557964,0.004657406782236361,0.2431894737343845,1.2683569764511804,51,53,1
berganS20,Bergan (2012),educ,educ_3_Graduate School,original,(Intercept),2.222820246281256,0.27155913877914434,8.185400264098819,1.854779736296373e-10,1.6758720645846172,2.7697684279778945,45,47,1
berganS20,Bergan (2012),educ,educ_3_Graduate School,original,Z,-0.3910928328762915,0.33124104777036245,-1.180689517524477,0.2439292819083744,-1.0582465497270208,0.27606088397443795,45,47,0
berganS20,Bergan (2012),educ,educ_3_Less than College,mt,(Intercept),1.6794190262433923,0.07973943572883203,21.06133572294833,1.1006312129749309e-61,1.5225180601450523,1.8363199923417324,309,311,1
berganS20,Bergan (2012),educ,educ_3_Less than College,mt,Z,0.3188535294003086,0.11255017934336022,2.8329899717669265,0.004914624924897088,0.09739181836478084,0.5403152404358363,309,311,1
berganS20,Bergan (2012),educ,educ_3_Less than College,original,(Intercept),1.7436209239397549,0.10858567239410524,16.057559763606623,1.2827342594243049e-41,1.529876315829092,1.9573655320504177,281,283,1
berganS20,Bergan (2012),educ,educ_3_Less than College,original,Z,-0.19091683375316632,0.14652721633151108,-1.3029445213865645,0.19366039359987688,-0.4793471739793911,0.09751350647305845,281,283,0
berganS20,Bergan (2012),female,female_0,mt,(Intercept),1.8816287464057453,0.07674038662463441,24.51940665362408,6.764141815916682e-76,1.7306581452855276,2.032599347525963,325,327,1
berganS20,Bergan (2012),female,female_0,mt,Z,0.20532979164713866,0.1089468205990152,1.8846790619330354,0.0603653207561542,-0.009000207449972097,0.4196597907442494,325,327,0
berganS20,Bergan (2012),female,female_0,original,(Intercept),1.7103558981815798,0.12155436119861592,14.07070779950802,8.577898707551316e-32,1.470677757762142,1.9500340386010178,202,204,1
berganS20,Bergan (2012),female,female_0,original,Z,-0.03958233454366679,0.1639630043837142,-0.2414101564706285,0.8094821182260961,-0.36288087851002043,0.2837162094226869,202,204,0
berganS20,Bergan (2012),female,female_1,mt,(Intercept),1.6031422389721315,0.0788290813016442,20.336939267852326,1.5934788952846177e-55,1.4479119027973886,1.7583725751468744,258,260,1
berganS20,Bergan (2012),female,female_1,mt,Z,0.2916892039390564,0.11829681530388068,2.4657401231788496,0.014324290688765345,0.05873895125559847,0.5246394566225143,258,260,1
berganS20,Bergan (2012),female,female_1,original,(Intercept),1.7481031725719114,0.13725966035007386,12.735738731346574,2.9138482274525142e-27,1.477354624279462,2.018851720864361,190,192,1
berganS20,Bergan (2012),female,female_1,original,Z,-0.2206554475874373,0.1810151281429055,-1.21898898645221,0.22435961454883746,-0.577712889217898,0.13640199404302336,190,192,0
berganS20,Bergan (2012),ideo,ideo_3_Conservative,mt,(Intercept),2.0639087101248035,0.13656078005482675,15.113480673559279,1.0523117442351824e-28,1.7933044080479417,2.3345130122016653,111,113,1
berganS20,Bergan (2012),ideo,ideo_3_Conservative,mt,Z,-0.48343290987363446,0.18157386393378055,-2.662458678799395,0.008909834841806675,-0.8432336425984552,-0.1236321771488137,111,113,1
berganS20,Bergan (2012),ideo,ideo_3_Conservative,original,(Intercept),2.032899216399099,0.1677733266229279,12.1169393092387,7.23002867881795e-24,1.701339979982695,2.3644584528155033,147,149,1
berganS20,Bergan (2012),ideo,ideo_3_Conservative,original,Z,-0.719853037752338,0.21563572566337724,-3.338282817180674,0.0010680805869616476,-1.1459995413961177,-0.29370653410855835,147,149,1
berganS20,Bergan (2012),ideo,ideo_3_Liberal,mt,(Intercept),1.6417440150977949,0.06981402824225186,23.515961711892764,8.015709015814093e-73,1.504413401243457,1.7790746289521329,334,336,1
berganS20,Bergan (2012),ideo,ideo_3_Liberal,mt,Z,0.500678736353796,0.1042431291081294,4.802990284706933,2.3641533284121966e-6,0.2956229148956607,0.7057345578119313,334,336,1
berganS20,Bergan (2012),ideo,ideo_3_Liberal,original,(Intercept),1.4920358342014566,0.14624286332407116,10.202452278954194,1.2215120158729216e-17,1.202245837779029,1.781825830623884,111,113,1
berganS20,Bergan (2012),ideo,ideo_3_Liberal,original,Z,0.43844220423347996,0.21260361161584168,2.0622519104976975,0.04151826716259137,0.01715395502146494,0.859730453445495,111,113,1
berganS20,Bergan (2012),ideo,ideo_3_Moderate,mt,(Intercept),1.8000898707656303,0.11692716826006942,15.394966777625797,1.364935869483214e-31,1.5688592891004114,2.0313204524308492,136,138,1
berganS20,Bergan (2012),ideo,ideo_3_Moderate,mt,Z,0.24837655400322375,0.16669672755144818,1.489990581408183,0.13854224829717007,-0.08127635598324975,0.5780294639896972,136,138,0
berganS20,Bergan (2012),ideo,ideo_3_Moderate,original,(Intercept),1.6073155248635949,0.12360477147419656,13.003668917418242,2.1233860100897076e-25,1.3628130695541913,1.8518179801729984,132,134,1
berganS20,Bergan (2012),ideo,ideo_3_Moderate,original,Z,-0.012536342344986804,0.17847412334612323,-0.07024179253523766,0.9441075151949881,-0.36557579904937554,0.34050311435940195,132,134,0
berganS20,Bergan (2012),pid,pid_3_Democrat,mt,(Intercept),1.6425882730506292,0.06552876971289823,25.066673466437955,5.391267139672566e-82,1.5137361504179425,1.7714403956833158,373,375,1
berganS20,Bergan (2012),pid,pid_3_Democrat,mt,Z,0.5122221936406315,0.09816259564794343,5.218099524157834,3.006388411462604e-7,0.31920073348216305,0.7052436537990999,373,375,1
berganS20,Bergan (2012),pid,pid_3_Democrat,original,(Intercept),1.6754737555444406,0.130966770115007,12.793121141134826,6.699192060899548e-28,1.417251697085361,1.93369581400352,204,206,1
berganS20,Bergan (2012),pid,pid_3_Democrat,original,Z,0.16494338170130973,0.17546998005771625,0.9400091209166146,0.348324587006555,-0.18102391525873945,0.5109106786613589,204,206,0
berganS20,Bergan (2012),pid,pid_3_Independent,mt,(Intercept),1.6715486026113848,0.1474895825833574,11.33333333333334,1.842511715176684e-18,1.378144838993985,1.9649523662287847,82,84,1
berganS20,Bergan (2012),pid,pid_3_Independent,mt,Z,0.0958856624359888,0.20435653369497803,0.469207716055252,0.6401663562471372,-0.3106445823155362,0.5024159071875138,82,84,0
berganS20,Bergan (2012),pid,pid_3_Independent,original,(Intercept),0.8751221524199867,0.2957582975523143,2.9589098925117843,0.011944822458870975,0.23072017923246668,1.5195241256075067,12,14,1
berganS20,Bergan (2012),pid,pid_3_Independent,original,Z,0.8967080987471207,0.4437827071335815,2.020601714156486,0.06621471766256816,-0.07021135713998095,1.8636275546342222,12,14,0
berganS20,Bergan (2012),pid,pid_3_Republican,mt,(Intercept),2.147061464492156,0.12801777791616245,16.77158828595076,6.751916483377462e-34,1.8937180454639075,2.400404883520405,126,128,1
berganS20,Bergan (2012),pid,pid_3_Republican,mt,Z,-0.39137286783653286,0.1776029250876229,-2.2036397634973834,0.029366840193725863,-0.7428438354124799,-0.03990190026058582,126,128,1
berganS20,Bergan (2012),pid,pid_3_Republican,original,(Intercept),1.849789766335601,0.12301912723472024,15.036602908149447,2.7686719742381016e-33,1.606987967986171,2.0925915646850313,174,176,1
berganS20,Bergan (2012),pid,pid_3_Republican,original,Z,-0.541767931412616,0.1691660663617591,-3.2025804173636896,0.0016197596885700648,-0.8756495484880273,-0.20788631433720473,174,176,1
berganS20,Bergan (2012),white,white_0,mt,(Intercept),1.8099882439748693,0.1090326443802895,16.60042507693294,2.6705743799803265e-33,1.5941820988921158,2.025794389057623,124,126,1
berganS20,Bergan (2012),white,white_0,mt,Z,0.35846970560756497,0.17253017401351486,2.0777218110235305,0.0397984674172403,0.016984162668241987,0.699955248546888,124,126,1
berganS20,Bergan (2012),white,white_0,original,(Intercept),1.847989412173864,0.19910678863450407,9.281398313174432,1.8634528296101976e-15,1.4533662301144437,2.2426125942332846,109,111,1
berganS20,Bergan (2012),white,white_0,original,Z,-0.05639546173924895,0.26873411146627374,-0.20985598527683227,0.8341718257325016,-0.5890177340486236,0.4762268105701257,109,111,0
berganS20,Bergan (2012),white,white_1,mt,(Intercept),1.7363546313222595,0.06454272933747929,26.902404796723967,2.1618599584756223e-96,1.6095187607526105,1.8631905018919086,459,461,1
berganS20,Bergan (2012),white,white_1,mt,Z,0.22860916209004728,0.09137042439612685,2.5020039427521574,0.012696191637934263,0.049052960461130196,0.4081653637189644,459,461,1
berganS20,Bergan (2012),white,white_1,original,(Intercept),1.672132268373502,0.09589819022071495,17.436536232070676,9.531978833065851e-47,1.4833680042531752,1.860896532493829,283,285,1
berganS20,Bergan (2012),white,white_1,original,Z,-0.16506550008095774,0.12671850372016016,-1.3026156025759386,0.193765037487143,-0.41449591216810894,0.08436491200619345,283,285,0
brandtS1,Brandt (2013),age,age_3_18 - 39,mt,(Intercept),4.127177110252796,0.03731207689767242,110.612366113296,0,4.053973437639817,4.200380782865775,1208,1210,1
brandtS1,Brandt (2013),age,age_3_18 - 39,mt,Z,-0.7850264413656087,0.055272168052718465,-14.202924709174649,1.8727991986688345e-42,-0.8934665506052301,-0.6765863321259874,1208,1210,1
brandtS1,Brandt (2013),age,age_3_18 - 39,original,(Intercept),3.9003471623378654,0.148902320642658,26.193998491790342,4.970186909201703e-58,3.606146117458109,4.194548207217622,151,153,1
brandtS1,Brandt (2013),age,age_3_18 - 39,original,Z,-0.4435554068525941,0.19078415058302461,-2.3249069982863677,0.021408913309193936,-0.8205065262560527,-0.06660428744913544,151,153,1
brandtS1,Brandt (2013),age,age_3_40 - 59,mt,(Intercept),4.414924015993309,0.062000864211604396,71.2074593174298,2.426575977859768e-193,4.2929251632013585,4.536922868785259,308,310,1
brandtS1,Brandt (2013),age,age_3_40 - 59,mt,Z,-0.7962247390288839,0.10016254683856561,-7.949326012168785,3.57984622787496e-14,-0.9933141822553531,-0.5991352958024148,308,310,1
brandtS1,Brandt (2013),age,age_3_40 - 59,original,(Intercept),4.150974160782092,0.09942119205144889,41.751402041468474,1.4999657995706706e-119,3.9552315331795396,4.346716788384645,269,271,1
brandtS1,Brandt (2013),age,age_3_40 - 59,original,Z,-0.3658724611504098,0.14252564401676468,-2.5670640794113777,0.010797585806570293,-0.6464800809640068,-0.08526484133681278,269,271,1
brandtS1,Brandt (2013),age,age_3_More than 60,mt,(Intercept),4.531013087441593,0.14744367442308243,30.73046778826247,3.950813830965714e-34,4.234863751657493,4.827162423225693,50,52,1
brandtS1,Brandt (2013),age,age_3_More than 60,mt,Z,-0.5143878441465478,0.2475440646399845,-2.077964765160689,0.04286661392442286,-1.0115947308256483,-0.017180957467447244,50,52,1
brandtS1,Brandt (2013),age,age_3_More than 60,original,(Intercept),4.257064633688858,0.10157066025408379,41.91234578016535,1.065507283547889e-100,4.056771705496846,4.457357561880869,199,201,1
brandtS1,Brandt (2013),age,age_3_More than 60,original,Z,-0.46836616766276357,0.1742421551232347,-2.6880186791279432,0.007796619643673857,-0.8119641257425552,-0.12476820958297197,199,201,1
brandtS1,Brandt (2013),educ,educ_3_College,mt,(Intercept),4.188166712113654,0.04975160263295919,84.18154371853538,0,4.090452854011785,4.285880570215523,584,586,1
brandtS1,Brandt (2013),educ,educ_3_College,mt,Z,-0.7753880684688933,0.07714686859395749,-10.050804168733627,4.982683491985377e-22,-0.9269071708063036,-0.623868966131483,584,586,1
brandtS1,Brandt (2013),educ,educ_3_College,original,(Intercept),4.292051462586559,0.18678050953779582,22.979118502287008,2.190562376738882e-43,3.9218200893820345,4.662282835791084,108,110,1
brandtS1,Brandt (2013),educ,educ_3_College,original,Z,-0.5969140777332993,0.23075412158563413,-2.5867970358734467,0.011017036961975469,-1.0543087787043104,-0.13951937676228826,108,110,1
brandtS1,Brandt (2013),educ,educ_3_Graduate School,mt,(Intercept),4.224546396368487,0.09604355427869468,43.98573572266907,9.971499804401226e-89,4.034803680716817,4.414289112020156,153,155,1
brandtS1,Brandt (2013),educ,educ_3_Graduate School,mt,Z,-0.5799920721435651,0.15239747248199378,-3.805785376211491,2.0398367844737922e-4,-0.88106704281027,-0.27891710147686005,153,155,1
brandtS1,Brandt (2013),educ,educ_3_Graduate School,original,(Intercept),3.7924876419327456,0.26934637203431866,14.080336829075712,3.981195236686858e-21,3.2542418667156916,4.3307334171497995,63,65,1
brandtS1,Brandt (2013),educ,educ_3_Graduate School,original,Z,0.1539749476411324,0.3005101444923484,0.5123785351780459,0.6101778347061114,-0.4465466575366934,0.7544965528189582,63,65,0
brandtS1,Brandt (2013),educ,educ_3_Less than College,mt,(Intercept),4.195061575981919,0.04624610686232738,90.71166981623843,0,4.1042883438373385,4.285834808126499,829,831,1
brandtS1,Brandt (2013),educ,educ_3_Less than College,mt,Z,-0.809897173948255,0.0673858554936755,-12.018800800477601,8.678265776166978e-31,-0.9421641325962147,-0.6776302153002953,829,831,1
brandtS1,Brandt (2013),educ,educ_3_Less than College,original,(Intercept),4.070959140038071,0.08339815989917744,48.81353671303512,1.8760038514622283e-181,3.907058961094357,4.234859318981785,448,450,1
brandtS1,Brandt (2013),educ,educ_3_Less than College,original,Z,-0.427750857285997,0.1203046317181899,-3.5555643301248026,4.173035351044373e-4,-0.6641823407888292,-0.19131937378316483,448,450,1
brandtS1,Brandt (2013),female,female_0,mt,(Intercept),4.086382874335996,0.04614230360092375,88.56044357209309,0,3.9958045273313507,4.176961221340641,777,779,1
brandtS1,Brandt (2013),female,female_0,mt,Z,-0.713534791626113,0.06742050116027039,-10.58335045492936,1.5187248284415494e-24,-0.8458827039050266,-0.5811868793471994,777,779,1
brandtS1,Brandt (2013),female,female_0,original,(Intercept),3.9497665068079053,0.11619216665230031,33.99339749492235,2.018045844863575e-106,3.72113856337974,4.178394450236071,309,311,1
brandtS1,Brandt (2013),female,female_0,original,Z,-0.302050964965421,0.15601915704875036,-1.935986392177731,0.05378121459961646,-0.6090453178480346,0.004943387917192621,309,311,0
brandtS1,Brandt (2013),female,female_1,mt,(Intercept),4.299204722257137,0.04376527125821493,98.23324747359261,0,4.213294913670822,4.3851145308434525,791,793,1
brandtS1,Brandt (2013),female,female_1,mt,Z,-0.8303602927337698,0.068421533499228665,-12.135949755395801,3.334202943662747e-31,-0.9646695447299521,-0.6960510407375874,791,793,1
brandtS1,Brandt (2013),female,female_1,original,(Intercept),4.2025399405711585,0.08977567355589057,46.811566809964766,4.0060002041592124e-143,4.02589763973196,4.379182241410357,312,314,1
brandtS1,Brandt (2013),female,female_1,original,Z,-0.49107642129924745,0.12780608293886836,-3.8423556219474855,1.476435251909718e-4,-0.7425472224346155,-0.23960562016387937,312,314,1
brandtS1,Brandt (2013),pid,pid_3_Democrat,mt,(Intercept),4.102046991076229,0.04249171258573598,96.53757736404445,0,4.018666499187334,4.185427482965124,1027,1029,1
brandtS1,Brandt (2013),pid,pid_3_Democrat,mt,Z,-0.7675620879612953,0.060398272618235105,-12.70834503517833,1.8020861711613728e-34,-0.8860802029934148,-0.6490439729291758,1027,1029,1
brandtS1,Brandt (2013),pid,pid_3_Democrat,original,(Intercept),4.029168695479778,0.0940141455641768,42.85704742941423,4.3802049226277855e-135,3.8442091590623186,4.214128231897237,322,324,1
brandtS1,Brandt (2013),pid,pid_3_Democrat,original,Z,-0.5313839074284382,0.1404488864865722,-3.783468283169635,1.843802711599296e-4,-0.8076972300568065,-0.25507058480006994,322,324,1
brandtS1,Brandt (2013),pid,pid_3_Independent,mt,(Intercept),4.266750584842217,0.08261581822414908,51.64568573618534,1.848029047315625e-107,4.103692451624771,4.429808718059664,174,176,1
brandtS1,Brandt (2013),pid,pid_3_Independent,mt,Z,-0.7228607392929246,0.1380417736280586,-5.236536160717618,4.679530166075968e-7,-0.9953126062313692,-0.45040887235448,174,176,1
brandtS1,Brandt (2013),pid,pid_3_Independent,original,(Intercept),3.1413199050470824,0.5092458039424734,6.168572977386652,2.2543621401206406e-6,2.0902882227751043,4.19235158731906,24,26,1
brandtS1,Brandt (2013),pid,pid_3_Independent,original,Z,0.4871030927813684,0.5391447923346329,0.9034736117399729,0.37525405180533267,-0.6256370686273207,1.5998432541900576,24,26,0
brandtS1,Brandt (2013),pid,pid_3_Republican,mt,(Intercept),4.402476566775166,0.05393578447256544,81.62440965356676,1.6173569536123015e-236,4.2964126774163685,4.508540456133964,365,367,1
brandtS1,Brandt (2013),pid,pid_3_Republican,mt,Z,-0.7803765428817354,0.09595437775910562,-8.132787279814144,6.62917541118277e-15,-0.969069348699936,-0.5916837370635348,365,367,1
brandtS1,Brandt (2013),pid,pid_3_Republican,original,(Intercept),4.210234570248057,0.1203689923164835,34.97773379358515,7.368508432622424e-103,3.9732651437913913,4.447203996704721,273,275,1
brandtS1,Brandt (2013),pid,pid_3_Republican,original,Z,-0.3263011298126758,0.15415828998924921,-2.116662878366331,0.03519323201456674,-0.6297912634364835,-0.02281099618886806,273,275,1
brandtS1,Brandt (2013),white,white_0,mt,(Intercept),4.016312689778332,0.0769132895189977,52.21870907999972,7.196089144988812e-166,3.8650347165100873,4.167590663046577,345,347,1
brandtS1,Brandt (2013),white,white_0,mt,Z,-0.6637290455466139,0.11271556672915416,-5.888530438226851,9.247189154788598e-9,-0.8854252257152743,-0.4420328653779536,345,347,1
brandtS1,Brandt (2013),white,white_0,original,(Intercept),3.7500978175298805,0.14105770752353877,26.585557665497216,2.141472441493109e-60,3.4715093793892295,4.028686255670531,159,161,1
brandtS1,Brandt (2013),white,white_0,original,Z,-0.3846299864850247,0.1982720073609342,-1.9399106893836233,0.054160220154592195,-0.7762164501206741,0.006956477150624585,159,161,0
brandtS1,Brandt (2013),white,white_1,mt,(Intercept),4.248758223541316,0.0343247967929951,123.78101607314947,0,4.181416212912999,4.316100234169633,1223,1225,1
brandtS1,Brandt (2013),white,white_1,mt,Z,-0.8099448692323599,0.05267651833948876,-15.375823892012765,6.566564396624827e-49,-0.9132912249085139,-0.7065985135562058,1223,1225,1
brandtS1,Brandt (2013),white,white_1,original,(Intercept),4.228184376861238,0.08360980644965306,50.57043612949044,1.892048389730579e-190,4.063881741191338,4.392487012531138,462,464,1
brandtS1,Brandt (2013),white,white_1,original,Z,-0.40967886460527336,0.11264368809687775,-3.6369447017123084,3.069537125102445e-4,-0.6310363300963557,-0.188321399114191,462,464,1
caprarielloS2,Caprariello and Reis (2013),age,age_3_18 - 39,mt,(Intercept),3.478101063884444,0.04162143894351413,83.56513258959387,0,3.396424889471449,3.559777238297439,992,994,1
caprarielloS2,Caprariello and Reis (2013),age,age_3_18 - 39,mt,Z,-0.14066558319311057,0.06165604066801915,-2.2814566369986435,0.022732624997813554,-0.2616568237422451,-0.019674342643976037,992,994,1
caprarielloS2,Caprariello and Reis (2013),age,age_3_18 - 39,original,(Intercept),3.2554410736488566,0.19922356244530742,16.340642811979475,9.273236578946643e-32,2.860817538791606,3.6500646085061073,115,117,1
caprarielloS2,Caprariello and Reis (2013),age,age_3_18 - 39,original,Z,-0.41774769151208235,0.28143614789858334,-1.4843426995121445,0.1404538517229839,-0.9752185356088314,0.13972315258466672,115,117,0
caprarielloS2,Caprariello and Reis (2013),age,age_3_40 - 59,mt,(Intercept),3.441426809484758,0.08112336165158525,42.422142517531,3.1011747518305003e-113,3.2816187026268477,3.6012349163426687,239,241,1
caprarielloS2,Caprariello and Reis (2013),age,age_3_40 - 59,mt,Z,-0.06519153477588173,0.1269207291625171,-0.5136397750473565,0.6079783840816424,-0.31521768058083777,0.18483461102907428,239,241,0
caprarielloS2,Caprariello and Reis (2013),age,age_3_40 - 59,original,(Intercept),3.314635423948776,0.12216163625830036,27.13319439288012,2.567611763512096e-59,3.073229066682089,3.556041781215463,148,150,1
caprarielloS2,Caprariello and Reis (2013),age,age_3_40 - 59,original,Z,-0.15142770178045528,0.23476103248014535,-0.6450291182513951,0.5199069498295537,-0.6153442586884559,0.3124888551275453,148,150,0
caprarielloS2,Caprariello and Reis (2013),age,age_3_More than 60,mt,(Intercept),3.4202932899694947,0.21145663409253965,16.174915980515767,2.2611435096471797e-20,2.9943977666423733,3.846188813296616,45,47,1
caprarielloS2,Caprariello and Reis (2013),age,age_3_More than 60,mt,Z,-0.1944166712193189,0.2887688008089689,-0.6732606523788996,0.5042247279711002,-0.7760268915317213,0.38719354909308346,45,47,0
caprarielloS2,Caprariello and Reis (2013),age,age_3_More than 60,original,(Intercept),3.4780289558794646,0.13865978426837733,25.083184531339718,1.1712928147594732e-51,3.2037071556593975,3.7523507560995317,130,132,1
caprarielloS2,Caprariello and Reis (2013),age,age_3_More than 60,original,Z,-0.07330238537072911,0.19954535847401839,-0.3673469828178107,0.7139575445554336,-0.4680790125736265,0.32147424183216833,130,132,0
caprarielloS2,Caprariello and Reis (2013),educ,educ_3_College,mt,(Intercept),3.4751334355470545,0.059144174563966284,58.756985978197875,1.5713597481224389e-211,3.358896130420972,3.591370740673137,444,446,1
caprarielloS2,Caprariello and Reis (2013),educ,educ_3_College,mt,Z,-0.07055058365589781,0.0878036364057232,-0.803504120602677,0.4221133615105981,-0.24311293914254847,0.10201177183075286,444,446,0
caprarielloS2,Caprariello and Reis (2013),educ,educ_3_College,original,(Intercept),3.4131360616114095,0.2115818778950244,16.131514171099404,2.0744485002866703e-26,2.9918227172684135,3.8344494059544054,77,79,1
caprarielloS2,Caprariello and Reis (2013),educ,educ_3_College,original,Z,-0.49174955287213196,0.30132183512066946,-1.6319745055156805,0.10676822632017997,-1.0917579814826592,0.10825887573839532,77,79,0
caprarielloS2,Caprariello and Reis (2013),educ,educ_3_Graduate School,mt,(Intercept),3.4034549230034883,0.1188429425820205,28.638258604666948,9.374476733346756e-58,3.168321250465499,3.6385885955414774,129,131,1
caprarielloS2,Caprariello and Reis (2013),educ,educ_3_Graduate School,mt,Z,-0.1821605153594941,0.1750534442101892,-1.0405994362542865,0.30000788070682427,-0.5285080420471491,0.16418701132816085,129,131,0
caprarielloS2,Caprariello and Reis (2013),educ,educ_3_Graduate School,original,(Intercept),3.5535574149772557,0.19895949309745753,17.860708024806815,1.0773672389120889e-25,3.15557917426535,3.9515356556891614,60,62,1
caprarielloS2,Caprariello and Reis (2013),educ,educ_3_Graduate School,original,Z,-0.7749894559513982,0.36211558300129915,-2.1401715152054583,0.036415948091186034,-1.499328467946321,-0.050650443956475555,60,62,1
caprarielloS2,Caprariello and Reis (2013),educ,educ_3_Less than College,mt,(Intercept),3.47644145727304,0.05055520184677653,68.76525718974462,2.422661936e-314,3.3771841949565364,3.575698719589544,703,705,1
caprarielloS2,Caprariello and Reis (2013),educ,educ_3_Less than College,mt,Z,-0.1498965961985313,0.07525703437418416,-1.9917951517094483,0.04677998388349709,-0.29765205813259993,-0.002141134264462663,703,705,1
caprarielloS2,Caprariello and Reis (2013),educ,educ_3_Less than College,original,(Intercept),3.282232176624896,0.11258835539289135,29.152501297058038,2.5986264412539714e-83,3.0605148680704,3.503949485179392,256,258,1
caprarielloS2,Caprariello and Reis (2013),educ,educ_3_Less than College,original,Z,-0.0867486795781666,0.17637456477005908,-0.49184347919588933,0.6232514660887587,-0.4340785047792297,0.26058114562289647,256,258,0
caprarielloS2,Caprariello and Reis (2013),female,female_0,mt,(Intercept),3.4070266978144703,0.05112471134870333,66.64148526094088,2.875317311882463e-283,3.3066261943555735,3.507427201273367,614,616,1
caprarielloS2,Caprariello and Reis (2013),female,female_0,mt,Z,-0.06183635141492659,0.07778869904907368,-0.7949271831364166,0.42696302425016985,-0.2146005302612427,0.09092782743138954,614,616,0
caprarielloS2,Caprariello and Reis (2013),female,female_0,original,(Intercept),3.3338109896792023,0.1311427493076998,25.421237600083344,3.7111166590288514e-66,3.075293137526824,3.5923288418315806,211,213,1
caprarielloS2,Caprariello and Reis (2013),female,female_0,original,Z,-0.3069150579379352,0.19426202611589882,-1.5799024857015873,0.11562710132651736,-0.6898580876621319,0.07602797178626136,211,213,0
caprarielloS2,Caprariello and Reis (2013),female,female_1,mt,(Intercept),3.5325821640175596,0.052085506792744214,67.82274727736099,1.0112555068908346e-300,3.430310026927602,3.6348543011075174,664,666,1
caprarielloS2,Caprariello and Reis (2013),female,female_1,mt,Z,-0.19445454043927626,0.07628075895028405,-2.5491951458691164,0.01102093192331112,-0.3442350977780453,-0.04467398310050727,664,666,1
caprarielloS2,Caprariello and Reis (2013),female,female_1,original,(Intercept),3.3354917129585,0.12944687566239524,25.76726317951196,5.949817432710993e-63,3.0801007238785263,3.5908827020384737,184,186,1
caprarielloS2,Caprariello and Reis (2013),female,female_1,original,Z,-0.16952432473630047,0.21884315397375215,-0.7746384643891262,0.43954760766717893,-0.6012888556354727,0.26224020616287186,184,186,0
caprarielloS2,Caprariello and Reis (2013),ideo,ideo_3_Conservative,mt,(Intercept),3.4824804406962064,0.07982863525809819,43.624451669965474,1.283462430913497e-121,3.3252874798821894,3.6396734015102234,260,262,1
caprarielloS2,Caprariello and Reis (2013),ideo,ideo_3_Conservative,mt,Z,-0.10242589531459387,0.12499722783067023,-0.8194253352030092,0.41329427933507756,-0.3485616869728138,0.14370989634362608,260,262,0
caprarielloS2,Caprariello and Reis (2013),ideo,ideo_3_Conservative,original,(Intercept),3.3801133187174797,0.1150662289471352,29.375372336833973,2.1586131003750828e-63,3.152715604343176,3.6075110330917832,147,149,1
caprarielloS2,Caprariello and Reis (2013),ideo,ideo_3_Conservative,original,Z,-0.11386841625471361,0.20747621656079931,-0.5488263577495175,0.5839572593638835,-0.5238898262257442,0.296152993716317,147,149,0
caprarielloS2,Caprariello and Reis (2013),ideo,ideo_3_Liberal,mt,(Intercept),3.4294650261660595,0.04740482497588415,72.34421871424907,0,3.336396609720309,3.52253344261181,719,721,1
caprarielloS2,Caprariello and Reis (2013),ideo,ideo_3_Liberal,mt,Z,-0.07098199510069807,0.07062801436158678,-1.005011902745829,0.3152292207506552,-0.20964377597816247,0.06767978577676632,719,721,0
caprarielloS2,Caprariello and Reis (2013),ideo,ideo_3_Liberal,original,(Intercept),3.3576453004580267,0.15546734114510033,21.597110208016478,9.820415607257358e-42,3.0496066925793657,3.6656839083366877,112,114,1
caprarielloS2,Caprariello and Reis (2013),ideo,ideo_3_Liberal,original,Z,-0.5838669839971863,0.30151371716009995,-1.936452475517591,0.055331856972128036,-1.1812777649767945,0.01354379698242203,112,114,0
caprarielloS2,Caprariello and Reis (2013),ideo,ideo_3_Moderate,mt,(Intercept),3.550590177206432,0.08123450635167451,43.70790611855848,2.162227538736785e-131,3.3907220070142667,3.710458347398597,297,299,1
caprarielloS2,Caprariello and Reis (2013),ideo,ideo_3_Moderate,mt,Z,-0.2806097765592771,0.11724914596614253,-2.393277786776438,0.0173193560406282,-0.5113541641850767,-0.0498653889334775,297,299,1
caprarielloS2,Caprariello and Reis (2013),ideo,ideo_3_Moderate,original,(Intercept),3.285076286562797,0.17562208303149038,18.70537138529303,3.5051861218426354e-39,2.9377264070542015,3.632426166071393,134,136,1
caprarielloS2,Caprariello and Reis (2013),ideo,ideo_3_Moderate,original,Z,-0.1330636200805389,0.2476155428562755,-0.5373799178582807,0.5918964731248161,-0.6228040188444044,0.35667677868332665,134,136,0
caprarielloS2,Caprariello and Reis (2013),pid,pid_3_Democrat,mt,(Intercept),3.4486109301757186,0.046623210859684266,73.967684048071,0,3.3570916087090845,3.5401302516423527,794,796,1
caprarielloS2,Caprariello and Reis (2013),pid,pid_3_Democrat,mt,Z,-0.07611515656226017,0.0680340145231348,-1.1187809082819506,0.2635719694250878,-0.20966294812357686,0.057432634999056514,794,796,0
caprarielloS2,Caprariello and Reis (2013),pid,pid_3_Democrat,original,(Intercept),3.3464825305895864,0.13893619163799995,24.086470854972692,2.406426602476516e-60,3.0724720105733145,3.6204930506058584,195,197,1
caprarielloS2,Caprariello and Reis (2013),pid,pid_3_Democrat,original,Z,-0.487145965028084,0.21439816414934976,-2.2721554867827045,0.02416834191655578,-0.9099828929479479,-0.06430903710822006,195,197,1
caprarielloS2,Caprariello and Reis (2013),pid,pid_3_Independent,mt,(Intercept),3.4202932899694916,0.10975172093692981,31.163914886901917,1.31396728344394e-69,3.203534056774343,3.6370525231646402,159,161,1
caprarielloS2,Caprariello and Reis (2013),pid,pid_3_Independent,mt,Z,-0.239420530297865,0.16457288571143736,-1.4547993690629315,0.14769614813193643,-0.5644513563021677,0.08561029570643772,159,161,0
caprarielloS2,Caprariello and Reis (2013),pid,pid_3_Independent,original,(Intercept),3.181799800648939,0.3486374889146735,9.126384573713073,1.0361094059634683e-11,2.4791671102548087,3.884432491043069,44,46,1
caprarielloS2,Caprariello and Reis (2013),pid,pid_3_Independent,original,Z,4.418875555865573e-4,0.43324400655118706,0.00101995076424525,0.9991908075496745,-0.8727040350697775,0.8735878101809507,44,46,0
caprarielloS2,Caprariello and Reis (2013),pid,pid_3_Republican,mt,(Intercept),3.5377904241660865,0.06968026209987592,50.771772630464696,5.160717241836999e-156,3.400705963408877,3.674874884923296,323,325,1
caprarielloS2,Caprariello and Reis (2013),pid,pid_3_Republican,mt,Z,-0.18899229716112237,0.10862881443819279,-1.7397989487278671,0.0828468484195293,-0.4027016317874792,0.024717037465234487,323,325,0
caprarielloS2,Caprariello and Reis (2013),pid,pid_3_Republican,original,(Intercept),3.358695590908431,0.11108186423094867,30.23621915387931,1.1823682249749765e-66,3.139254694633784,3.578136487183078,154,156,1
caprarielloS2,Caprariello and Reis (2013),pid,pid_3_Republican,original,Z,0.052734748250775974,0.21028590217029092,0.2507764320219195,0.8023212401864425,-0.3626825403016674,0.4681520368032193,154,156,0
caprarielloS2,Caprariello and Reis (2013),white,white_0,mt,(Intercept),3.373512504326035,0.08423536901563096,40.04864635542864,8.793417564255833e-125,3.207769212078987,3.539255796573083,311,313,1
caprarielloS2,Caprariello and Reis (2013),white,white_0,mt,Z,-0.06405403489226644,0.11745105826683917,-0.545367882056379,0.5858914389037331,-0.29515321926734134,0.16704514948280846,311,313,0
caprarielloS2,Caprariello and Reis (2013),white,white_0,original,(Intercept),3.2297470300728706,0.23316282560659995,13.851895222449425,6.632139133938674e-25,2.7671013990244675,3.6923926611212736,99,101,1
caprarielloS2,Caprariello and Reis (2013),white,white_0,original,Z,-0.1272793230657273,0.30418438072710124,-0.41842820055877833,0.6765403785757198,-0.7308471277122583,0.4762884815808037,99,101,0
caprarielloS2,Caprariello and Reis (2013),white,white_1,mt,(Intercept),3.498550710478349,0.04002563764023387,87.40774455424533,0,3.420003589312729,3.5770978316439686,967,969,1
caprarielloS2,Caprariello and Reis (2013),white,white_1,mt,Z,-0.1466632863082257,0.06135242418172952,-2.3905051554898686,0.01701571472969841,-0.2670625248993101,-0.026264047717141317,967,969,1
caprarielloS2,Caprariello and Reis (2013),white,white_1,original,(Intercept),3.3832579703627688,0.07993964694811015,42.32265339574098,1.426832386165137e-127,3.225935887612308,3.5405800531132297,296,298,1
caprarielloS2,Caprariello and Reis (2013),white,white_1,original,Z,-0.28905964809572476,0.16123520279798456,-1.7927824884364396,0.0740286658072861,-0.6063722568608991,0.028252960669449656,296,298,0
converseS16,Epley et al. (2009),age,age_3_18 - 39,mt,(Intercept),1.0498163599648531,0.04517966689714334,23.236478532585902,4.622448517116245e-89,0.9611131230126313,1.138519596917075,703,705,1
converseS16,Epley et al. (2009),age,age_3_18 - 39,mt,Z,0.09975762669364346,0.06656138946889667,1.498731133614015,0.13439229126356167,-0.030925291251950843,0.23044054463923777,703,705,0
converseS16,Epley et al. (2009),age,age_3_18 - 39,original,(Intercept),1.4915845251902107,0.105891745055444,14.085937713173296,1.3006498778242089e-30,1.28259525753069,1.7005737928497313,175,177,1
converseS16,Epley et al. (2009),age,age_3_18 - 39,original,Z,0.23585950241814496,0.1650315208975004,1.4291785056300559,0.15473554807890402,-0.08984876384044677,0.5615677686767366,175,177,0
converseS16,Epley et al. (2009),age,age_3_40 - 59,mt,(Intercept),1.4681339899891632,0.11799700543533864,12.442129226692012,5.383158039048251e-25,1.2350202488514872,1.7012477311268392,153,155,1
converseS16,Epley et al. (2009),age,age_3_40 - 59,mt,Z,-0.15348932891841643,0.1614092709509561,-0.9509325456593746,0.3431383759121398,-0.47236792136118255,0.16538926352434968,153,155,0
converseS16,Epley et al. (2009),age,age_3_40 - 59,original,(Intercept),1.4863150392351514,0.11745151900608704,12.654711082605255,1.0356933949016595e-27,1.2547926068207773,1.7178374716495255,212,214,1
converseS16,Epley et al. (2009),age,age_3_40 - 59,original,Z,0.29553657448465387,0.17175284598100368,1.7207084563672441,0.08676278076212912,-0.04302555746659409,0.6340987064359018,212,214,0
converseS16,Epley et al. (2009),age,age_3_More than 60,mt,(Intercept),1.278697346119592,0.23985439702303235,5.331139899831827,8.309127848583455e-6,0.789511078213815,1.767883614025369,31,33,1
converseS16,Epley et al. (2009),age,age_3_More than 60,mt,Z,0.17550747887915982,0.3312196106544407,0.5298825106773815,0.599968349817591,-0.500019370760755,0.8510343285190747,31,33,0
converseS16,Epley et al. (2009),age,age_3_More than 60,original,(Intercept),1.6395611511929398,0.15654585121697126,10.47336060615571,1.9790761942245798e-18,1.3294739485738325,1.949648353812047,115,117,1
converseS16,Epley et al. (2009),age,age_3_More than 60,original,Z,0.3543462145973579,0.24769617148244708,1.4305679917320342,0.15526565691780445,-0.13629222977764038,0.8449846589723562,115,117,0
converseS16,Epley et al. (2009),educ,educ_3_College,mt,(Intercept),1.0594920867848066,0.06516369498792914,16.25893201699299,1.6179048695203476e-43,0.9312778238402487,1.1877063497293645,313,315,1
converseS16,Epley et al. (2009),educ,educ_3_College,mt,Z,0.19180460191793866,0.10563480448426252,1.8157330138904524,0.07036806510056079,-0.016039483669151644,0.39964868750502897,313,315,0
converseS16,Epley et al. (2009),educ,educ_3_College,original,(Intercept),1.6187042276771897,0.21559131901254594,7.508206893910196,3.9445852094559475e-11,1.1904585568996922,2.0469498984546872,91,93,1
converseS16,Epley et al. (2009),educ,educ_3_College,original,Z,0.07434129282272738,0.27340848586737476,0.27190557961975226,0.7863105640210681,-0.46875107732841137,0.6174336629738661,91,93,0
converseS16,Epley et al. (2009),educ,educ_3_Graduate School,mt,(Intercept),1.0996797176628494,0.12364789707664026,8.893638659954231,6.236879947447042e-14,0.8539939799328203,1.3453654553928787,89,91,1
converseS16,Epley et al. (2009),educ,educ_3_Graduate School,mt,Z,0.21020536860600117,0.19769045758162954,1.0633055898472188,0.2905199524317098,-0.18260135970434668,0.603012096916349,89,91,0
converseS16,Epley et al. (2009),educ,educ_3_Graduate School,original,(Intercept),1.295757831271231,0.21019201103327534,6.164638821910794,9.892951485786356e-8,0.8741660468934298,1.7173496156490322,53,55,1
converseS16,Epley et al. (2009),educ,educ_3_Graduate School,original,Z,0.6567584632958152,0.3267981716379175,2.0096760639881537,0.049568715144023126,0.0012843392558606892,1.3122325873357696,53,55,1
converseS16,Epley et al. (2009),educ,educ_3_Less than College,mt,(Intercept),1.179616996200966,0.06198829825402837,19.029672203080803,1.0159675706917532e-60,1.0578182167846348,1.301415775617297,485,487,1
converseS16,Epley et al. (2009),educ,educ_3_Less than College,mt,Z,-0.037511515883082915,0.08266979654410136,-0.45375115763193963,0.6502109069743465,-0.1999466947357887,0.12492366296962287,485,487,0
converseS16,Epley et al. (2009),educ,educ_3_Less than College,original,(Intercept),1.5400081334367086,0.07836399412105631,19.6519862305348,7.5609334728896935e-59,1.3858965215715024,1.6941197453019148,358,360,1
converseS16,Epley et al. (2009),educ,educ_3_Less than College,original,Z,0.28868986997773466,0.12515509210960404,2.3066570054130575,0.02164431094655153,0.042558299037723124,0.5348214409177462,358,360,1
converseS16,Epley et al. (2009),female,female_0,mt,(Intercept),1.0476721953500845,0.05339186361240771,19.622319291110422,2.061150846819696e-63,0.9427620866522324,1.1525823040479366,481,483,1
converseS16,Epley et al. (2009),female,female_0,mt,Z,0.11620334826080808,0.07808367829295046,1.4881899879875298,0.13735608391720436,-0.03722390868434694,0.2696306052059631,481,483,0
converseS16,Epley et al. (2009),female,female_0,original,(Intercept),1.490685793280561,0.09432904691818339,15.803040971817644,9.12916906010557e-40,1.3049294971052885,1.6764420894558336,257,259,1
converseS16,Epley et al. (2009),female,female_0,original,Z,0.45301707517542783,0.14696826788513398,3.0824141952158848,0.002276852156329742,0.16360165129950627,0.7424324990513493,257,259,1
converseS16,Epley et al. (2009),female,female_1,mt,(Intercept),1.209310668423181,0.06648047220079073,18.190464483626172,1.4240696371098252e-54,1.078623664101146,1.3399976727452159,408,410,1
converseS16,Epley et al. (2009),female,female_1,mt,Z,0.019113106823334114,0.09588847561429235,0.199326422710231,0.842106709631511,-0.16938401439430545,0.20761022804097368,408,410,0
converseS16,Epley et al. (2009),female,female_1,original,(Intercept),1.5535151269431013,0.10391788007777394,14.949449755715028,2.0111453747173644e-36,1.3488369370145523,1.7581933168716504,247,249,1
converseS16,Epley et al. (2009),female,female_1,original,Z,0.12864420921059058,0.1539378533062746,0.8356892502238562,0.40413740225590844,-0.1745540580426854,0.43184247646386653,247,249,0
converseS16,Epley et al. (2009),white,white_0,mt,(Intercept),1.1178549126454282,0.08328085692264235,13.422711460375313,1.601443383517725e-29,0.9536080692294856,1.282101756061371,195,197,1
converseS16,Epley et al. (2009),white,white_0,mt,Z,0.1280553220351988,0.12908076324944776,0.9920558169286053,0.3223997058672724,-0.12651828218618463,0.3826289262565822,195,197,0
converseS16,Epley et al. (2009),white,white_0,original,(Intercept),1.3596654934251002,0.11656626715220922,11.66431358438959,5.248278927237015e-21,1.1286816534399704,1.59064933341023,111,113,1
converseS16,Epley et al. (2009),white,white_0,original,Z,0.3946906779141915,0.20548872665581477,1.9207412705188556,0.05732971020963982,-0.012498951780622047,0.8018803076090051,111,113,0
converseS16,Epley et al. (2009),white,white_1,mt,(Intercept),1.126383733325326,0.04913803839899822,22.922846943525723,5.188872840184421e-87,1.0299066929504948,1.2228607737001571,694,696,1
converseS16,Epley et al. (2009),white,white_1,mt,Z,0.05216730679444931,0.06960536004811,0.7494725515160354,0.45382640385214856,-0.08449502956375313,0.18882964315265174,694,696,0
converseS16,Epley et al. (2009),white,white_1,original,(Intercept),1.5985388513597625,0.08710671115633332,18.351500477280233,8.960210455014046e-55,1.4272854357429055,1.7697922669766195,393,395,1
converseS16,Epley et al. (2009),white,white_1,original,Z,0.23339395824729567,0.12488753809499323,1.8688330461744644,0.06238970982643498,-0.01213726641762411,0.4789251829122154,393,395,0
death_penalty,Peffley and Hurwitz (2007),age,age_3_18 - 39,mt,(Intercept),2.004673809590003,0.03717395106577095,53.92684264428022,6.353816929549037e-292,1.9317216500595065,2.0776259691204992,954,956,1
death_penalty,Peffley and Hurwitz (2007),age,age_3_18 - 39,mt,Z,-0.1109325081804104,0.05383476319049226,-2.0606110551258476,0.039610817661516654,-0.2165807408799882,-0.005284275480832601,954,956,1
death_penalty,Peffley and Hurwitz (2007),age,age_3_18 - 39,original,(Intercept),2.2367508753298644,0.0931187586532828,24.02041122195533,3.2226583823390513e-78,2.053658314046114,2.419843436613615,380,382,1
death_penalty,Peffley and Hurwitz (2007),age,age_3_18 - 39,original,Z,-0.3841359688223386,0.1383443775644025,-2.7766648387536708,0.005763886911000314,-0.6561523358122102,-0.11211960183246694,380,382,1
death_penalty,Peffley and Hurwitz (2007),age,age_3_40 - 59,mt,(Intercept),2.079796322875683,0.07348659388833632,28.301710731564945,3.2728358653878024e-82,1.9351069276438209,2.2244857181075455,266,268,1
death_penalty,Peffley and Hurwitz (2007),age,age_3_40 - 59,mt,Z,-0.048246058900564215,0.11099818644751544,-0.434656280833714,0.6641643357078931,-0.2667928661362927,0.17030074833516426,266,268,0
death_penalty,Peffley and Hurwitz (2007),age,age_3_40 - 59,original,(Intercept),2.2636047466154183,0.11247741415681155,20.12497143168308,2.0188691730246626e-61,2.0424315436028,2.4847779496280364,371,373,1
death_penalty,Peffley and Hurwitz (2007),age,age_3_40 - 59,original,Z,-0.4397728055682907,0.15901931741261147,-2.7655307086195133,0.005967086488968121,-0.7524650205937333,-0.1270805905428481,371,373,1
death_penalty,Peffley and Hurwitz (2007),age,age_3_More than 60,mt,(Intercept),1.90710439527034,0.1676615887178873,11.374724585720669,1.6572071840704255e-16,1.5716143311629116,2.2425944593777682,59,61,1
death_penalty,Peffley and Hurwitz (2007),age,age_3_More than 60,mt,Z,-0.12802321171953635,0.2303015259306033,-0.5558938925924162,0.5803854570980116,-0.5888555006733487,0.332809077234276,59,61,0
death_penalty,Peffley and Hurwitz (2007),age,age_3_More than 60,original,(Intercept),2.3640486671712346,0.1015918826486568,23.270054708475186,2.6049492249662456e-51,2.1632906627006565,2.5648066716418128,148,150,1
death_penalty,Peffley and Hurwitz (2007),age,age_3_More than 60,original,Z,-0.3318550874521678,0.15597589051353977,-2.1276050186958892,0.03502704575383012,-0.6400825531574075,-0.023627621746928174,148,150,1
death_penalty,Peffley and Hurwitz (2007),educ,educ_3_College,mt,(Intercept),2.0145025125638374,0.0467914057482893,43.05283161187111,7.656464853007991e-181,1.922596860494538,2.106408164633137,567,569,1
death_penalty,Peffley and Hurwitz (2007),educ,educ_3_College,mt,Z,-0.09538631635428987,0.07051354766217344,-1.3527374457356836,0.17667869820313495,-0.23388597187807378,0.04311333916949403,567,569,0
death_penalty,Peffley and Hurwitz (2007),educ,educ_3_College,original,(Intercept),2.3028209625359253,0.08867619847866207,25.968873294563338,1.4115256574468782e-64,2.1279105316397118,2.4777313934321388,191,193,1
death_penalty,Peffley and Hurwitz (2007),educ,educ_3_College,original,Z,-0.4043779297266203,0.18259844438044506,-2.2145748891709953,0.027971851215005176,-0.76454642065767,-0.0442094387955706,191,193,1
death_penalty,Peffley and Hurwitz (2007),educ,educ_3_Graduate School,mt,(Intercept),1.7829912520860762,0.0812475389404735,21.945172436452452,1.2275654060190634e-52,1.6226650420085933,1.9433174621635592,179,181,1
death_penalty,Peffley and Hurwitz (2007),educ,educ_3_Graduate School,mt,Z,0.04290785734763906,0.13005910111506655,0.32991045593708507,0.7418533900765438,-0.21373847360325912,0.29955418829853725,179,181,0
death_penalty,Peffley and Hurwitz (2007),educ,educ_3_Graduate School,original,(Intercept),1.8148191183400935,0.2165469986779622,8.380717024108938,2.466517813360823e-12,1.383339804723366,2.246298431956821,74,76,1
death_penalty,Peffley and Hurwitz (2007),educ,educ_3_Graduate School,original,Z,0.1584458422030774,0.27817052286966265,0.5695996850008349,0.5706743593457253,-0.39582102369194766,0.7127127080981024,74,76,0
death_penalty,Peffley and Hurwitz (2007),educ,educ_3_Less than College,mt,(Intercept),2.1072326342801952,0.053439483446002356,39.43212954910834,3.738206961015493e-160,2.0022547916006714,2.212210476959719,533,535,1
death_penalty,Peffley and Hurwitz (2007),educ,educ_3_Less than College,mt,Z,-0.16991586469241585,0.07394716208966695,-2.2978010229301162,0.021959545680492396,-0.31517949839295856,-0.02465223099187311,533,535,1
death_penalty,Peffley and Hurwitz (2007),educ,educ_3_Less than College,original,(Intercept),2.3239869597449743,0.07643417298970714,30.405077583006353,6.175302995357952e-126,2.173892198240491,2.4740817212494575,634,636,1
death_penalty,Peffley and Hurwitz (2007),educ,educ_3_Less than College,original,Z,-0.4817787669955376,0.10968624719120788,-4.392335222807728,1.3140882179753795e-5,-0.6971710512124825,-0.26638648277859284,634,636,1
death_penalty,Peffley and Hurwitz (2007),female,female_0,mt,(Intercept),2.037195201417476,0.04369009562304063,46.628307225382464,9.027065349703739e-222,1.9514229456926189,2.1229674571423334,735,737,1
death_penalty,Peffley and Hurwitz (2007),female,female_0,mt,Z,-0.16447816610083782,0.06294042069545601,-2.6132358869458963,0.009152351050143994,-0.28804259832134665,-0.040913733880328984,735,737,1
death_penalty,Peffley and Hurwitz (2007),female,female_0,original,(Intercept),2.3996318465179622,0.1005369367681875,23.868161530034484,1.7061776042586694e-75,2.201901272417855,2.5973624206180697,351,353,1
death_penalty,Peffley and Hurwitz (2007),female,female_0,original,Z,-0.4840215592170984,0.15236224062090084,-3.1767815781957003,0.0016212559336204635,-0.783679319614293,-0.18436379881990367,351,353,1
death_penalty,Peffley and Hurwitz (2007),female,female_1,mt,(Intercept),1.9898338776022089,0.04898508056514992,40.62122292430936,3.7878833959800644e-167,1.89361158805059,2.086056167153828,546,548,1
death_penalty,Peffley and Hurwitz (2007),female,female_1,mt,Z,-0.016510579718312195,0.07235831944197572,-0.22817804290703658,0.8195932573268099,-0.15864534982559533,0.12562419038897096,546,548,0
death_penalty,Peffley and Hurwitz (2007),female,female_1,original,(Intercept),2.186583255750797,0.0792656167741723,27.585519986305936,8.159592071426138e-106,2.0308828707715394,2.342283640730055,550,552,1
death_penalty,Peffley and Hurwitz (2007),female,female_1,original,Z,-0.3599680956732901,0.1149466585333275,-3.1316099159935247,0.0018309328827234787,-0.5857562711025888,-0.13417992024399145,550,552,1
death_penalty,Peffley and Hurwitz (2007),ideo,ideo_3_Conservative,mt,(Intercept),2.463343177224184,0.06682134158725728,36.864617182333546,9.994835371123826e-104,2.331746242504605,2.5949401119437625,253,255,1
death_penalty,Peffley and Hurwitz (2007),ideo,ideo_3_Conservative,mt,Z,-0.14211595253216558,0.10579491810097501,-1.343315492682969,0.18037352036794832,-0.35046685660398896,0.0662349515396578,253,255,0
death_penalty,Peffley and Hurwitz (2007),ideo,ideo_3_Conservative,original,(Intercept),2.336990406541743,0.11914056184962152,19.615405284822124,7.479660902457607e-53,2.102365638793431,2.5716151742900553,255,257,1
death_penalty,Peffley and Hurwitz (2007),ideo,ideo_3_Conservative,original,Z,-0.33842086303217606,0.19262036630176774,-1.756931883838237,0.08012957238666268,-0.7177501863586018,0.040908460294249605,255,257,0
death_penalty,Peffley and Hurwitz (2007),ideo,ideo_3_Liberal,mt,(Intercept),1.7739169420891112,0.04760422246897484,37.26385707161226,3.890200342803668e-155,1.6804165389299033,1.8674173452483191,572,574,1
death_penalty,Peffley and Hurwitz (2007),ideo,ideo_3_Liberal,mt,Z,-0.11885824489161577,0.06992063105775934,-1.699902347755279,0.08969293078704253,-0.2561907514209999,0.018474261637768344,572,574,0
death_penalty,Peffley and Hurwitz (2007),ideo,ideo_3_Liberal,original,(Intercept),2.057091296140173,0.10228530577971227,20.111308075574875,2.657539836009448e-50,1.8554193591644044,2.2587632331159417,204,206,1
death_penalty,Peffley and Hurwitz (2007),ideo,ideo_3_Liberal,original,Z,-0.3340131347660337,0.14975119196043174,-2.2304539309061986,0.026806609204583578,-0.6292717031094894,-0.038754566422578074,204,206,1
death_penalty,Peffley and Hurwitz (2007),ideo,ideo_3_Moderate,mt,(Intercept),2.0600524800680104,0.05130020241849892,40.15680997245252,1.6470300524599926e-151,1.9592371697773194,2.1608677903587012,454,456,1
death_penalty,Peffley and Hurwitz (2007),ideo,ideo_3_Moderate,mt,Z,-0.039397062229044925,0.07197918277660828,-0.5473396711284716,0.5844143467856802,-0.18085076619098836,0.1020566417328985,454,456,0
death_penalty,Peffley and Hurwitz (2007),ideo,ideo_3_Moderate,original,(Intercept),2.313499894758684,0.09534681562069666,24.264049928653296,3.567750829349177e-83,2.1261081123834202,2.5008916771339473,440,442,1
death_penalty,Peffley and Hurwitz (2007),ideo,ideo_3_Moderate,original,Z,-0.47844035072670255,0.13292918607035586,-3.599212218703249,3.554714021532825e-4,-0.739695400989859,-0.21718530046354612,440,442,1
death_penalty,Peffley and Hurwitz (2007),white,white_0,mt,(Intercept),2.0760250675977434,0.052781406599175906,39.33250743700637,6.691673088864798e-141,1.9722676229827887,2.1797825122126984,408,410,1
death_penalty,Peffley and Hurwitz (2007),white,white_0,mt,Z,-0.14765035815456562,0.07644986710972697,-1.9313357071327018,0.05413387904902224,-0.29793515281144006,0.0026344365023088234,408,410,0
death_penalty,Peffley and Hurwitz (2007),white,white_0,original,(Intercept),1.8531085657766926,0.11768446705407425,15.746415921866877,1.7034581944996745e-44,1.621804717159658,2.0844124143937273,433,435,1
death_penalty,Peffley and Hurwitz (2007),white,white_0,original,Z,-0.3675049395046817,0.14862050190573015,-2.47277417847633,0.01378991330933483,-0.6596122577831018,-0.07539762122626154,433,435,1
death_penalty,Peffley and Hurwitz (2007),white,white_1,mt,(Intercept),1.9907348933951208,0.04077175381127835,48.826324778907114,8.055022245676881e-252,1.910712780908162,2.0707570058820797,873,875,1
death_penalty,Peffley and Hurwitz (2007),white,white_1,mt,Z,-0.08248180287535886,0.05990339150977589,-1.3769137405500373,0.16889189359308182,-0.20005329503961308,0.03508968928889536,873,875,0
death_penalty,Peffley and Hurwitz (2007),white,white_1,original,(Intercept),2.6035334393426375,0.05401709572324147,48.198323224964454,1.358713572094131e-183,2.497387369463392,2.709679509221883,468,470,1
death_penalty,Peffley and Hurwitz (2007),white,white_1,original,Z,-0.31247765695407,0.08209456052627956,-3.806313779510906,1.5979774572233373e-4,-0.4737972325746287,-0.15115808133351125,468,470,1
dennyS17,Denny (2012),age,age_3_18 - 39,mt,(Intercept),5.648513400531419,0.07283192426208633,77.55546016064594,2.041720764034053e-169,5.505026493688335,5.7920003073745034,235,237,1
dennyS17,Denny (2012),age,age_3_18 - 39,mt,Z,0.08849631979658744,0.11837401034910688,0.7475992368223008,0.4554493487685807,-0.1447135091032165,0.3217061486963914,235,237,0
dennyS17,Denny (2012),age,age_3_18 - 39,original,(Intercept),5.227299680262064,0.1626624249064942,32.13587700581099,1.6442329247769787e-53,4.904459794056886,5.550139566467242,97,99,1
dennyS17,Denny (2012),age,age_3_18 - 39,original,Z,0.5104685379976002,0.2651655837319224,1.9250934861655147,0.057147153487419125,-0.015811744168078845,1.0367488201632793,97,99,0
dennyS17,Denny (2012),age,age_3_40 - 59,mt,(Intercept),5.355838172939384,0.2085082899231515,25.6864519627174,7.676078313362167e-31,4.937240314113356,5.774436031765412,51,53,1
dennyS17,Denny (2012),age,age_3_40 - 59,mt,Z,0.1799226886221829,0.266686834396235,0.6746590585527721,0.5029394390752142,-0.3554734718686053,0.7153188491129712,51,53,0
dennyS17,Denny (2012),age,age_3_40 - 59,original,(Intercept),5.303267859747099,0.13402834727814347,39.56825527917201,7.4719532835543e-85,5.038587595018104,5.567948124476095,161,163,1
dennyS17,Denny (2012),age,age_3_40 - 59,original,Z,0.3500454900242117,0.1952806111858146,1.7925255758808245,0.0749264239734122,-0.03559624110776877,0.7356872211561922,161,163,0
dennyS17,Denny (2012),age,age_3_More than 60,mt,(Intercept),5.623630081586352,0.5133648417915769,10.954451150103326,1.667249034923786e-6,4.46231812759877,6.784942035573935,9,11,1
dennyS17,Denny (2012),age,age_3_More than 60,mt,Z,-0.5623630081586353,0.6181731295860016,-0.9097176522946847,0.3866856590523129,-1.9607677811009916,0.836041764783721,9,11,0
dennyS17,Denny (2012),age,age_3_More than 60,original,(Intercept),5.208328529536145,0.3564684673266461,14.610909538777094,6.603553386963068e-15,4.479268653674074,5.937388405398215,29,31,1
dennyS17,Denny (2012),age,age_3_More than 60,original,Z,-0.4033440613470916,0.4183320291759209,-0.9641720767631532,0.34293141679991035,-1.258929127671208,0.45224100497702485,29,31,0
dennyS17,Denny (2012),educ,educ_3_College,mt,(Intercept),5.451478140313304,0.1132637285780218,48.13083772496549,5.90151597908923e-79,5.227165261033032,5.675791019593576,117,119,1
dennyS17,Denny (2012),educ,educ_3_College,mt,Z,0.13198315497600668,0.1634596980766988,0.8074354506275752,0.42105412477313353,-0.19174021156150542,0.45570652151351876,117,119,0
dennyS17,Denny (2012),educ,educ_3_College,original,(Intercept),5.012445741779481,0.14340222573134803,34.9537513536915,4.7490266091012184e-46,4.726439020870291,5.298452462688671,70,72,1
dennyS17,Denny (2012),educ,educ_3_College,original,Z,0.7493791447636877,0.30961388110576954,2.420366755157488,0.018103092181837865,0.13187372996682933,1.366884559560546,70,72,1
dennyS17,Denny (2012),educ,educ_3_Graduate School,mt,(Intercept),5.495820307004844,0.22863307532254123,24.037730758122745,8.48234884232249e-18,5.022856755745358,5.96878385826433,23,25,1
dennyS17,Denny (2012),educ,educ_3_Graduate School,mt,Z,-0.27387808838894595,0.38531075470191534,-0.7107979339969992,0.48435572218655787,-1.07095411347937,0.5231979367014781,23,25,0
dennyS17,Denny (2012),educ,educ_3_Graduate School,original,(Intercept),4.969057754276202,0.22722041550886943,21.86888771921217,2.8751377680676328e-25,4.511125096607987,5.426990411944416,44,46,1
dennyS17,Denny (2012),educ,educ_3_Graduate School,original,Z,0.11766034183941623,0.32256312422657046,0.3647668719775012,0.7170328463821511,-0.5324229194380896,0.767743603116922,44,46,0
dennyS17,Denny (2012),educ,educ_3_Less than College,mt,(Intercept),5.711499301611139,0.09472062746948122,60.29836852011323,1.6340195111467042e-109,5.52438939306246,5.898609210159817,155,157,1
dennyS17,Denny (2012),educ,educ_3_Less than College,mt,Z,0.13123325068636968,0.14782006327395505,0.8877905189578696,0.3760289926997349,-0.16076860001675333,0.4232351013894927,155,157,0
dennyS17,Denny (2012),educ,educ_3_Less than College,original,(Intercept),5.4061792667203665,0.13278499983718284,40.71377997024716,1.5135526266499039e-90,5.144092040073121,5.668266493367612,173,175,1
dennyS17,Denny (2012),educ,educ_3_Less than College,original,Z,0.25725928458865843,0.1929737874452528,1.3331307220243247,0.18424178056541335,-0.1236268458414061,0.6381454150187229,173,175,0
dennyS17,Denny (2012),female,female_0,mt,(Intercept),5.565853060200186,0.09672206672131979,57.544811115717636,4.957367051204969e-106,5.374779772424474,5.756926347975898,154,156,1
dennyS17,Denny (2012),female,female_0,mt,Z,-0.1116094268543918,0.14360336332345428,-0.7772062176775145,0.4382293555954252,-0.3952961562221622,0.1720773025133786,154,156,0
dennyS17,Denny (2012),female,female_0,original,(Intercept),5.25902420722366,0.15623403061400276,33.661195237398616,4.0003572932142227e-70,4.950215917877832,5.567832496569487,144,146,1
dennyS17,Denny (2012),female,female_0,original,Z,0.2367272089176448,0.23256208533431788,1.0179097275350768,0.3104280226502236,-0.22294921021169814,0.6964036280469877,144,146,0
dennyS17,Denny (2012),female,female_1,mt,(Intercept),5.644613775920625,0.10136087337496495,55.68829063892798,7.863797940865623e-99,5.444254528344983,5.844973023496268,143,145,1
dennyS17,Denny (2012),female,female_1,mt,Z,0.26740759190091984,0.15386459231041466,1.7379410550897731,0.08437388928402602,-0.03673534725672489,0.5715505310585646,143,145,0
dennyS17,Denny (2012),female,female_1,original,(Intercept),5.266959440104714,0.11987707300059755,43.93633668448395,1.1099058506674677e-85,5.03002725283224,5.503891627377189,145,147,1
dennyS17,Denny (2012),female,female_1,original,Z,0.49118326117193606,0.19159931456357296,2.5635961291968017,0.01137739113090585,0.11249496370885115,0.869871558635021,145,147,1
dennyS17,Denny (2012),ideo,ideo_3_Conservative,mt,(Intercept),5.506471121553303,0.1414251258457789,38.935592870237166,2.7974363993840787e-46,5.2239419537855785,5.789000289321027,64,66,1
dennyS17,Denny (2012),ideo,ideo_3_Conservative,mt,Z,0.070295376019829,0.21193519195279084,0.3316833574080868,0.7412121011132726,-0.3530938417377737,0.4936845937774317,64,66,0
dennyS17,Denny (2012),ideo,ideo_3_Conservative,original,(Intercept),5.24564838757809,0.11779361654912654,44.53253530415513,6.460366452657874e-66,5.011829906730582,5.479466868425598,96,98,1
dennyS17,Denny (2012),ideo,ideo_3_Conservative,original,Z,0.3386064396235634,0.23757974974417154,1.425232748111649,0.1573331518686945,-0.1329856363540486,0.8101985156011754,96,98,0
dennyS17,Denny (2012),ideo,ideo_3_Liberal,mt,(Intercept),5.565853060200189,0.08860538749532562,62.81619230539245,1.2135620882402259e-110,5.390795934153956,5.740910186246423,152,154,1
dennyS17,Denny (2012),ideo,ideo_3_Liberal,mt,Z,0.14456143622545656,0.1444746971569969,1.0006003754994233,0.31861029285420156,-0.14087634567057153,0.42999921812148467,152,154,0
dennyS17,Denny (2012),ideo,ideo_3_Liberal,original,(Intercept),5.07048138899833,0.1959356424999928,25.878300263815024,1.6907896912577385e-41,4.680773276563064,5.460189501433595,83,85,1
dennyS17,Denny (2012),ideo,ideo_3_Liberal,original,Z,0.7941614103702951,0.2907092944788654,2.731806053170518,0.007693355002909508,0.21595231592873443,1.3723705048118557,83,85,1
dennyS17,Denny (2012),ideo,ideo_3_Moderate,mt,(Intercept),5.805037503573007,0.16928659654975114,34.29118206571648,3.3645338726275255e-49,5.4680809618814115,6.141994045264602,79,81,1
dennyS17,Denny (2012),ideo,ideo_3_Moderate,mt,Z,-0.12517112117079304,0.2297746317685235,-0.5447560516466904,0.5874558463040778,-0.5825260852800009,0.33218384293841485,79,81,0
dennyS17,Denny (2012),ideo,ideo_3_Moderate,original,(Intercept),5.438289280978997,0.17612866102004238,30.876799093817855,2.0654081965952883e-55,5.089171719454574,5.78740684250342,108,110,1
dennyS17,Denny (2012),ideo,ideo_3_Moderate,original,Z,-0.036292449187466345,0.2407445025598239,-0.15075089483485854,0.8804534292469511,-0.5134898184136584,0.4409049200387257,108,110,0
dennyS17,Denny (2012),pid,pid_3_Democrat,mt,(Intercept),5.575150511917496,0.08429391103088617,66.13942150429706,9.831332119492633e-128,5.408812879240498,5.741488144594493,179,181,1
dennyS17,Denny (2012),pid,pid_3_Democrat,mt,Z,0.07839249563473215,0.13564990936915097,0.5779030446780372,0.564055854885886,-0.1892862076235165,0.3460711988929808,179,181,0
dennyS17,Denny (2012),pid,pid_3_Democrat,original,(Intercept),5.2543371391060525,0.13322095686593347,39.440770151454025,4.830673787558682e-83,4.991187447244474,5.517486830967631,156,158,1
dennyS17,Denny (2012),pid,pid_3_Democrat,original,Z,0.5378166177284006,0.2048730440315817,2.6251214271287675,0.009523660482038971,0.13313345318763964,0.9424997822691616,156,158,1
dennyS17,Denny (2012),pid,pid_3_Independent,mt,(Intercept),5.824474013071577,0.20084393148522675,29.000000000000007,1.5790586407278912e-27,5.4178867303157485,6.231061295827406,38,40,1
dennyS17,Denny (2012),pid,pid_3_Independent,mt,Z,-0.2008439314852269,0.3083411006704348,-0.6513693148546407,0.5187281901256127,-0.8250478561766481,0.4233599932061944,38,40,0
dennyS17,Denny (2012),pid,pid_3_Independent,original,(Intercept),5.487508977732926,0.33732167127019874,16.267881506306676,8.075601669524057e-7,4.689869973259605,6.285147982206246,7,9,1
dennyS17,Denny (2012),pid,pid_3_Independent,original,Z,-0.4496736963118179,0.5581683238161492,-0.8056238183446836,0.44695826584824394,-1.7695320512783785,0.8701846586547426,7,9,0
dennyS17,Denny (2012),pid,pid_3_Republican,mt,(Intercept),5.587581170806952,0.15046287066637334,37.13594686888896,2.4098786108909138e-51,5.28803260577581,5.887129735838093,78,80,1
dennyS17,Denny (2012),pid,pid_3_Republican,mt,Z,0.17321062008638372,0.20359864918309115,0.8507454287214831,0.39751490609793017,-0.232123153853793,0.5785443940265604,78,80,0
dennyS17,Denny (2012),pid,pid_3_Republican,original,(Intercept),5.2486231114543465,0.16450579026284656,31.905400430392884,1.2497180342324189e-61,4.923020071720728,5.574226151187965,124,126,1
dennyS17,Denny (2012),pid,pid_3_Republican,original,Z,0.12667739891199908,0.2285817463458251,0.5541886040206673,0.5804478617945218,-0.3257499066491035,0.5791047044731017,124,126,0
dennyS17,Denny (2012),white,white_0,mt,(Intercept),5.396870804103031,0.16098311725792191,33.52445210423115,7.036008272715879e-42,5.075171714225156,5.718569893980907,63,65,1
dennyS17,Denny (2012),white,white_0,mt,Z,0.30945971985959075,0.2396207113469395,1.2914564776979294,0.20126372171483914,-0.16938406245265825,0.7883035021718398,63,65,0
dennyS17,Denny (2012),white,white_0,original,(Intercept),5.344573085501915,0.2158604253597882,24.75939291138604,5.938462851410029e-37,4.914263192063043,5.774882978940788,72,74,1
dennyS17,Denny (2012),white,white_0,original,Z,1.0415192385510244,0.28869510079025984,3.607678951599873,5.667032883833037e-4,0.46601607325186434,1.6170224038501844,72,74,1
dennyS17,Denny (2012),white,white_1,mt,(Intercept),5.662324783982598,0.07656896388108432,73.95065176507403,2.9022266792525912e-164,5.511472160880359,5.8131774070848365,234,236,1
dennyS17,Denny (2012),white,white_1,mt,Z,0.005585849427279546,0.1183199110815541,0.04720971623642787,0.9623863503113048,-0.22752255438495386,0.23869425323951296,234,236,0
dennyS17,Denny (2012),white,white_1,original,(Intercept),5.223912615612498,0.10740394116351407,48.637997442379714,1.1188363871516789e-118,5.012224141074797,5.435601090150199,217,219,1
dennyS17,Denny (2012),white,white_1,original,Z,0.04239171996297853,0.1542071271640315,0.27490117183679896,0.7836537197558253,-0.2615437889071974,0.3463272288331545,217,219,0
elite_endorsements,Nicholson (2012),age,age_3_18 - 39,mt,(Intercept),0.5637520886013077,0.0421650991013529,13.370111789520713,5.2586249683224774e-37,0.48098710100769365,0.6465170761949216,815,818,1
elite_endorsements,Nicholson (2012),age,age_3_18 - 39,mt,Z,0.12000748797090266,0.07206214663328803,1.6653332377343726,0.09623060569773158,-0.02144178640971675,0.26145676235152204,815,818,0
elite_endorsements,Nicholson (2012),age,age_3_18 - 39,mt,pid_3Republican,-0.7007043941414525,0.08238442305381416,-8.50530195111941,8.605615210620671e-17,-0.8624150481486001,-0.5389937401343048,815,818,1
elite_endorsements,Nicholson (2012),age,age_3_18 - 39,original,(Intercept),0.10034537554713097,0.13848452131809333,0.7245963273876775,0.469640525055406,-0.17291655043603898,0.3736073015303009,180,183,0
elite_endorsements,Nicholson (2012),age,age_3_18 - 39,original,Z,0.28219831570092097,0.19847480588915925,1.4218344461236967,0.1568047019966295,-0.10943828888270946,0.6738349202845514,180,183,0
elite_endorsements,Nicholson (2012),age,age_3_18 - 39,original,pid_3Republican,-0.715416989195719,0.19550969590680126,-3.6592404580116358,3.321493898799036e-4,-1.1012027473683637,-0.3296312310230745,180,183,1
elite_endorsements,Nicholson (2012),age,age_3_40 - 59,mt,(Intercept),0.4378696301945272,0.09293132476274633,4.711754957893997,4.2423285353103375e-6,0.254768280785012,0.6209709796040424,231,234,1
elite_endorsements,Nicholson (2012),age,age_3_40 - 59,mt,Z,0.06828621017661457,0.13941883200192207,0.4897918681148696,0.624746003557495,-0.20640885456956048,0.3429812749227896,231,234,0
elite_endorsements,Nicholson (2012),age,age_3_40 - 59,mt,pid_3Republican,-0.8399371001969829,0.14286569380777983,-5.879207791669603,1.4328184593272474e-8,-1.121423470775631,-0.5584507296183349,231,234,1
elite_endorsements,Nicholson (2012),age,age_3_40 - 59,original,(Intercept),-0.007368660050554275,0.09214706984427949,-0.07996629803863181,0.9363083710106711,-0.18858113315712458,0.173843813056016,361,364,0
elite_endorsements,Nicholson (2012),age,age_3_40 - 59,original,Z,0.09280820892723675,0.12046282637336103,0.7704302789608148,0.4415485917349117,-0.14408881581173605,0.3297052336662095,361,364,0
elite_endorsements,Nicholson (2012),age,age_3_40 - 59,original,pid_3Republican,-0.6111211800369882,0.12039163770331114,-5.076109866891366,6.182109097822605e-7,-0.8478782081924701,-0.37436415188150646,361,364,1
elite_endorsements,Nicholson (2012),age,age_3_More than 60,mt,(Intercept),0.7238245812627458,0.21997841439849838,3.290434578510567,0.0019753340356399624,0.28048721780645897,1.1671619447190327,44,47,1
elite_endorsements,Nicholson (2012),age,age_3_More than 60,mt,Z,0.04919196183339039,0.2827902521563378,0.1739521127701216,0.8627009749130747,-0.5207343427312685,0.6191182663980492,44,47,0
elite_endorsements,Nicholson (2012),age,age_3_More than 60,mt,pid_3Republican,-0.7566192224850058,0.309184216433258,-2.4471469831589325,0.018461535495478232,-1.3797390668143967,-0.13349937815561486,44,47,1
elite_endorsements,Nicholson (2012),age,age_3_More than 60,original,(Intercept),0.04155766257633596,0.10831326547887245,0.3836802666100228,0.7015683375062562,-0.1718505194200412,0.25496584457271315,231,234,0
elite_endorsements,Nicholson (2012),age,age_3_More than 60,original,Z,0.3912850203199536,0.11229118583279107,3.484556845829401,5.896715549115787e-4,0.1700391949185611,0.6125308457213461,231,234,1
elite_endorsements,Nicholson (2012),age,age_3_More than 60,original,pid_3Republican,-1.0158791679812127,0.11344653124241647,-8.954695721903096,1.1539431519995104e-16,-1.2394013550300538,-0.7923569809323717,231,234,1
elite_endorsements,Nicholson (2012),educ,educ_3_College,mt,(Intercept),0.5819820506151252,0.05557911152711103,10.471237028163705,3.0391284640123265e-23,0.47277305041799744,0.691191050812253,479,482,1
elite_endorsements,Nicholson (2012),educ,educ_3_College,mt,Z,0.0791627433507843,0.09379229905052466,0.8440217816618439,0.3990785494897243,-0.10513245180542799,0.2634579385069966,479,482,0
elite_endorsements,Nicholson (2012),educ,educ_3_College,mt,pid_3Republican,-0.7047911006895113,0.109386237233968,-6.4431423779759625,2.854832161240573e-10,-0.9197272750078131,-0.4898549263712095,479,482,1
elite_endorsements,Nicholson (2012),educ,educ_3_College,original,(Intercept),0.07236418901584586,0.1271396613121203,0.5691708493559385,0.5699658519898612,-0.1785503046249306,0.3232786826566223,176,179,0
elite_endorsements,Nicholson (2012),educ,educ_3_College,original,Z,0.32720518441975366,0.16833154684515444,1.9438138040800195,0.05351258971771411,-0.0050029118149191865,0.6594132806544265,176,179,0
elite_endorsements,Nicholson (2012),educ,educ_3_College,original,pid_3Republican,-0.5499342777946569,0.17621814155239005,-3.12075858336731,0.0021086759177291214,-0.89770683988596,-0.20216171570335367,176,179,1
elite_endorsements,Nicholson (2012),educ,educ_3_Graduate School,mt,(Intercept),0.7884130497809861,0.09142072276916459,8.624008057469776,7.660423421793158e-15,0.6078031552874452,0.9690229442745271,153,156,1
elite_endorsements,Nicholson (2012),educ,educ_3_Graduate School,mt,Z,0.07582810286112163,0.143282983493713,0.5292191788039424,0.5974204010125945,-0.20724037163411396,0.3588965773563572,153,156,0
elite_endorsements,Nicholson (2012),educ,educ_3_Graduate School,mt,pid_3Republican,-0.8459378174687341,0.16323057382781977,-5.182471626676098,6.821119231145518e-7,-1.1684145582357233,-0.5234610767017449,153,156,1
elite_endorsements,Nicholson (2012),educ,educ_3_Graduate School,original,(Intercept),0.5778882250701561,0.13690842159238983,4.220983766730377,6.910537511972182e-5,0.30503013432640663,0.8507463158139057,73,76,1
elite_endorsements,Nicholson (2012),educ,educ_3_Graduate School,original,Z,0.24510247655183162,0.23466403501800617,1.044482494017562,0.2997086610314403,-0.22258227078877094,0.7127872238924342,73,76,0
elite_endorsements,Nicholson (2012),educ,educ_3_Graduate School,original,pid_3Republican,-1.0869331387357861,0.26867110612106426,-4.04558999450432,1.282002055109147e-4,-1.6223938810447154,-0.5514723964268569,73,76,1
elite_endorsements,Nicholson (2012),educ,educ_3_Less than College,mt,(Intercept),0.4253115065059214,0.06154324868691484,6.910774383549077,1.6226812568934037e-11,0.3043693544977399,0.5462536585141029,458,461,1
elite_endorsements,Nicholson (2012),educ,educ_3_Less than College,mt,Z,0.1428860219105152,0.0976006476106038,1.4639864120634316,0.14388366015981308,-0.04891458353799677,0.33468662735902716,458,461,0
elite_endorsements,Nicholson (2012),educ,educ_3_Less than College,mt,pid_3Republican,-0.7490881708474549,0.10420620269084539,-7.188518068063745,2.6812626680097266e-12,-0.9538697297499703,-0.5443066119449396,458,461,1
elite_endorsements,Nicholson (2012),educ,educ_3_Less than College,original,(Intercept),-0.03378814872227125,0.08991240494020393,-0.37578962263040333,0.7072256769796246,-0.21042198647651467,0.14284568903197215,523,526,0
elite_endorsements,Nicholson (2012),educ,educ_3_Less than College,original,Z,0.18689853331736947,0.1064233428917493,1.7561798778250854,0.07964297012125537,-0.02217121066408681,0.3959682772988258,523,526,0
elite_endorsements,Nicholson (2012),educ,educ_3_Less than College,original,pid_3Republican,-0.757410069336864,0.10397930754754126,-7.284238443216811,1.197801457622201e-12,-0.9616784809244021,-0.5531416577493258,523,526,1
elite_endorsements,Nicholson (2012),female,female_0,mt,(Intercept),0.5742980604144791,0.04925701728561065,11.659213083985245,1.33724068771759e-28,0.47757171793615977,0.6710244028927983,635,638,1
elite_endorsements,Nicholson (2012),female,female_0,mt,Z,0.12176269913065438,0.08023058202997811,1.5176594267402648,0.1295979510366832,-0.03578664474595064,0.2793120430072594,635,638,0
elite_endorsements,Nicholson (2012),female,female_0,mt,pid_3Republican,-0.7798814176278543,0.08944464432248199,-8.719151644407965,2.4423731476306547e-17,-0.9555244787864771,-0.6042383564692316,635,638,1
elite_endorsements,Nicholson (2012),female,female_0,original,(Intercept),0.026373378561330357,0.1052572443569153,0.2505611725108558,0.8022789150891522,-0.1805378220298725,0.2332845791525332,410,413,0
elite_endorsements,Nicholson (2012),female,female_0,original,Z,0.10585897038443981,0.11841232580330453,0.893986075066905,0.37185380921368105,-0.12691205308715015,0.33862999385602977,410,413,0
elite_endorsements,Nicholson (2012),female,female_0,original,pid_3Republican,-0.8119820540273263,0.11409106553955381,-7.116964419495435,4.964951952076117e-12,-1.0362584873668785,-0.5877056206877739,410,413,1
elite_endorsements,Nicholson (2012),female,female_1,mt,(Intercept),0.507952932732998,0.059413822860403163,8.549406657882765,1.8639954119813986e-16,0.3911954370030425,0.6247104284629535,458,461,1
elite_endorsements,Nicholson (2012),female,female_1,mt,Z,0.07933164928316488,0.09917357337591365,0.7999273050539512,0.42416761227519084,-0.11556000239811015,0.2742233009644399,458,461,0
elite_endorsements,Nicholson (2012),female,female_1,mt,pid_3Republican,-0.6950065632821318,0.11011311616066143,-6.311750929544823,6.522397861168892e-10,-0.9113961351187703,-0.47861699144549336,458,461,1
elite_endorsements,Nicholson (2012),female,female_1,original,(Intercept),0.054749510981232215,0.09221432502114725,0.5937202378120391,0.5530670012741994,-0.12658853873813644,0.23608756070060086,365,368,0
elite_endorsements,Nicholson (2012),female,female_1,original,Z,0.35863027173119333,0.12273280666514474,2.9220408257235904,0.0036939413380187307,0.11727809795409588,0.5999824455082907,365,368,1
elite_endorsements,Nicholson (2012),female,female_1,original,pid_3Republican,-0.6968395999408403,0.12341235127328427,-5.646433219619639,3.297031046394467e-8,-0.939528087722395,-0.4541511121592856,365,368,1
elite_endorsements,Nicholson (2012),pid,pid_3_Democrat,mt,(Intercept),0.5613310767850916,0.039229781297975795,14.308799544953251,3.8330780352551726e-41,0.48431512278742406,0.6383470307827592,734,736,1
elite_endorsements,Nicholson (2012),pid,pid_3_Democrat,mt,Z,0.05470926157369278,0.07027447606655746,0.7785082811841564,0.43652031676044745,-0.08325367466708215,0.1926721978144677,734,736,0
elite_endorsements,Nicholson (2012),pid,pid_3_Democrat,original,(Intercept),0.053836801738100626,0.07917825426535295,0.6799442882091767,0.49690992847911775,-0.10179292322351413,0.20946652669971538,425,427,0
elite_endorsements,Nicholson (2012),pid,pid_3_Democrat,original,Z,0.18635348597161533,0.12360479873918453,1.5076557534374961,0.13238560939959987,-0.0565993425568691,0.42930631450009976,425,427,0
elite_endorsements,Nicholson (2012),pid,pid_3_Republican,mt,(Intercept),-0.2878820229461472,0.11201645871767353,-2.569997536448867,0.010570403483839289,-0.5081687835254345,-0.06759526236685992,361,363,1
elite_endorsements,Nicholson (2012),pid,pid_3_Republican,mt,Z,0.22188535365414516,0.12802723963759854,1.7331105027510312,0.08392995157873269,-0.029887521586955373,0.47365822889524567,361,363,0
elite_endorsements,Nicholson (2012),pid,pid_3_Republican,original,(Intercept),-0.7467809968060779,0.07610419129959548,-9.812613261551698,2.9891052202637167e-20,-0.8964571060380988,-0.597104887574057,352,354,1
elite_endorsements,Nicholson (2012),pid,pid_3_Republican,original,Z,0.27834730177045436,0.11588318930000534,2.401964456206432,0.016824877700019725,0.05043679377304855,0.5062578097678602,352,354,1
elite_endorsements,Nicholson (2012),white,white_0,mt,(Intercept),0.47024722594295876,0.06835951390004254,6.87903115622749,2.8797655482141833e-11,0.3357892132999027,0.6047052385860148,342,345,1
elite_endorsements,Nicholson (2012),white,white_0,mt,Z,0.06910241545205452,0.11588161417669364,0.5963190618547023,0.5513565838107435,-0.1588279874301392,0.29703281833424827,342,345,0
elite_endorsements,Nicholson (2012),white,white_0,mt,pid_3Republican,-0.3301544972324673,0.13404046819701282,-2.4630956730709554,0.01426632385774451,-0.5938019976209084,-0.06650699684402628,342,345,1
elite_endorsements,Nicholson (2012),white,white_0,original,(Intercept),0.23487186549530956,0.12841957847853772,1.8289412586303015,0.06925868086857502,-0.01873215722345986,0.48847588821407895,161,164,0
elite_endorsements,Nicholson (2012),white,white_0,original,Z,0.2833850562209419,0.19171871565149853,1.4781293274260825,0.14132683355358994,-0.09522261478789662,0.6619927272297804,161,164,0
elite_endorsements,Nicholson (2012),white,white_0,original,pid_3Republican,-0.46336694799599426,0.24020168716146295,-1.9290744934881336,0.055480454510130145,-0.9377191834548817,0.010985287462893178,161,164,0
elite_endorsements,Nicholson (2012),white,white_1,mt,(Intercept),0.5843005503959666,0.045241834950084936,12.915049777282954,1.3269692171713762e-34,0.4954850459598026,0.6731160548321307,751,754,1
elite_endorsements,Nicholson (2012),white,white_1,mt,Z,0.12323953956805499,0.07283608080746637,1.6920122307764505,0.09105846051890608,-0.019746996349542315,0.2662260754856523,751,754,0
elite_endorsements,Nicholson (2012),white,white_1,mt,pid_3Republican,-0.9079572782204115,0.07956523101292767,-11.41148296387008,6.297616119696988e-28,-1.0641539960544617,-0.7517605603863612,751,754,1
elite_endorsements,Nicholson (2012),white,white_1,original,(Intercept),-0.078134777908085,0.0820420976560567,-0.9523742095874697,0.3412819886920081,-0.23925193030255,0.08298237448638,614,617,0
elite_endorsements,Nicholson (2012),white,white_1,original,Z,0.23186691869219647,0.09138384131806548,2.537285753672506,0.011417861173837156,0.0524041220465111,0.4113297153378819,614,617,1
elite_endorsements,Nicholson (2012),white,white_1,original,pid_3Republican,-0.6986220465510612,0.092119664478105,-7.58385357251393,1.2465446238284404e-13,-0.8795298785578423,-0.5177142145442801,614,617,1
expert_economists,Johnston and Ballard (2016),age,age_3_18 - 39,mt,(Intercept),0.7967736279151082,0.012966642588141656,61.44795173453606,0,0.7713567488943007,0.8221905069359157,11283,11285,1
expert_economists,Johnston and Ballard (2016),age,age_3_18 - 39,mt,Z,0.41891967197736546,0.01841133101679436,22.753361589948998,4.327252996208306e-112,0.38283025485300803,0.4550090891017229,11283,11285,1
expert_economists,Johnston and Ballard (2016),age,age_3_18 - 39,original,(Intercept),0.45061677872890415,0.056673495139388644,7.951102673668013,7.900716005116514e-15,0.33933714559128936,0.561896411866519,668,670,1
expert_economists,Johnston and Ballard (2016),age,age_3_18 - 39,original,Z,0.2973157684543272,0.08617822594428629,3.4500103152104815,5.958305882354912e-4,0.12810295841068492,0.4665285784979695,668,670,1
expert_economists,Johnston and Ballard (2016),age,age_3_40 - 59,mt,(Intercept),0.7064868336544664,0.024234422038836204,29.15220476569672,1.6098987831911447e-165,0.6589698822785475,0.7540037850303853,3133,3135,1
expert_economists,Johnston and Ballard (2016),age,age_3_40 - 59,mt,Z,0.37462850221371746,0.03488911481901538,10.737690083485184,1.941802813888834e-26,0.3062206660479816,0.44303633837945333,3133,3135,1
expert_economists,Johnston and Ballard (2016),age,age_3_40 - 59,original,(Intercept),0.3470693960775614,0.044690160584100753,7.766125508196024,2.593093270148862e-14,0.25933985301705065,0.4347989391380721,767,769,1
expert_economists,Johnston and Ballard (2016),age,age_3_40 - 59,original,Z,0.21805393139728624,0.07003654432916681,3.1134307594110893,0.0019179623068894432,0.0805678729175382,0.3555399898770343,767,769,1
expert_economists,Johnston and Ballard (2016),age,age_3_More than 60,mt,(Intercept),0.6913580246913578,0.061144055990465566,11.307035712501047,1.436578928295593e-26,0.5712288233978648,0.8114872259848507,503,505,1
expert_economists,Johnston and Ballard (2016),age,age_3_More than 60,mt,Z,0.28574121194986324,0.08699427475307896,3.284597897515665,0.0010924529980983176,0.1148243080267142,0.4566581158730123,503,505,1
expert_economists,Johnston and Ballard (2016),age,age_3_More than 60,original,(Intercept),0.38754945413146646,0.05633784743708205,6.879024878688889,1.5098924591280697e-11,0.27690759305394924,0.4981913152089837,604,606,1
expert_economists,Johnston and Ballard (2016),age,age_3_More than 60,original,Z,0.2297116381696199,0.08593291752045833,2.673150694725705,0.007717332130008451,0.06094803865683132,0.39847523768240845,604,606,1
expert_economists,Johnston and Ballard (2016),educ,educ_3_College,mt,(Intercept),0.8387319090282629,0.01832331150512217,45.774035375308685,0,0.8028112615600181,0.8746525564965076,5708,5710,1
expert_economists,Johnston and Ballard (2016),educ,educ_3_College,mt,Z,0.38918831889196837,0.025951676480183143,14.996654231149765,6.817421582464451e-50,0.3383131797669251,0.44006345801701163,5708,5710,1
expert_economists,Johnston and Ballard (2016),educ,educ_3_College,original,(Intercept),0.4881516615100996,0.0717486379563077,6.803636632201521,3.794263903486022e-11,0.3470947098811429,0.6292086131390563,395,397,1
expert_economists,Johnston and Ballard (2016),educ,educ_3_College,original,Z,0.2921944368951288,0.11310421753314392,2.583408853073976,0.010141419409051404,0.0698329176239314,0.5145559561663262,395,397,1
expert_economists,Johnston and Ballard (2016),educ,educ_3_Graduate School,mt,(Intercept),0.9496402877697832,0.034603983203126513,27.443091802332802,3.5628592071702494e-138,0.8817707327263915,1.0175098428131748,1748,1750,1
expert_economists,Johnston and Ballard (2016),educ,educ_3_Graduate School,mt,Z,0.3975212842826157,0.04646089448977659,8.556040271030245,2.513003840180341e-17,0.30639650776688204,0.4886460607983493,1748,1750,1
expert_economists,Johnston and Ballard (2016),educ,educ_3_Graduate School,original,(Intercept),0.8450751469713877,0.10697939802989631,7.899419538098581,6.24590505013324e-14,0.6344988337096715,1.055651460233104,283,285,1
expert_economists,Johnston and Ballard (2016),educ,educ_3_Graduate School,original,Z,0.09177418136754259,0.14809193590354314,0.6197108627664775,0.5359467835675826,-0.19972730827108567,0.3832756710061709,283,285,0
expert_economists,Johnston and Ballard (2016),educ,educ_3_Less than College,mt,(Intercept),0.68648792142291,0.015473669896314683,44.36490671074797,0,0.6561551663023896,0.7168206765434305,7463,7465,1
expert_economists,Johnston and Ballard (2016),educ,educ_3_Less than College,mt,Z,0.41302532898272803,0.022522109546020908,18.338660867391937,1.646040097933903e-73,0.36887564514982585,0.4571750128156302,7463,7465,1
expert_economists,Johnston and Ballard (2016),educ,educ_3_Less than College,original,(Intercept),0.2967471235720565,0.033228059897124886,8.930618413798305,1.3419644341482446e-18,0.2315633545462371,0.3619308925978759,1361,1363,1
expert_economists,Johnston and Ballard (2016),educ,educ_3_Less than College,original,Z,0.26626570348053236,0.0532482105254454,5.000462942379887,6.464124869794588e-7,0.16180823389985527,0.37072317306120944,1361,1363,1
expert_economists,Johnston and Ballard (2016),female,female_0,mt,(Intercept),0.8813934199612399,0.01651236864762125,53.37777025031549,0,0.8490242251187451,0.9137626148037347,7063,7065,1
expert_economists,Johnston and Ballard (2016),female,female_0,mt,Z,0.36628639442386535,0.02334456979798523,15.690432404347755,1.456041896130032e-54,0.32052403625279463,0.41204875259493606,7063,7065,1
expert_economists,Johnston and Ballard (2016),female,female_0,original,(Intercept),0.441611094165236,0.04510229637836184,9.791321720308284,1.0892509097146375e-21,0.3531062622439316,0.5301159260865403,1011,1013,1
expert_economists,Johnston and Ballard (2016),female,female_0,original,Z,0.2660068062842436,0.06888419065954299,3.8616524885800034,1.1978044823270366e-4,0.1308344490895262,0.401179163478961,1011,1013,1
expert_economists,Johnston and Ballard (2016),female,female_1,mt,(Intercept),0.6752444673186223,0.015174097722666155,44.49981011457325,0,0.6454992006443901,0.7049897339928545,7858,7860,1
expert_economists,Johnston and Ballard (2016),female,female_1,mt,Z,0.44352755079919276,0.021872392294171695,20.277962503323376,3.738270817045545e-89,0.400651845535892,0.4864032560624935,7858,7860,1
expert_economists,Johnston and Ballard (2016),female,female_1,original,(Intercept),0.3525031885487243,0.041218512985036274,8.55205981537216,4.3229365448317546e-17,0.2716213443565659,0.43338503274088275,1030,1032,1
expert_economists,Johnston and Ballard (2016),female,female_1,original,Z,0.23718677850347308,0.06391114147476844,3.7111960924232963,2.1732020493206536e-4,0.11177587421437776,0.36259768279256843,1030,1032,1
expert_economists,Johnston and Ballard (2016),ideo,ideo_3_Conservative,mt,(Intercept),0.648432288192115,0.024187741215532514,26.808302702350502,3.239538614182598e-142,0.6010061979637782,0.6958583784204517,3023,3025,1
expert_economists,Johnston and Ballard (2016),ideo,ideo_3_Conservative,mt,Z,0.45772760695859055,0.035119715493766586,13.033351794658838,8.107365321855232e-38,0.38886665872208037,0.5265885551951007,3023,3025,1
expert_economists,Johnston and Ballard (2016),ideo,ideo_3_Conservative,original,(Intercept),0.3625736667099639,0.04787128377414445,7.573928211755875,1.0373322523794424e-13,0.26860015305759805,0.4565471803623297,771,773,1
expert_economists,Johnston and Ballard (2016),ideo,ideo_3_Conservative,original,Z,0.22832454694521515,0.07396377267437944,3.086978106841557,0.002094420206276678,0.08313028739727388,0.3735188064931564,771,773,1
expert_economists,Johnston and Ballard (2016),ideo,ideo_3_Liberal,mt,(Intercept),0.8715052245128544,0.016667986608799316,52.286172587442074,0,0.838830919777493,0.9041795292482158,6998,7000,1
expert_economists,Johnston and Ballard (2016),ideo,ideo_3_Liberal,mt,Z,0.3855054722203097,0.0234073565418248,16.469415140128262,8.041695734438634e-60,0.3396199601517389,0.43139098428888045,6998,7000,1
expert_economists,Johnston and Ballard (2016),ideo,ideo_3_Liberal,original,(Intercept),0.4981638344267982,0.06289783868749413,7.920205921572426,1.3239449004444342e-14,0.374613959509211,0.6217137093443853,549,551,1
expert_economists,Johnston and Ballard (2016),ideo,ideo_3_Liberal,original,Z,0.3037493711917698,0.09595564329843645,3.16551857452577,0.0016339195851096313,0.11526423442799091,0.4922345079555487,549,551,1
expert_economists,Johnston and Ballard (2016),ideo,ideo_3_Moderate,mt,(Intercept),0.7121396670726539,0.019300694994357465,36.897099678578776,3.435169222270477e-263,0.6743016497401455,0.7499776844051622,4898,4900,1
expert_economists,Johnston and Ballard (2016),ideo,ideo_3_Moderate,mt,Z,0.4007039931653267,0.02788904019572326,14.367794314656049,6.979991355729052e-46,0.3460289679073603,0.45537901842329304,4898,4900,1
expert_economists,Johnston and Ballard (2016),ideo,ideo_3_Moderate,original,(Intercept),0.35548188248918167,0.05032327063283162,7.063966193351118,3.827587486522185e-12,0.2566837725805136,0.4542799923978497,719,721,1
expert_economists,Johnston and Ballard (2016),ideo,ideo_3_Moderate,original,Z,0.22944814822711698,0.07675028214155998,2.9895414300095675,0.0028892827971724227,0.07876670969605279,0.3801295867581812,719,721,1
expert_economists,Johnston and Ballard (2016),pid,pid_3_Democrat,mt,(Intercept),0.8467153284671035,0.014698321870628217,57.606258450435895,0,0.8179032713265578,0.8755273856076492,8998,9000,1
expert_economists,Johnston and Ballard (2016),pid,pid_3_Democrat,mt,Z,0.4116012600570622,0.020602268580352898,19.978443560801878,6.386242066514827e-87,0.37121612325119463,0.4519863968629298,8998,9000,1
expert_economists,Johnston and Ballard (2016),pid,pid_3_Democrat,original,(Intercept),0.4438196131946058,0.043700213965338776,10.156005495685339,3.584129328735157e-23,0.3580691638330638,0.5295700625561478,1042,1044,1
expert_economists,Johnston and Ballard (2016),pid,pid_3_Democrat,original,Z,0.23402298749713618,0.06711194664050385,3.487054082199682,5.087405217010895e-4,0.10233302399911834,0.365712950995154,1042,1044,1
expert_economists,Johnston and Ballard (2016),pid,pid_3_Independent,mt,(Intercept),0.6380051590713554,0.02734618594362926,23.330681667510166,4.131501627565582e-108,0.5843790640559907,0.69163125408672,2273,2275,1
expert_economists,Johnston and Ballard (2016),pid,pid_3_Independent,mt,Z,0.33681498481352773,0.04058735289419512,8.298520617778442,1.7840261020677728e-16,0.2572228527621729,0.4164071168648826,2273,2275,1
expert_economists,Johnston and Ballard (2016),pid,pid_3_Independent,original,(Intercept),0.40464485718532694,0.16413754704977873,2.4652790568547274,0.015654804079368992,0.07840370934947105,0.7308860050211828,87,89,1
expert_economists,Johnston and Ballard (2016),pid,pid_3_Independent,original,Z,0.13865694151873492,0.21854397129653474,0.6344578653720725,0.5274469188577151,-0.2957228657216216,0.5730367487590915,87,89,0
expert_economists,Johnston and Ballard (2016),pid,pid_3_Republican,mt,(Intercept),0.6827927432655317,0.022242037379114066,30.69830032327409,2.7501240707384103e-184,0.6391846824855066,0.7264008040455568,3648,3650,1
expert_economists,Johnston and Ballard (2016),pid,pid_3_Republican,mt,Z,0.42479873680000413,0.03216878411230715,13.205309075933785,6.307488436669437e-39,0.36172815253301227,0.487869321066996,3648,3650,1
expert_economists,Johnston and Ballard (2016),pid,pid_3_Republican,original,(Intercept),0.33821451440145844,0.043326955024936595,7.806099325623066,1.6176820985865387e-14,0.2531821465008942,0.4232468823020227,910,912,1
expert_economists,Johnston and Ballard (2016),pid,pid_3_Republican,original,Z,0.28349808541748067,0.06848276614438066,4.139699684732187,3.800642858763217e-5,0.1490955694251673,0.417900601409794,910,912,1
expert_economists,Johnston and Ballard (2016),white,white_0,mt,(Intercept),0.7677564825253798,0.023099663280008557,33.23669584352034,1.3347515667905322e-210,0.7224662132519224,0.8130467517988371,3478,3480,1
expert_economists,Johnston and Ballard (2016),white,white_0,mt,Z,0.42216145416865647,0.033150414369518766,12.73472631331048,2.426956450922089e-36,0.3571652169888026,0.48715769134851034,3478,3480,1
expert_economists,Johnston and Ballard (2016),white,white_0,original,(Intercept),0.3981979601173965,0.061105128562790316,6.51660457122215,1.6319948101117236e-10,0.2781690118127774,0.5182269084220156,548,550,1
expert_economists,Johnston and Ballard (2016),white,white_0,original,Z,0.2745337739584961,0.0952612998228952,2.8819024563898963,0.0041077829209060675,0.08741177780520012,0.46165577011179204,548,550,1
expert_economists,Johnston and Ballard (2016),white,white_1,mt,(Intercept),0.776749869087094,0.012879432435538647,60.30932441896913,0,0.7515039750335661,0.8019957631406218,11443,11445,1
expert_economists,Johnston and Ballard (2016),white,white_1,mt,Z,0.3985475416896722,0.018316139681251627,21.759363524489,6.75448187203325e-103,0.3626447700282006,0.4344503133511438,11443,11445,1
expert_economists,Johnston and Ballard (2016),white,white_1,original,(Intercept),0.3948155376272769,0.03411458775348821,11.573217313373721,1.001869078775271e-29,0.3278979253965969,0.4617331498579569,1493,1495,1
expert_economists,Johnston and Ballard (2016),white,white_1,original,Z,0.23990060911043615,0.05230224739869231,4.58681263314957,4.876975611113358e-6,0.13730691706557435,0.34249430115529794,1493,1495,1
flavinS4,Flavin (2011),age,age_3_18 - 39,mt,(Intercept),2.1237455483180865,0.051244945937626,41.443024467291934,1.2290500365131956e-200,2.0231537696083883,2.2243373270277846,793,795,1
flavinS4,Flavin (2011),age,age_3_18 - 39,mt,Z,-0.3904407310095753,0.06992646111498559,-5.583590600524498,3.23694263941457e-8,-0.5277035766176585,-0.2531778854014921,793,795,1
flavinS4,Flavin (2011),age,age_3_18 - 39,original,(Intercept),2.859487943577653,0.1052375773757496,27.171738602152377,8.894688206083801e-72,2.6520692773966807,3.0669066097586253,217,219,1
flavinS4,Flavin (2011),age,age_3_18 - 39,original,Z,-0.6537597136309347,0.15333932750859727,-4.263483636279025,3.0027544527292017e-5,-0.955984827302637,-0.35153459995923236,217,219,1
flavinS4,Flavin (2011),age,age_3_40 - 59,mt,(Intercept),2.2878092915589114,0.109502098104972,20.892835216415204,1.1848364514022637e-49,2.0717115874640237,2.503906995653799,177,179,1
flavinS4,Flavin (2011),age,age_3_40 - 59,mt,Z,-0.566337082693054,0.14773958666136813,-3.833346873990838,1.7549417294486519e-4,-0.8578948339504224,-0.27477933143568567,177,179,1
flavinS4,Flavin (2011),age,age_3_40 - 59,original,(Intercept),2.781212999506422,0.0977240568686083,28.459860229153314,5.700184631249296e-87,2.588896305950579,2.973529693062265,298,300,1
flavinS4,Flavin (2011),age,age_3_40 - 59,original,Z,-0.7414903638885866,0.1425104782979704,-5.2030585592326,3.654347419363394e-7,-1.0219447868990512,-0.46103594087812205,298,300,1
flavinS4,Flavin (2011),age,age_3_More than 60,mt,(Intercept),2.5517872867387843,0.37421224374840945,6.819090848492929,2.5226788485586276e-7,1.783967185375239,3.3196073881023294,27,29,1
flavinS4,Flavin (2011),age,age_3_More than 60,mt,Z,-0.6791046811482251,0.4901357904929179,-1.385543953983172,0.17722608531185974,-1.6847802533007816,0.32657089100433145,27,29,0
flavinS4,Flavin (2011),age,age_3_More than 60,original,(Intercept),2.6301630489291212,0.10448762161950309,25.172006101421196,2.2494567037845276e-70,2.424370825937455,2.8359552719207874,249,251,1
flavinS4,Flavin (2011),age,age_3_More than 60,original,Z,-0.8448053103410208,0.15279793536604877,-5.5289052716397755,8.126025246870691e-8,-1.145746477343781,-0.5438641433382605,249,251,1
flavinS4,Flavin (2011),educ,educ_3_College,mt,(Intercept),2.1339507719511444,0.08207185337804364,26.00100624170907,4.124946557276982e-84,1.9725410512721155,2.295360492630173,354,356,1
flavinS4,Flavin (2011),educ,educ_3_College,mt,Z,-0.4333525139013417,0.10741940259997906,-4.0342107981656765,6.71517923271418e-5,-0.6446129528401957,-0.2220920749624877,354,356,1
flavinS4,Flavin (2011),educ,educ_3_College,original,(Intercept),2.604679514645108,0.13385182681979974,19.45942447353895,1.847440716897258e-43,2.3402703384770582,2.8690886908131574,155,157,1
flavinS4,Flavin (2011),educ,educ_3_College,original,Z,-0.3889876849867525,0.20143455947375147,-1.9310871282613284,0.05529719513430532,-0.7868989215209565,0.008923551547451447,155,157,0
flavinS4,Flavin (2011),educ,educ_3_Graduate School,mt,(Intercept),2.2739717353599667,0.14816636832891933,15.34742169229594,4.880582298757749e-28,1.9800138805923206,2.5679295901276125,100,102,1
flavinS4,Flavin (2011),educ,educ_3_Graduate School,mt,Z,-0.648998469133236,0.20236410041057548,-3.2070830143117597,0.0018013506991892145,-1.0504830807194578,-0.2475138575470141,100,102,1
flavinS4,Flavin (2011),educ,educ_3_Graduate School,original,(Intercept),2.326139322229988,0.17693470183608576,13.146880165909732,2.8279610136010666e-23,1.9749729170854375,2.6773057273745384,97,99,1
flavinS4,Flavin (2011),educ,educ_3_Graduate School,original,Z,-0.38684427578663194,0.24449012086829236,-1.582249108523392,0.11684797815733025,-0.8720894874252934,0.09840093585202941,97,99,0
flavinS4,Flavin (2011),educ,educ_3_Less than College,mt,(Intercept),2.1639010392485574,0.06049844610683884,35.76787799519939,7.047301097911672e-145,2.045061376617802,2.282740701879313,543,545,1
flavinS4,Flavin (2011),educ,educ_3_Less than College,mt,Z,-0.38299745603834573,0.08429828845643385,-4.543359812533827,6.827946990389545e-6,-0.5485881580345788,-0.2174067540421126,543,545,1
flavinS4,Flavin (2011),educ,educ_3_Less than College,original,(Intercept),2.883177890055384,0.07153115719564454,40.306602089067525,5.8765948437265416e-161,2.7426471983086884,3.0237085818020795,512,514,1
flavinS4,Flavin (2011),educ,educ_3_Less than College,original,Z,-0.8670806297112212,0.10564659301583648,-8.207369541782056,1.8462001971262123e-15,-1.0746347834430037,-0.6595264759794388,512,514,1
flavinS4,Flavin (2011),female,female_0,mt,(Intercept),2.177429712835721,0.07005371360978396,31.082288156264326,1.993727600346198e-118,2.039790418614607,2.3150690070568354,495,497,1
flavinS4,Flavin (2011),female,female_0,mt,Z,-0.30975695905252937,0.09511114383917511,-3.256789336655462,0.001204088680232259,-0.4966282901500802,-0.12288562795497854,495,497,1
flavinS4,Flavin (2011),female,female_0,original,(Intercept),2.7446898430365363,0.08721050299982323,31.472010235305024,9.718536510537723e-109,2.573224159043565,2.9161555270295074,387,389,1
flavinS4,Flavin (2011),female,female_0,original,Z,-0.7509732811295893,0.12591213510990346,-5.964264528387959,5.546156346474206e-9,-0.998530738396849,-0.5034158238623295,387,389,1
flavinS4,Flavin (2011),female,female_1,mt,(Intercept),2.1525560499425582,0.061575549174313494,34.957967550543685,7.9356254531231825e-137,2.0315796766309546,2.273532423254162,504,506,1
flavinS4,Flavin (2011),female,female_1,mt,Z,-0.5604495838655642,0.08166600470984585,-6.8627035919879535,1.990534086524712e-11,-0.7208973136077266,-0.40000185412340183,504,506,1
flavinS4,Flavin (2011),female,female_1,original,(Intercept),2.805298385777954,0.08452964804108028,33.18715327448917,3.484739785921159e-114,2.639092559384537,2.971504212171371,379,381,1
flavinS4,Flavin (2011),female,female_1,original,Z,-0.7219935602307609,0.12433187744576223,-5.8069867122027405,1.3471568801229485e-8,-0.966460240464366,-0.4775268799971558,379,381,1
flavinS4,Flavin (2011),ideo,ideo_3_Conservative,mt,(Intercept),2.975125269792222,0.11801125509141173,25.210521381945178,7.257033261089201e-64,2.74241220301935,3.207838336565094,199,201,1
flavinS4,Flavin (2011),ideo,ideo_3_Conservative,mt,Z,-0.980839897604875,0.154759493792351,-6.337833457383363,1.5281326562904197e-9,-1.28601889417379,-0.6756609010359601,199,201,1
flavinS4,Flavin (2011),ideo,ideo_3_Conservative,original,(Intercept),2.9958356606537486,0.09478705753665517,31.605956957733675,1.1316875261617409e-94,2.8092556885851243,3.182415632722373,282,284,1
flavinS4,Flavin (2011),ideo,ideo_3_Conservative,original,Z,-0.8664073951521096,0.1453356616067273,-5.9614232706118235,7.454341392106212e-9,-1.1524878410259767,-0.5803269492782427,282,284,1
flavinS4,Flavin (2011),ideo,ideo_3_Liberal,mt,(Intercept),1.8652513254096497,0.052504958295750186,35.52524153820012,2.951864595972889e-147,1.762126807705811,1.9683758431134883,576,578,1
flavinS4,Flavin (2011),ideo,ideo_3_Liberal,mt,Z,-0.34496515101888575,0.07266400115537815,-4.747400989951591,2.603054776649284e-6,-0.48768386400919905,-0.20224643802857242,576,578,1
flavinS4,Flavin (2011),ideo,ideo_3_Liberal,original,(Intercept),2.4812346040600155,0.1401469329804003,17.704523040878954,2.5695978822584645e-43,2.2049362722394816,2.7575329358805494,207,209,1
flavinS4,Flavin (2011),ideo,ideo_3_Liberal,original,Z,-0.7130808764496519,0.1654917458032405,-4.308860680565067,2.535477742951679e-5,-1.0393462632340915,-0.3868154896652124,207,209,1
flavinS4,Flavin (2011),ideo,ideo_3_Moderate,mt,(Intercept),2.2751768078217336,0.08343925396015789,27.26746345201177,8.344154856021104e-73,2.1107424529824343,2.439611162661033,222,224,1
flavinS4,Flavin (2011),ideo,ideo_3_Moderate,mt,Z,-0.23913756533389513,0.12650600780452373,-1.8903257598912533,0.060017036688064324,-0.4884438904667291,0.010168759798938859,222,224,0
flavinS4,Flavin (2011),ideo,ideo_3_Moderate,original,(Intercept),2.7738831305270906,0.08940993535819701,31.024327659048954,8.295707718751037e-92,2.5978682398502704,2.9498980212039108,275,277,1
flavinS4,Flavin (2011),ideo,ideo_3_Moderate,original,Z,-0.5880667963266918,0.15000867076094124,-3.9202187003166933,1.117513014548414e-4,-0.8833780464554672,-0.2927555461979164,275,277,1
flavinS4,Flavin (2011),pid,pid_3_Democrat,mt,(Intercept),1.8850844771507544,0.050548730632465746,37.292419682246745,1.963598622673511e-160,1.785816688510242,1.984352265791267,619,621,1
flavinS4,Flavin (2011),pid,pid_3_Democrat,mt,Z,-0.3084417102406622,0.0698227526569817,-4.417495708826378,1.1786686300864455e-5,-0.4455598963222805,-0.1713235241590439,619,621,1
flavinS4,Flavin (2011),pid,pid_3_Democrat,original,(Intercept),2.6029376381231693,0.08752276909244351,29.740119800984452,4.589528475313262e-103,2.4308716001096546,2.775003676136684,397,399,1
flavinS4,Flavin (2011),pid,pid_3_Democrat,original,Z,-0.6792484707551832,0.1193067985891954,-5.693292241408756,2.4264984177625755e-8,-0.9138005576485537,-0.44469638386181276,397,399,1
flavinS4,Flavin (2011),pid,pid_3_Independent,mt,(Intercept),2.2999257586783823,0.12096776653752983,19.012715738327188,3.0038650829020262e-40,2.0607203214438634,2.5391311959129013,137,139,1
flavinS4,Flavin (2011),pid,pid_3_Independent,mt,Z,-0.47183083417331445,0.1599422963071307,-2.9500066278108004,0.0037383392861320233,-0.7881057230592757,-0.15555594528735317,137,139,1
flavinS4,Flavin (2011),pid,pid_3_Independent,original,(Intercept),3.2156724923090927,0.21177918456803996,15.184081943029526,1.0022684940737898e-8,2.749549649858529,3.6817953347596566,11,13,1
flavinS4,Flavin (2011),pid,pid_3_Independent,original,Z,0.052877517059851796,0.6009434089368948,0.08799084285389754,0.931465414948951,-1.2697900080651348,1.3755450421848385,11,13,0
flavinS4,Flavin (2011),pid,pid_3_Republican,mt,(Intercept),2.7858088347628143,0.10006311417654055,27.84051703455715,2.9256141462859133e-77,2.5886988876504433,2.9829187818751852,241,243,1
flavinS4,Flavin (2011),pid,pid_3_Republican,mt,Z,-0.6894568781532437,0.1446873694312712,-4.7651490303771595,3.263426989753916e-6,-0.9744701917116201,-0.40444356459486736,241,243,1
flavinS4,Flavin (2011),pid,pid_3_Republican,original,(Intercept),2.9768050765687804,0.08513498322137396,34.96570932337278,3.521088289615887e-117,2.809374362224096,3.1442357909134646,356,358,1
flavinS4,Flavin (2011),pid,pid_3_Republican,original,Z,-0.7798912226598012,0.13653641104089248,-5.711965157969655,2.3596828023251045e-8,-1.048410554779629,-0.5113718905399732,356,358,1
flavinS4,Flavin (2011),white,white_0,mt,(Intercept),2.2463347429516016,0.08462710022926608,26.543917218786675,1.1445065744821138e-72,2.0796100412493534,2.41305944465385,235,237,1
flavinS4,Flavin (2011),white,white_0,mt,Z,-0.5397028117483839,0.12058358187446465,-4.47575700902839,1.1872813464123785e-5,-0.7772657397435963,-0.30213988375317147,235,237,1
flavinS4,Flavin (2011),white,white_0,original,(Intercept),2.6733120712980343,0.1329923644072281,20.10124478358955,1.896230616675521e-46,2.4107491087423525,2.935875033853716,167,169,1
flavinS4,Flavin (2011),white,white_0,original,Z,-0.7076855132924149,0.16911042629151915,-4.184753884260684,4.605056104773912e-5,-1.0415553164503943,-0.37381571013443554,167,169,1
flavinS4,Flavin (2011),white,white_1,mt,(Intercept),2.137308680325568,0.05486829881052064,38.95343443591061,1.1465947974853753e-183,2.0295981553831206,2.245019205268015,764,766,1
flavinS4,Flavin (2011),white,white_1,mt,Z,-0.39333509872487,0.07360963297543481,-5.3435275089081715,1.2041805398655658e-7,-0.537836247484465,-0.248833949965275,764,766,1
flavinS4,Flavin (2011),white,white_1,original,(Intercept),2.8245682375716075,0.06375237908691146,44.305299316296406,3.488145816577364e-191,2.6993628843358377,2.9497735908073772,599,601,1
flavinS4,Flavin (2011),white,white_1,original,Z,-0.7501165172773399,0.10289037726742874,-7.290443841290092,9.813283664338368e-13,-0.9521862472989893,-0.5480467872556904,599,601,1
frame_breadth,Hopkins and Mummolo (2017),age,age_3_18 - 39,mt,(Intercept),2.414182273498565,0.01924288325998611,125.458448241935,0,2.376442566574258,2.451921980422872,1876,1878,1
frame_breadth,Hopkins and Mummolo (2017),age,age_3_18 - 39,mt,Z,-0.17919753708531935,0.045494157174630984,-3.9389132190637812,8.484625855253395e-5,-0.2684220121986274,-0.08997306197201133,1876,1878,1
frame_breadth,Hopkins and Mummolo (2017),age,age_3_18 - 39,original,(Intercept),2.309366447845257,0.04092653607325959,56.427117206094096,6.382369416818551e-302,2.2290469287188124,2.389685966971702,926,928,1
frame_breadth,Hopkins and Mummolo (2017),age,age_3_18 - 39,original,Z,-0.186997857574556,0.07534602043564201,-2.481854469464425,0.013246459262453643,-0.33486661731149625,-0.039129097837615784,926,928,1
frame_breadth,Hopkins and Mummolo (2017),age,age_3_40 - 59,mt,(Intercept),2.406126784286433,0.0309556514633459,77.72819083247174,0,2.345368408691789,2.4668851598810773,851,853,1
frame_breadth,Hopkins and Mummolo (2017),age,age_3_40 - 59,mt,Z,-0.24546189656770961,0.07459142427031727,-3.2907522408764103,0.001040308399037803,-0.39186662584054477,-0.09905716729487443,851,853,1
frame_breadth,Hopkins and Mummolo (2017),age,age_3_40 - 59,original,(Intercept),2.1861714603867375,0.039447109696526754,55.420320454535755,0,2.108785642540454,2.263557278233021,1321,1323,1
frame_breadth,Hopkins and Mummolo (2017),age,age_3_40 - 59,original,Z,-0.15835294390055246,0.07205108048303034,-2.1977872203852398,0.028137301172113837,-0.29969997370280566,-0.017005914098299296,1321,1323,1
frame_breadth,Hopkins and Mummolo (2017),age,age_3_More than 60,mt,(Intercept),2.2896598063885163,0.06606825572084508,34.65597481584654,3.501468673569623e-95,2.159509345963825,2.4198102668132075,239,241,1
frame_breadth,Hopkins and Mummolo (2017),age,age_3_More than 60,mt,Z,-0.3626336744237054,0.1512554095519405,-2.3974922648910515,0.017276242066389537,-0.6605976660581813,-0.06466968278922958,239,241,1
frame_breadth,Hopkins and Mummolo (2017),age,age_3_More than 60,original,(Intercept),1.9228552303381405,0.047444770352211944,40.52828617492706,3.2410504672050424e-214,1.8297539511118373,2.0159565095644436,1013,1015,1
frame_breadth,Hopkins and Mummolo (2017),age,age_3_More than 60,original,Z,-0.1408420100169064,0.08323885930891634,-1.6920223461281836,0.09094924843410934,-0.3041823365790961,0.022498316545283253,1013,1015,0
frame_breadth,Hopkins and Mummolo (2017),educ,educ_3_College,mt,(Intercept),2.346855666553425,0.026802285645880216,87.56177355770255,0,2.2942644957043714,2.3994468374024787,1067,1069,1
frame_breadth,Hopkins and Mummolo (2017),educ,educ_3_College,mt,Z,-0.26659372022273903,0.061466570934949186,-4.337214784681553,1.5797193968120603e-5,-0.38720279723413487,-0.1459846432113432,1067,1069,1
frame_breadth,Hopkins and Mummolo (2017),educ,educ_3_College,original,(Intercept),2.027664282155934,0.05495704824187732,36.89543647307557,3.493116254157904e-160,1.9197450738463837,2.1355834904654842,636,638,1
frame_breadth,Hopkins and Mummolo (2017),educ,educ_3_College,original,Z,0.011948509947055905,0.10267164818426423,0.11637594368419976,0.9073913367888649,-0.1896679040043635,0.2135649238984753,636,638,0
frame_breadth,Hopkins and Mummolo (2017),educ,educ_3_Graduate School,mt,(Intercept),2.3997427581685717,0.04309620134663163,55.683393969388305,4.607210049145206e-181,2.3149962784404323,2.484489237896711,367,369,1
frame_breadth,Hopkins and Mummolo (2017),educ,educ_3_Graduate School,mt,Z,-0.27306977469389193,0.09818134279962798,-2.781279690288842,0.005693883079927916,-0.4661383727897308,-0.08000117659805306,367,369,1
frame_breadth,Hopkins and Mummolo (2017),educ,educ_3_Graduate School,original,(Intercept),2.128268659721453,0.07219093568185603,29.48110645221014,4.218802501948937e-109,1.9864132778902268,2.2701240415526787,472,474,1
frame_breadth,Hopkins and Mummolo (2017),educ,educ_3_Graduate School,original,Z,-0.14186649306399032,0.1268501438827208,-1.118378653122797,0.26397417677484375,-0.3911273653032719,0.10739437917529127,472,474,0
frame_breadth,Hopkins and Mummolo (2017),educ,educ_3_Less than College,mt,(Intercept),2.4401277234824086,0.02237116832198773,109.07466647971641,0,2.396246371055234,2.484009075909583,1532,1534,1
frame_breadth,Hopkins and Mummolo (2017),educ,educ_3_Less than College,mt,Z,-0.1585033148515905,0.054870120983707006,-2.8886999337700763,0.003922756173775281,-0.2661318071123746,-0.05087482259080636,1532,1534,1
frame_breadth,Hopkins and Mummolo (2017),educ,educ_3_Less than College,original,(Intercept),2.2057060090793477,0.029979658205209085,73.57342081692236,0,2.1469138921773765,2.264498125981319,2152,2154,1
frame_breadth,Hopkins and Mummolo (2017),educ,educ_3_Less than College,original,Z,-0.20862382121793063,0.05414778765941003,-3.8528595578119638,1.2016295229557389e-4,-0.31481125805475263,-0.10243638438110861,2152,2154,1
frame_breadth,Hopkins and Mummolo (2017),female,female_0,mt,(Intercept),2.358191835008798,0.024321580781091354,96.95882254668898,0,2.310482087662218,2.4059015823553778,1432,1434,1
frame_breadth,Hopkins and Mummolo (2017),female,female_0,mt,Z,-0.22672670615258592,0.05934365664472378,-3.8205718853818573,1.3884062621719785e-4,-0.3431365271516848,-0.11031688515348703,1432,1434,1
frame_breadth,Hopkins and Mummolo (2017),female,female_0,original,(Intercept),2.1110014350425454,0.03478980764678188,60.67873258959559,0,2.0427667324198624,2.1792361376652285,1723,1725,1
frame_breadth,Hopkins and Mummolo (2017),female,female_0,original,Z,-0.19654745148374284,0.0644238551047311,-3.0508489621464605,0.0023167736054578057,-0.3229046489569165,-0.07019025401056914,1723,1725,1
frame_breadth,Hopkins and Mummolo (2017),female,female_1,mt,(Intercept),2.4433778678518276,0.020851687074390404,117.17890543507782,0,2.402477082874682,2.4842786528289733,1536,1538,1
frame_breadth,Hopkins and Mummolo (2017),female,female_1,mt,Z,-0.2074659442423769,0.04886022172431592,-4.246111395338364,2.3055194193523016e-5,-0.3033057396293086,-0.11162614885544521,1536,1538,1
frame_breadth,Hopkins and Mummolo (2017),female,female_1,original,(Intercept),2.217982358663023,0.03543177886154089,62.5986735616741,0,2.148482690090612,2.2874820272354337,1539,1541,1
frame_breadth,Hopkins and Mummolo (2017),female,female_1,original,Z,-0.12431047712639356,0.061885923929559133,-2.0087035828678648,0.04474296856776076,-0.24570012620975704,-0.0029208280430300937,1539,1541,1
frame_breadth,Hopkins and Mummolo (2017),ideo,ideo_3_Conservative,mt,(Intercept),2.0123207312484985,0.041105660355011626,48.95483283491772,6.967532414249143e-212,1.931592543161215,2.0930489193357817,601,603,1
frame_breadth,Hopkins and Mummolo (2017),ideo,ideo_3_Conservative,mt,Z,-0.25882882868049184,0.09500311771057879,-2.724424575928109,0.006628774970103464,-0.445407258249082,-0.07225039911190168,601,603,1
frame_breadth,Hopkins and Mummolo (2017),ideo,ideo_3_Conservative,original,(Intercept),1.7032002230063295,0.04565090898534459,37.30922912297566,1.3026417113515253e-205,1.6136397117636856,1.7927607342489733,1255,1257,1
frame_breadth,Hopkins and Mummolo (2017),ideo,ideo_3_Conservative,original,Z,-0.14327331722340014,0.07987905061673244,-1.7936281930895706,0.0731132059251932,-0.299984514652311,0.013437880205510705,1255,1257,0
frame_breadth,Hopkins and Mummolo (2017),ideo,ideo_3_Liberal,mt,(Intercept),2.6135393389692942,0.019862021448336903,131.5847606834667,0,2.574576975588284,2.6525017023503046,1407,1409,1
frame_breadth,Hopkins and Mummolo (2017),ideo,ideo_3_Liberal,mt,Z,-0.18240882798126923,0.045241126180473296,-4.0319250067651815,5.828774176412345e-5,-0.2711561492242107,-0.09366150673832772,1407,1409,1
frame_breadth,Hopkins and Mummolo (2017),ideo,ideo_3_Liberal,original,(Intercept),2.477600289661284,0.04212538521141814,58.81489931134748,3.258762196209666e-302,2.394918595778623,2.560281983543945,852,854,1
frame_breadth,Hopkins and Mummolo (2017),ideo,ideo_3_Liberal,original,Z,-0.08696289226146063,0.07580739652665458,-1.1471557690400789,0.2516392811836223,-0.23575402905940868,0.0618282445364874,852,854,0
frame_breadth,Hopkins and Mummolo (2017),ideo,ideo_3_Moderate,mt,(Intercept),2.331739949042622,0.026883119406408584,86.73621218550872,0,2.2789833504688732,2.384496547616371,958,960,1
frame_breadth,Hopkins and Mummolo (2017),ideo,ideo_3_Moderate,mt,Z,-0.21077827121595544,0.06710917287286121,-3.1408265396934087,0.0017363814336416223,-0.34247622041398884,-0.079080322017922,958,960,1
frame_breadth,Hopkins and Mummolo (2017),ideo,ideo_3_Moderate,original,(Intercept),2.3733381009515235,0.036074694032540634,65.78955593665437,0,2.3025587003821966,2.4441175015208505,1153,1155,1
frame_breadth,Hopkins and Mummolo (2017),ideo,ideo_3_Moderate,original,Z,-0.22130868901359196,0.06821410649466242,-3.244324383709531,0.0012110904146850755,-0.3551463748913787,-0.08747100313580522,1153,1155,1
frame_breadth,Hopkins and Mummolo (2017),pid,pid_3_Democrat,mt,(Intercept),2.5827890158306865,0.017160468571128948,150.5080706348551,0,2.5491320743560704,2.6164459573053027,1768,1770,1
frame_breadth,Hopkins and Mummolo (2017),pid,pid_3_Democrat,mt,Z,-0.16432287983477922,0.04172223577764883,-3.938496506047963,8.517814428650786e-5,-0.2461529791667395,-0.08249278050281895,1768,1770,1
frame_breadth,Hopkins and Mummolo (2017),pid,pid_3_Democrat,original,(Intercept),2.5135266604136453,0.02800570014463651,89.75053819159817,0,2.4585968283281487,2.5684564924991418,1676,1678,1
frame_breadth,Hopkins and Mummolo (2017),pid,pid_3_Democrat,original,Z,-0.21245082840615648,0.055052610481606985,-3.859050943227044,1.1814408048897093e-4,-0.32042994101556105,-0.1044717157967519,1676,1678,1
frame_breadth,Hopkins and Mummolo (2017),pid,pid_3_Independent,mt,(Intercept),2.227485742562804,0.04873610696792808,45.705040495512954,1.4896985062576936e-166,2.131693210366143,2.3232782747594647,427,429,1
frame_breadth,Hopkins and Mummolo (2017),pid,pid_3_Independent,mt,Z,-0.3334627903870817,0.1131429798437331,-2.9472689410128874,0.0033816718877425966,-0.555849296281763,-0.11107628449240037,427,429,1
frame_breadth,Hopkins and Mummolo (2017),pid,pid_3_Independent,original,(Intercept),2.3956154164196066,0.13819407991241522,17.335152257881827,1.7782651731835444e-28,2.120492137498846,2.670738695340367,78,80,1
frame_breadth,Hopkins and Mummolo (2017),pid,pid_3_Independent,original,Z,-0.12993738832484047,0.22181246730393014,-0.5857983994506435,0.5597022187051146,-0.5715320886827588,0.31165731203307784,78,80,0
frame_breadth,Hopkins and Mummolo (2017),pid,pid_3_Republican,mt,(Intercept),2.0725040510405215,0.03468896706195315,59.74533768443175,1.5427467172629196e-291,2.004408026393203,2.14060007568784,771,773,1
frame_breadth,Hopkins and Mummolo (2017),pid,pid_3_Republican,mt,Z,-0.2035776712435395,0.07772384403519635,-2.619243473744707,0.00898568845729741,-0.35615312238489366,-0.05100222010218536,771,773,1
frame_breadth,Hopkins and Mummolo (2017),pid,pid_3_Republican,original,(Intercept),1.6977231157515917,0.0397696004041629,42.68896590607639,1.2808746230517982e-261,1.6197134361546046,1.7757327953485789,1506,1508,1
frame_breadth,Hopkins and Mummolo (2017),pid,pid_3_Republican,original,Z,-0.07794460469637586,0.07022269356184235,-1.1099631862986448,0.26719208717515097,-0.21568925813833784,0.05980004874558613,1506,1508,0
frame_breadth,Hopkins and Mummolo (2017),white,white_0,mt,(Intercept),2.5744092279202007,0.030478684288482865,84.46589109796336,0,2.514569808702324,2.6342486471380773,708,710,1
frame_breadth,Hopkins and Mummolo (2017),white,white_0,mt,Z,-0.2312960476993464,0.07473470803329706,-3.0948946451533,0.0020463929962650043,-0.3780242162056216,-0.08456787919307118,708,710,1
frame_breadth,Hopkins and Mummolo (2017),white,white_0,original,(Intercept),2.4386660329545804,0.04732044318193179,51.5351477918053,2.8247880255507567e-254,2.3457766316288406,2.53155543428032,786,788,1
frame_breadth,Hopkins and Mummolo (2017),white,white_0,original,Z,-0.15716861810135777,0.08030403552955066,-1.9571696125224256,0.05068112132782754,-0.3148043730266009,4.6713682388538347e-4,786,788,0
frame_breadth,Hopkins and Mummolo (2017),white,white_1,mt,(Intercept),2.348106179582689,0.01851284374976367,126.83660119006107,0,2.3118022298310934,2.384410129334285,2260,2262,1
frame_breadth,Hopkins and Mummolo (2017),white,white_1,mt,Z,-0.21080370491194533,0.04387608889656409,-4.804523607582837,1.6529729733438096e-6,-0.2968453389325284,-0.12476207089136226,2260,2262,1
frame_breadth,Hopkins and Mummolo (2017),white,white_1,original,(Intercept),2.0387290984304536,0.028186199363711462,72.33075563409344,0,1.9834581444593835,2.094000052401524,2476,2478,1
frame_breadth,Hopkins and Mummolo (2017),white,white_1,original,Z,-0.164715092983376,0.052334486318585303,-3.147352817808809,0.0016671562364541745,-0.2673389674223753,-0.062091218544376686,2476,2478,1
free_trade,Hiscox (2006),age,age_3_18 - 39,mt,(Intercept),1.622940736348973,0.040246864379950696,40.32465041319975,1.7818824062248985e-256,1.5440073241149153,1.7018741485830307,1873,1878,1
free_trade,Hiscox (2006),age,age_3_18 - 39,mt,Z,0.268649722934218,0.03780349926040187,7.106477659215565,1.6852584722987682e-12,0.1945083149765417,0.34279113089189434,1873,1878,1
free_trade,Hiscox (2006),age,age_3_18 - 39,mt,Z_Hiscox_valenceboth,-0.28458605089277433,0.05299011620678495,-5.37054966594573,8.827966074618173e-8,-0.3885119281336463,-0.18066017365190237,1873,1878,1
free_trade,Hiscox (2006),age,age_3_18 - 39,mt,Z_Hiscox_valencenegative,-0.28099629548816274,0.05235676604409251,-5.366952864344606,9.00303865331999e-8,-0.3836800265332875,-0.17831256444303797,1873,1878,1
free_trade,Hiscox (2006),age,age_3_18 - 39,mt,Z_Hiscox_valencepositive,-0.05061447932865203,0.04799806246517581,-1.0545108850044629,0.2917850862767893,-0.14474978426155313,0.043520825604249073,1873,1878,0
free_trade,Hiscox (2006),age,age_3_18 - 39,original,(Intercept),1.3373577884022145,0.10112207344577827,13.225181632764945,8.211662302869287e-35,1.1387194122760493,1.5359961645283797,543,548,1
free_trade,Hiscox (2006),age,age_3_18 - 39,original,Z,0.35742511729874143,0.09407028058609537,3.7995540682119833,1.6134593133205105e-4,0.17263887686060278,0.5422113577368801,543,548,1
free_trade,Hiscox (2006),age,age_3_18 - 39,original,Z_Hiscox_valenceboth,-0.23648896449004006,0.13239606321216676,-1.7862235383167155,0.07462092362412959,-0.4965601646327411,0.02358223565266096,543,548,0
free_trade,Hiscox (2006),age,age_3_18 - 39,original,Z_Hiscox_valencenegative,-0.29737113624021,0.131973335380103,-2.253266808660526,0.024640526921225904,-0.5566119541800628,-0.03813031830035718,543,548,1
free_trade,Hiscox (2006),age,age_3_18 - 39,original,Z_Hiscox_valencepositive,-0.039946541896531754,0.12609775786457678,-0.31679026314990083,0.7515245073489796,-0.2876457138167018,0.2077526300236383,543,548,0
free_trade,Hiscox (2006),age,age_3_40 - 59,mt,(Intercept),1.56509787003205,0.061859305964829345,25.300928382900064,1.146497679253386e-105,1.4436825644050675,1.6865131756590324,848,853,1
free_trade,Hiscox (2006),age,age_3_40 - 59,mt,Z,0.24753280842914668,0.06104310404047573,4.055049498548036,5.4740141658052165e-5,0.12771951570148568,0.36734610115680766,848,853,1
free_trade,Hiscox (2006),age,age_3_40 - 59,mt,Z_Hiscox_valenceboth,-0.3823651412980309,0.08412725969628912,-4.545080187782428,6.28907858468096e-6,-0.5474872161139512,-0.2172430664821105,848,853,1
free_trade,Hiscox (2006),age,age_3_40 - 59,mt,Z_Hiscox_valencenegative,-0.35747222941178985,0.08606651998386507,-4.1534411926821875,3.606686418206934e-5,-0.5264006172283795,-0.18854384159520027,848,853,1
free_trade,Hiscox (2006),age,age_3_40 - 59,mt,Z_Hiscox_valencepositive,-0.1299460615313987,0.07755768643866755,-1.6754762486908343,0.09420947998680768,-0.28217360524206414,0.02228148217926676,848,853,0
free_trade,Hiscox (2006),age,age_3_40 - 59,original,(Intercept),1.4664838669124067,0.08834114177663496,16.600236734774374,8.318151744823705e-52,1.2930134018997423,1.6399543319250711,646,651,1
free_trade,Hiscox (2006),age,age_3_40 - 59,original,Z,0.1404821724953322,0.0919604320599891,1.5276371516359408,0.12709211142261542,-0.040095286561587534,0.3210596315522519,646,651,0
free_trade,Hiscox (2006),age,age_3_40 - 59,original,Z_Hiscox_valenceboth,-0.5089363628757227,0.12536702311718442,-4.0595712510458535,5.5192612869601907e-5,-0.7551124407486867,-0.2627602850027589,646,651,1
free_trade,Hiscox (2006),age,age_3_40 - 59,original,Z_Hiscox_valencenegative,-0.27341017232700854,0.12509259577004073,-2.185662313936005,0.02919864815174091,-0.5190473728596549,-0.027772971794362222,646,651,1
free_trade,Hiscox (2006),age,age_3_40 - 59,original,Z_Hiscox_valencepositive,-0.21360905442233574,0.12222576910438013,-1.7476597282845878,0.08099808074674357,-0.4536168308293548,0.026398721984683293,646,651,0
free_trade,Hiscox (2006),age,age_3_More than 60,mt,(Intercept),1.5635679440726447,0.11620690441322651,13.45503481026108,5.209264989630496e-31,1.33463257358654,1.7925033145587492,236,241,1
free_trade,Hiscox (2006),age,age_3_More than 60,mt,Z,0.1876522088368703,0.11447916179272696,1.6391822397916276,0.10250765514567263,-0.03787939318189626,0.4131838108556369,236,241,0
free_trade,Hiscox (2006),age,age_3_More than 60,mt,Z_Hiscox_valenceboth,-0.27901443783833896,0.15463019627734337,-1.8043981353933038,0.07244377427760114,-0.5836462620130086,0.025617386336330705,236,241,0
free_trade,Hiscox (2006),age,age_3_More than 60,mt,Z_Hiscox_valencenegative,-0.33035758293965,0.17353456182418728,-1.9036990641342357,0.05816590246878439,-0.6722322710570827,0.01151710517778265,236,241,0
free_trade,Hiscox (2006),age,age_3_More than 60,mt,Z_Hiscox_valencepositive,-0.06304448294913147,0.14326424262124543,-0.44005734994045376,0.6602983180611155,-0.3452846185720277,0.21919565267376478,236,241,0
free_trade,Hiscox (2006),age,age_3_More than 60,original,(Intercept),1.2685517276983456,0.1273426722780057,9.961717506044883,4.656371129157558e-21,1.0182184235860954,1.5188850318105958,406,411,1
free_trade,Hiscox (2006),age,age_3_More than 60,original,Z,0.21301609138707497,0.11507423994881576,1.8511188210482477,0.06487849897313734,-0.013199631820803748,0.4392318145949537,406,411,0
free_trade,Hiscox (2006),age,age_3_More than 60,original,Z_Hiscox_valenceboth,-0.32215408981978727,0.1681448251282688,-1.9159322302903639,0.05607571160308954,-0.652697252537805,0.008389072898230487,406,411,0
free_trade,Hiscox (2006),age,age_3_More than 60,original,Z_Hiscox_valencenegative,-0.1661783910969803,0.16306552266454202,-1.0190896786860462,0.3087672678985981,-0.4867365382221548,0.1543797560281942,406,411,0
free_trade,Hiscox (2006),age,age_3_More than 60,original,Z_Hiscox_valencepositive,-0.20354302212694056,0.1620418161396342,-1.2561141745754323,0.20979689882245173,-0.5220887422138165,0.11500269795993542,406,411,0
free_trade,Hiscox (2006),educ,educ_3_College,mt,(Intercept),1.6188506804360268,0.05419752649271037,29.86945687740499,7.265926814191752e-143,1.5125045075960248,1.7251968532760287,1064,1069,1
free_trade,Hiscox (2006),educ,educ_3_College,mt,Z,0.22111890619707916,0.051367244175710654,4.304667492783985,1.8266137345629662e-5,0.12032630216265981,0.3219115102314985,1064,1069,1
free_trade,Hiscox (2006),educ,educ_3_College,mt,Z_Hiscox_valenceboth,-0.28524963755774857,0.07160906682156933,-3.983429057503493,7.254978175596058e-5,-0.4257606661955986,-0.14473860891989856,1064,1069,1
free_trade,Hiscox (2006),educ,educ_3_College,mt,Z_Hiscox_valencenegative,-0.2427337481205587,0.07055558775543534,-3.4403192694239784,6.035727944696485e-4,-0.3811776442876035,-0.10428985195351392,1064,1069,1
free_trade,Hiscox (2006),educ,educ_3_College,mt,Z_Hiscox_valencepositive,-0.050966021400824596,0.06551260087389674,-0.7779575336800867,0.4367669996447071,-0.17951458858812155,0.07758254578647236,1064,1069,0
free_trade,Hiscox (2006),educ,educ_3_College,original,(Intercept),1.5818057226076403,0.11074844917902879,14.282870183135435,1.0537325582857585e-36,1.3639808111040803,1.7996306341112003,346,351,1
free_trade,Hiscox (2006),educ,educ_3_College,original,Z,0.2689804738621389,0.10676068787556918,2.5194711575447957,0.012202958040088627,0.05899886634579091,0.47896208137848695,346,351,1
free_trade,Hiscox (2006),educ,educ_3_College,original,Z_Hiscox_valenceboth,-0.26325311597961726,0.15430446233998363,-1.7060628836487166,0.08889373433017672,-0.5667459061989852,0.04023967423975078,346,351,0
free_trade,Hiscox (2006),educ,educ_3_College,original,Z_Hiscox_valencenegative,-0.3063951610844596,0.15488645035096474,-1.978192155544813,0.048699930563695766,-0.6110326308720548,-0.001757691296864261,346,351,1
free_trade,Hiscox (2006),educ,educ_3_College,original,Z_Hiscox_valencepositive,-0.11971373260461904,0.14493641431149343,-0.8259741568280661,0.40938791955863996,-0.40478103472104954,0.16535356951181146,346,351,0
free_trade,Hiscox (2006),educ,educ_3_Graduate School,mt,(Intercept),1.7736661061245218,0.07295084046048697,24.313168908385762,2.975893698106069e-78,1.6302080909629018,1.9171241212861418,364,369,1
free_trade,Hiscox (2006),educ,educ_3_Graduate School,mt,Z,0.20153214099473202,0.07803514173385166,2.582581853725362,0.010196156374580056,0.04807583431849033,0.3549884476709737,364,369,1
free_trade,Hiscox (2006),educ,educ_3_Graduate School,mt,Z_Hiscox_valenceboth,-0.31085528822541714,0.10718283034157416,-2.900233994892392,0.003955239932864955,-0.521630599423309,-0.10007997702752519,364,369,1
free_trade,Hiscox (2006),educ,educ_3_Graduate School,mt,Z_Hiscox_valencenegative,-0.2200523050653014,0.1034349594683896,-2.1274461380975436,0.03405478324462133,-0.42345741856354757,-0.01664719156705524,364,369,1
free_trade,Hiscox (2006),educ,educ_3_Graduate School,mt,Z_Hiscox_valencepositive,-0.06580253965730068,0.09187248216608168,-0.7162377472108211,0.4743038071826893,-0.24647001183887401,0.11486493252427266,364,369,0
free_trade,Hiscox (2006),educ,educ_3_Graduate School,original,(Intercept),1.7976639663920764,0.1333476894535796,13.481028233472848,5.7762356973977705e-30,1.5347320080295115,2.060595924754641,202,207,1
free_trade,Hiscox (2006),educ,educ_3_Graduate School,original,Z,-0.02987465767997348,0.15034096555426946,-0.19871268998328637,0.8426873544020141,-0.3263135735493316,0.2665642581893846,202,207,0
free_trade,Hiscox (2006),educ,educ_3_Graduate School,original,Z_Hiscox_valenceboth,-0.5068299077911623,0.21425118682753339,-2.365587399052063,0.018948326875970454,-0.929285552616397,-0.08437426296592765,202,207,1
free_trade,Hiscox (2006),educ,educ_3_Graduate School,original,Z_Hiscox_valencenegative,-0.1632505830272555,0.17984469071692444,-0.907730900347856,0.3651020452381687,-0.5178642769358556,0.19136311088134453,202,207,0
free_trade,Hiscox (2006),educ,educ_3_Graduate School,original,Z_Hiscox_valencepositive,-0.29460606653278154,0.18653303295810564,-1.579377453209312,0.11581412757236094,-0.6624076824134757,0.07319554934791256,202,207,0
free_trade,Hiscox (2006),educ,educ_3_Less than College,mt,(Intercept),1.5451660593303582,0.04725150287650675,32.70088706741661,2.7891520827057365e-178,1.4524814468323302,1.6378506718283863,1529,1534,1
free_trade,Hiscox (2006),educ,educ_3_Less than College,mt,Z,0.2877111073201625,0.044664543629799734,6.441599621051641,1.579585146540153e-10,0.20010085861445404,0.3753213560258709,1529,1534,1
free_trade,Hiscox (2006),educ,educ_3_Less than College,mt,Z_Hiscox_valenceboth,-0.3229897418916724,0.06194593355330738,-5.214058831056676,2.1000651136063741e-7,-0.44449772571648966,-0.20148175806685514,1529,1534,1
free_trade,Hiscox (2006),educ,educ_3_Less than College,mt,Z_Hiscox_valencenegative,-0.35717471326818634,0.06349770371246861,-5.625002045515708,2.2022806636621598e-8,-0.48172652019136625,-0.23262290634500643,1529,1534,1
free_trade,Hiscox (2006),educ,educ_3_Less than College,mt,Z_Hiscox_valencepositive,-0.08748331326725341,0.05684905969816308,-1.5388700135365683,0.12404294293170455,-0.19899369385286753,0.024027067318360712,1529,1534,0
free_trade,Hiscox (2006),educ,educ_3_Less than College,original,(Intercept),1.2489772329858801,0.07545562900718028,16.552472617609865,7.656625170295221e-55,1.1009157574269821,1.3970387085447782,1047,1052,1
free_trade,Hiscox (2006),educ,educ_3_Less than College,original,Z,0.2545815761459007,0.07224928752538252,3.5236551786958654,4.4401689216647946e-4,0.11281168753932277,0.3963514647524786,1047,1052,1
free_trade,Hiscox (2006),educ,educ_3_Less than College,original,Z_Hiscox_valenceboth,-0.41555114585520575,0.09976134862443722,-4.165452367926527,3.363325587717408e-5,-0.6113060905217493,-0.21979620118866217,1047,1052,1
free_trade,Hiscox (2006),educ,educ_3_Less than College,original,Z_Hiscox_valencenegative,-0.3026132297084657,0.10052679764827187,-3.0102742431651293,0.0026726698818140718,-0.49987016320507116,-0.1053562962118603,1047,1052,1
free_trade,Hiscox (2006),educ,educ_3_Less than College,original,Z_Hiscox_valencepositive,-0.16100305355443106,0.09820044837050701,-1.639534810950882,0.10140233020531834,-0.3536951492614202,0.031689042152558106,1047,1052,0
free_trade,Hiscox (2006),female,female_0,mt,(Intercept),1.7082123228471007,0.0419578735484534,40.71255710503152,3.196867407437041e-241,1.6259066898702872,1.7905179558239142,1429,1434,1
free_trade,Hiscox (2006),female,female_0,mt,Z,0.21168287773232342,0.041289913508699254,5.126745486829963,3.351743067426457e-7,0.13068753217538345,0.2926782232892634,1429,1434,1
free_trade,Hiscox (2006),female,female_0,mt,Z_Hiscox_valenceboth,-0.29712784010225535,0.0569171369534268,-5.220358155846527,2.0492300394478605e-7,-0.40877794502880616,-0.1854777351757045,1429,1434,1
free_trade,Hiscox (2006),female,female_0,mt,Z_Hiscox_valencenegative,-0.25607454604093743,0.057067769618570234,-4.48720087980465,7.795209902463294e-6,-0.36802013583845766,-0.1441289562434172,1429,1434,1
free_trade,Hiscox (2006),female,female_0,mt,Z_Hiscox_valencepositive,-0.0898227865375002,0.051035793191280716,-1.7599958954462982,0.07862242974702342,-0.18993589780447817,0.010290324729477773,1429,1434,0
free_trade,Hiscox (2006),female,female_0,original,(Intercept),1.503275940390073,0.08360572596956636,17.980538090624155,2.7816247395275594e-59,1.3391151791265918,1.6674367016535543,670,675,1
free_trade,Hiscox (2006),female,female_0,original,Z,0.12869508442679353,0.08630336269646835,1.4911943220499786,0.13638113060972706,-0.04076251618070306,0.29815268503429015,670,675,0
free_trade,Hiscox (2006),female,female_0,original,Z_Hiscox_valenceboth,-0.38685398339464944,0.12174792883217792,-3.1774995033213584,0.0015537850981210794,-0.6259073789314304,-0.14780058785786837,670,675,1
free_trade,Hiscox (2006),female,female_0,original,Z_Hiscox_valencenegative,-0.14873324862063136,0.11543712394651602,-1.288435154444267,0.19803927216559863,-0.37539530944676514,0.0779288122055024,670,675,0
free_trade,Hiscox (2006),female,female_0,original,Z_Hiscox_valencepositive,-0.17286929158096795,0.11360657300583399,-1.5216486775997606,0.12856892533656025,-0.39593704552836795,0.05019846236643202,670,675,0
free_trade,Hiscox (2006),female,female_1,mt,(Intercept),1.491000224467746,0.0488817781083505,30.502168336896844,4.255947942951946e-160,1.3951179980562745,1.5868824508792176,1533,1538,1
free_trade,Hiscox (2006),female,female_1,mt,Z,0.3039419096007888,0.04563838322428265,6.659786962809663,3.810070680565491e-11,0.21442164330309776,0.39346217589847987,1533,1538,1
free_trade,Hiscox (2006),female,female_1,mt,Z_Hiscox_valenceboth,-0.3152142830677795,0.06416825415666506,-4.912308854440583,9.964205625383328e-7,-0.4410811257149615,-0.18934744042059745,1533,1538,1
free_trade,Hiscox (2006),female,female_1,mt,Z_Hiscox_valencenegative,-0.33478454458434387,0.06406683999548675,-5.225551074595346,1.9752062448273345e-7,-0.46045246207086843,-0.20911662709781934,1533,1538,1
free_trade,Hiscox (2006),female,female_1,mt,Z_Hiscox_valencepositive,-0.05388760619299915,0.059422781857177524,-0.906850950238544,0.3646281402151489,-0.17044614486563525,0.06267093247963695,1533,1538,0
free_trade,Hiscox (2006),female,female_1,original,(Intercept),1.2811422228540343,0.08292337300655346,15.449711901526067,4.2118863912655355e-48,1.1184036040424932,1.4438808416655755,930,935,1
free_trade,Hiscox (2006),female,female_1,original,Z,0.29847217560151584,0.07519925887340267,3.96908400525584,7.770599327228227e-5,0.15089227043120979,0.4460520807718219,930,935,1
free_trade,Hiscox (2006),female,female_1,original,Z_Hiscox_valenceboth,-0.35839925729961214,0.10738358039909118,-3.337561068159778,8.786902587592584e-4,-0.5691414753688782,-0.14765703923034615,930,935,1
free_trade,Hiscox (2006),female,female_1,original,Z_Hiscox_valencenegative,-0.3156075335954623,0.10605897975827445,-2.975773803545752,0.0029981342596088244,-0.5237501989578411,-0.1074648682330834,930,935,1
free_trade,Hiscox (2006),female,female_1,original,Z_Hiscox_valencepositive,-0.14830457222982063,0.10524661677491796,-1.4091148653926526,0.15913547494684258,-0.35485296054953014,0.05824381608988888,930,935,0
free_trade,Hiscox (2006),ideo,ideo_3_Conservative,mt,(Intercept),1.480364491782751,0.07601065045102148,19.475750871736643,8.559726325411925e-66,1.3310842186954899,1.629644764870012,598,603,1
free_trade,Hiscox (2006),ideo,ideo_3_Conservative,mt,Z,0.3168660193610596,0.07285802154840816,4.349088990160517,1.607069904858271e-5,0.17377731680677483,0.4599547219153444,598,603,1
free_trade,Hiscox (2006),ideo,ideo_3_Conservative,mt,Z_Hiscox_valenceboth,-0.2260200616091285,0.10284490389792886,-2.197678767179831,0.02835463811549255,-0.428001168841051,-0.024038954377206018,598,603,1
free_trade,Hiscox (2006),ideo,ideo_3_Conservative,mt,Z_Hiscox_valencenegative,-0.34387792753148194,0.10287125894728111,-3.342798863847001,8.811761325365111e-4,-0.5459107944699875,-0.14184506059297639,598,603,1
free_trade,Hiscox (2006),ideo,ideo_3_Conservative,mt,Z_Hiscox_valencepositive,-0.09604378556554716,0.09461561095296965,-1.0150944923167848,0.3104713073995289,-0.2818630642793705,0.08977549314827621,598,603,0
free_trade,Hiscox (2006),ideo,ideo_3_Conservative,original,(Intercept),1.5484545726678782,0.11132084396373645,13.909835009625853,1.685659944868349e-36,1.3296451384659518,1.7672640068698047,424,429,1
free_trade,Hiscox (2006),ideo,ideo_3_Conservative,original,Z,0.12933990608692839,0.11288622421123798,1.1457545594305778,0.2525429715450976,-0.09254639992148808,0.3512262120953449,424,429,0
free_trade,Hiscox (2006),ideo,ideo_3_Conservative,original,Z_Hiscox_valenceboth,-0.5165305712807413,0.15690892344626028,-3.2919132955344494,0.0010783619224323535,-0.8249467810221432,-0.20811436153933938,424,429,1
free_trade,Hiscox (2006),ideo,ideo_3_Conservative,original,Z_Hiscox_valencenegative,-0.4473257926483017,0.14916652272250963,-2.998835023327919,0.0028697257893528045,-0.7405237354290226,-0.15412784986758082,424,429,1
free_trade,Hiscox (2006),ideo,ideo_3_Conservative,original,Z_Hiscox_valencepositive,-0.3604401492424167,0.15007781900912381,-2.4016883482328866,0.016749058110076605,-0.6554293129460522,-0.06545098553878115,424,429,1
free_trade,Hiscox (2006),ideo,ideo_3_Liberal,mt,(Intercept),1.702431870290505,0.0432558413531896,39.357270995839066,6.241871405737243e-229,1.6175788298277702,1.7872849107532398,1404,1409,1
free_trade,Hiscox (2006),ideo,ideo_3_Liberal,mt,Z,0.21421016869790832,0.04300315135336163,4.9812667666543735,7.10085946983058e-7,0.1298528188542707,0.29856751854154595,1404,1409,1
free_trade,Hiscox (2006),ideo,ideo_3_Liberal,mt,Z_Hiscox_valenceboth,-0.39049306777285225,0.05991741318016944,-6.517188360563132,9.961007966405449e-11,-0.5080303650707216,-0.27295577047498293,1404,1409,1
free_trade,Hiscox (2006),ideo,ideo_3_Liberal,mt,Z_Hiscox_valencenegative,-0.26549445808312694,0.05771044344490514,-4.600457772198346,4.595688213689288e-6,-0.3787024420122574,-0.1522864741539965,1404,1409,1
free_trade,Hiscox (2006),ideo,ideo_3_Liberal,mt,Z_Hiscox_valencepositive,-0.09375560931229529,0.05295039338925286,-1.7706310248362482,0.07683902955772601,-0.19762601692013837,0.010114798295547789,1404,1409,0
free_trade,Hiscox (2006),ideo,ideo_3_Liberal,original,(Intercept),1.577933311435943,0.1255311067388983,12.57005815074989,1.598040261459149e-28,1.330723576090078,1.8251430467818082,255,260,1
free_trade,Hiscox (2006),ideo,ideo_3_Liberal,original,Z,0.2059790880752314,0.13335701271634548,1.5445688522834218,0.1236906724271877,-0.05664228663067178,0.4686004627811346,255,260,0
free_trade,Hiscox (2006),ideo,ideo_3_Liberal,original,Z_Hiscox_valenceboth,-0.40908938428279634,0.1880643599791175,-2.175262683095411,0.030529388586415598,-0.779446516201724,-0.03873225236386868,255,260,1
free_trade,Hiscox (2006),ideo,ideo_3_Liberal,original,Z_Hiscox_valencenegative,-0.2563675906052118,0.17871188498113288,-1.4345301692289645,0.15264625353544414,-0.6083067946563517,0.09557161344592813,255,260,0
free_trade,Hiscox (2006),ideo,ideo_3_Liberal,original,Z_Hiscox_valencepositive,-0.10954445475524034,0.1793261721787207,-0.6108670777072392,0.54183168629072,-0.4626933810775134,0.24360447156703274,255,260,0
free_trade,Hiscox (2006),ideo,ideo_3_Moderate,mt,(Intercept),1.5280284407684295,0.060944621892983726,25.072408250420935,5.361614248910512e-107,1.4084275983087156,1.6476292832281434,955,960,1
free_trade,Hiscox (2006),ideo,ideo_3_Moderate,mt,Z,0.2775785195992181,0.056182684861760764,4.940641770364101,9.190753441132642e-7,0.16732274587542062,0.38783429332301556,955,960,1
free_trade,Hiscox (2006),ideo,ideo_3_Moderate,mt,Z_Hiscox_valenceboth,-0.251182502057429,0.07718341412805925,-3.254358528902055,0.0011764007333941791,-0.4026511807841998,-0.09971382333065815,955,960,1
free_trade,Hiscox (2006),ideo,ideo_3_Moderate,mt,Z_Hiscox_valencenegative,-0.32857914563088525,0.08066025146366745,-4.073619157744508,5.0128396369025586e-5,-0.4868709477361933,-0.1702873435255772,955,960,1
free_trade,Hiscox (2006),ideo,ideo_3_Moderate,mt,Z_Hiscox_valencepositive,-0.024791679853878517,0.07169823814234988,-0.3457780901764566,0.7295856469592639,-0.1654959687369877,0.11591260902923066,955,960,0
free_trade,Hiscox (2006),ideo,ideo_3_Moderate,original,(Intercept),1.2513499454167636,0.08038827374223055,15.566324379962262,1.1888241978000662e-48,1.093583362599459,1.409116528234068,916,921,1
free_trade,Hiscox (2006),ideo,ideo_3_Moderate,original,Z,0.2785185839605939,0.07566799810268497,3.6807975755170808,2.460894254673275e-4,0.13001581193234546,0.4270213559888424,916,921,1
free_trade,Hiscox (2006),ideo,ideo_3_Moderate,original,Z_Hiscox_valenceboth,-0.3168657829661495,0.10625071913973402,-2.982246007666341,0.002937212882095794,-0.5253888933678967,-0.10834267256440225,916,921,1
free_trade,Hiscox (2006),ideo,ideo_3_Moderate,original,Z_Hiscox_valencenegative,-0.18740296968143919,0.10668560699437621,-1.756590930689628,0.07932167395638699,-0.39677957235938144,0.021973632996503095,916,921,0
free_trade,Hiscox (2006),ideo,ideo_3_Moderate,original,Z_Hiscox_valencepositive,-0.08095948142378477,0.10271940381046081,-0.7881615198348724,0.4308061475728807,-0.28255218361529666,0.12063322076772713,916,921,0
free_trade,Hiscox (2006),pid,pid_3_Democrat,mt,(Intercept),1.681978490851212,0.039299329234608465,42.79916537023229,3.839034333908851e-275,1.6049003645348743,1.75905661716755,1765,1770,1
free_trade,Hiscox (2006),pid,pid_3_Democrat,mt,Z,0.22401904858149682,0.0382611564337885,5.854999416161535,5.675775448408559e-9,0.14897709987526742,0.2990609972877262,1765,1770,1
free_trade,Hiscox (2006),pid,pid_3_Democrat,mt,Z_Hiscox_valenceboth,-0.33596571798582314,0.053406532063937334,-6.2907233441709165,3.975168621681372e-10,-0.4407124275280456,-0.23121900844360063,1765,1770,1
free_trade,Hiscox (2006),pid,pid_3_Democrat,mt,Z_Hiscox_valencenegative,-0.28125469726947155,0.052569048934102254,-5.35019565642204,9.933389775233591e-8,-0.3843588436502754,-0.17815055088866769,1765,1770,1
free_trade,Hiscox (2006),pid,pid_3_Democrat,mt,Z_Hiscox_valencepositive,-0.07440183335398162,0.047145674193990156,-1.5781264055709678,0.11471576740368714,-0.16686906629578796,0.0180653995878247,1765,1770,0
free_trade,Hiscox (2006),pid,pid_3_Democrat,original,(Intercept),1.3607142039118576,0.09055739239801047,15.025987032967528,2.1361626202087437e-44,1.1829153432658854,1.5385130645578298,695,700,1
free_trade,Hiscox (2006),pid,pid_3_Democrat,original,Z,0.16870782431050213,0.08794494004466312,1.9183346332924136,0.055477992655997475,-0.003961791338269155,0.3413774399592734,695,700,0
free_trade,Hiscox (2006),pid,pid_3_Democrat,original,Z_Hiscox_valenceboth,-0.45592198515917176,0.123318080838323,-3.697121963460584,2.3524137040647672e-4,-0.6980426303046853,-0.21380134001365825,695,700,1
free_trade,Hiscox (2006),pid,pid_3_Democrat,original,Z_Hiscox_valencenegative,-0.26443135770931114,0.11842377027920155,-2.2329246661027184,0.025871565148353877,-0.4969425958476672,-0.03192011957095506,695,700,1
free_trade,Hiscox (2006),pid,pid_3_Democrat,original,Z_Hiscox_valencepositive,-0.08959260508379346,0.12179543536267248,-0.7355990379853886,0.4622229164330758,-0.3287237137202549,0.14953850355266796,695,700,0
free_trade,Hiscox (2006),pid,pid_3_Independent,mt,(Intercept),1.540526252690004,0.09065645626947605,16.993012037783547,9.11967178454246e-50,1.362334216079703,1.7187182893003052,424,429,1
free_trade,Hiscox (2006),pid,pid_3_Independent,mt,Z,0.3318142651680421,0.0842020935795682,3.940689014513499,9.500354799822447e-5,0.16630876054965443,0.4973197697864297,424,429,1
free_trade,Hiscox (2006),pid,pid_3_Independent,mt,Z_Hiscox_valenceboth,-0.34193489194909726,0.11710969661458044,-2.9197829200637306,0.0036895291492863693,-0.5721227484492065,-0.11174703544898801,424,429,1
free_trade,Hiscox (2006),pid,pid_3_Independent,mt,Z_Hiscox_valencenegative,-0.3988384917574948,0.11614120426938607,-3.4340826261143356,6.530874150841104e-4,-0.6271227042091462,-0.17055427930584344,424,429,1
free_trade,Hiscox (2006),pid,pid_3_Independent,mt,Z_Hiscox_valencepositive,-0.06532771566887056,0.10716627353982804,-0.6095921180332141,0.542458556292623,-0.2759710313664891,0.14531560002874794,424,429,0
free_trade,Hiscox (2006),pid,pid_3_Independent,original,(Intercept),1.352928895218778,0.1507161487056414,8.97666843823841,3.926505564757576e-17,1.056266438615052,1.6495913518225038,284,289,1
free_trade,Hiscox (2006),pid,pid_3_Independent,original,Z,0.3220134274756726,0.13542570392391895,2.3777866250307778,0.018078820099377526,0.05544795086026044,0.5885789040910847,284,289,1
free_trade,Hiscox (2006),pid,pid_3_Independent,original,Z_Hiscox_valenceboth,-0.35255744079763573,0.19363660463126584,-1.8207169118101212,0.06970216383131843,-0.7337024694601517,0.028587587864880304,284,289,0
free_trade,Hiscox (2006),pid,pid_3_Independent,original,Z_Hiscox_valencenegative,-0.23226712285771142,0.19541639032003238,-1.1885754438372789,0.23559969921789056,-0.6169153965221207,0.15238115080669787,284,289,0
free_trade,Hiscox (2006),pid,pid_3_Independent,original,Z_Hiscox_valencepositive,-0.19609833356828807,0.18928526065285703,-1.0359936790214532,0.3010863952829194,-0.5686783849191575,0.1764817177825813,284,289,0
free_trade,Hiscox (2006),pid,pid_3_Republican,mt,(Intercept),1.4401839913097685,0.06958723641760944,20.696094074880115,5.825214917658184e-76,1.3035802331023179,1.5767877495172191,768,773,1
free_trade,Hiscox (2006),pid,pid_3_Republican,mt,Z,0.29525066272573725,0.06590359745428644,4.480038634166151,8.59782547593496e-6,0.16587810024000635,0.4246232252114681,768,773,1
free_trade,Hiscox (2006),pid,pid_3_Republican,mt,Z_Hiscox_valenceboth,-0.23951915187263925,0.09117695317396417,-2.6269703421174926,0.008786656637542594,-0.41850476915915097,-0.060533534586127535,768,773,1
free_trade,Hiscox (2006),pid,pid_3_Republican,mt,Z_Hiscox_valencenegative,-0.2868597218270879,0.09468315816243449,-3.029680540809204,0.0025302183277087233,-0.47272822171000567,-0.10099122194417015,768,773,1
free_trade,Hiscox (2006),pid,pid_3_Republican,mt,Z_Hiscox_valencepositive,-0.0661563107168878,0.08648888833521609,-0.7649111000302985,0.44455945681646625,-0.23593898636263713,0.10362636492886154,768,773,0
free_trade,Hiscox (2006),pid,pid_3_Republican,original,(Intercept),1.402804927740756,0.09242014703816656,15.178561955343378,1.9364459180294058e-44,1.2213081613692824,1.5843016941122294,616,621,1
free_trade,Hiscox (2006),pid,pid_3_Republican,original,Z,0.2652691848494375,0.08986097748292958,2.951995318544463,0.0032774412024479506,0.08879817329179285,0.4417401964070822,616,621,1
free_trade,Hiscox (2006),pid,pid_3_Republican,original,Z_Hiscox_valenceboth,-0.2890439812488876,0.12678439806727632,-2.27980718175994,0.022960120190186627,-0.5380260377918354,-0.040061924705939694,616,621,1
free_trade,Hiscox (2006),pid,pid_3_Republican,original,Z_Hiscox_valencenegative,-0.26272788060120905,0.1265707565479953,-2.0757391973206967,0.03833237307949582,-0.5112903831166549,-0.014165378085763208,616,621,1
free_trade,Hiscox (2006),pid,pid_3_Republican,original,Z_Hiscox_valencepositive,-0.2135532638600917,0.11841798949528098,-1.8033853198343814,0.07181621958209931,-0.4461051788092089,0.018998651089025487,616,621,0
free_trade,Hiscox (2006),white,white_0,mt,(Intercept),1.6973615169439558,0.06064927189729071,27.986511030477505,1.7197913968810401e-116,1.5782867033054133,1.8164363305824982,705,710,1
free_trade,Hiscox (2006),white,white_0,mt,Z,0.2092349829456874,0.05792512376051958,3.612162898619426,3.252117034047094e-4,0.0955085835842222,0.3229613823071526,705,710,1
free_trade,Hiscox (2006),white,white_0,mt,Z_Hiscox_valenceboth,-0.28844003893627945,0.0834090067423839,-3.4581401961439493,5.765997489250224e-4,-0.45219982735459613,-0.12468025051796278,705,710,1
free_trade,Hiscox (2006),white,white_0,mt,Z_Hiscox_valencenegative,-0.26310868866460496,0.08229054210188433,-3.1973138339379124,0.00144911548720099,-0.42467255676166327,-0.10154482056754666,705,710,1
free_trade,Hiscox (2006),white,white_0,mt,Z_Hiscox_valencepositive,-0.005355625305423531,0.07076704326213946,-0.07567965338872372,0.9396954336674059,-0.14429500948237273,0.13358375887152568,705,710,0
free_trade,Hiscox (2006),white,white_0,original,(Intercept),1.3055524110206413,0.1370794253683553,9.524058096336516,1.558832905700566e-19,1.036074373741892,1.5750304482993907,404,409,1
free_trade,Hiscox (2006),white,white_0,original,Z,0.12575532365560008,0.11762197645817506,1.06914819358028,0.28564127732871053,-0.1054722239623038,0.3569828712735039,404,409,0
free_trade,Hiscox (2006),white,white_0,original,Z_Hiscox_valenceboth,-0.21546988433568914,0.17051670963872853,-1.263629146915879,0.20709183772745018,-0.550680716400372,0.11974094772899363,404,409,0
free_trade,Hiscox (2006),white,white_0,original,Z_Hiscox_valencenegative,-0.24745918923700225,0.1637602149668378,-1.5111068905662703,0.13154297691363276,-0.5693877441242541,0.07446936565024961,404,409,0
free_trade,Hiscox (2006),white,white_0,original,Z_Hiscox_valencepositive,-0.04161060365824839,0.1749637052701675,-0.23782420241955907,0.8121380128314282,-0.3855635766483627,0.302342369331866,404,409,0
free_trade,Hiscox (2006),white,white_1,mt,(Intercept),1.5681750802455436,0.03813024555278235,41.12680255559263,2.0245884819023382e-276,1.4934010734422087,1.6429490870488785,2257,2262,1
free_trade,Hiscox (2006),white,white_1,mt,Z,0.27201998259713284,0.036406333726155975,7.4717763299988995,1.1247326963576753e-13,0.2006265937988425,0.34341337139542316,2257,2262,1
free_trade,Hiscox (2006),white,white_1,mt,Z_Hiscox_valenceboth,-0.31594442424992325,0.05026753888485848,-6.285257469509644,3.916487688231493e-10,-0.41451985276008774,-0.21736899573975876,2257,2262,1
free_trade,Hiscox (2006),white,white_1,mt,Z_Hiscox_valencenegative,-0.3133649941187799,0.050744639654638025,-6.175331941491844,7.806991420194544e-10,-0.4128760246867908,-0.21385396355076897,2257,2262,1
free_trade,Hiscox (2006),white,white_1,mt,Z_Hiscox_valencepositive,-0.09431890226008481,0.0466458364068515,-2.0220218893155257,0.043291853773636785,-0.18579211567028941,-0.002845688849880193,2257,2262,1
free_trade,Hiscox (2006),white,white_1,original,(Intercept),1.3990508361551977,0.06545781104353024,21.373321439435422,4.2249238776731426e-86,1.2706259188893116,1.5274757534210837,1196,1201,1
free_trade,Hiscox (2006),white,white_1,original,Z,0.26456834948108277,0.06502929433700018,4.068448722663586,5.042888951563314e-5,0.13698416033772093,0.3921525386244446,1196,1201,1
free_trade,Hiscox (2006),white,white_1,original,Z_Hiscox_valenceboth,-0.42920485619966875,0.09142629458049445,-4.694545023059902,2.9805392702719755e-6,-0.6085786258116459,-0.2498310865876916,1196,1201,1
free_trade,Hiscox (2006),white,white_1,original,Z_Hiscox_valencenegative,-0.2512911817750509,0.09029932453946717,-2.782868898041634,0.0054728407723474695,-0.42845389311953097,-0.07412847043057083,1196,1201,1
free_trade,Hiscox (2006),white,white_1,original,Z_Hiscox_valencepositive,-0.1994107522589975,0.08588904343672717,-2.3217251500291725,0.0204150547183983,-0.367920714959591,-0.030900789558403946,1196,1201,1
gashS5,Gash and Murakami (2009),age,age_3_18 - 39,mt,(Intercept),2.759605417341801,0.0459903413785276,60.00402116237022,0,2.669371035447627,2.8498397992359754,1150,1152,1
gashS5,Gash and Murakami (2009),age,age_3_18 - 39,mt,Z,-0.7147390474321148,0.06033597125136264,-11.845985613697616,1.2561695099065546e-30,-0.8331199706577311,-0.5963581242064985,1150,1152,1
gashS5,Gash and Murakami (2009),age,age_3_18 - 39,original,(Intercept),2.874986894856224,0.1688504968541865,17.02681927752315,1.703962753577444e-37,2.5414752232897375,3.2084985664227106,157,159,1
gashS5,Gash and Murakami (2009),age,age_3_18 - 39,original,Z,-0.7281277232739354,0.21905435869707462,-3.323959073924874,0.0011045815270416914,-1.1608015186970886,-0.29545392785078217,157,159,1
gashS5,Gash and Murakami (2009),age,age_3_40 - 59,mt,(Intercept),2.7711948854177995,0.08861146081653506,31.27354926644759,6.879172037988306e-98,2.5968389052990886,2.9455508655365104,310,312,1
gashS5,Gash and Murakami (2009),age,age_3_40 - 59,mt,Z,-0.5041418613059826,0.1232096780000609,-4.091739135181681,5.464608543315393e-5,-0.746574882608829,-0.26170884000313616,310,312,1
gashS5,Gash and Murakami (2009),age,age_3_40 - 59,original,(Intercept),2.7933195102785104,0.11485650793857466,24.3200804239354,8.634469558436739e-62,2.5668412548839785,3.0197977656730424,201,203,1
gashS5,Gash and Murakami (2009),age,age_3_40 - 59,original,Z,-0.5052635159561721,0.17956895025253194,-2.813757697227769,0.00538300773856083,-0.8593441275482507,-0.15118290436409354,201,203,1
gashS5,Gash and Murakami (2009),age,age_3_More than 60,mt,(Intercept),2.771194885417796,0.2013644235921551,13.762087840454843,3.9136193847940244e-19,2.36730899919834,3.1750807716372518,53,55,1
gashS5,Gash and Murakami (2009),age,age_3_More than 60,mt,Z,-0.6988230580618792,0.259343418661944,-2.694585664318708,0.009419778629629633,-1.2190000814551187,-0.1786460346686396,53,55,1
gashS5,Gash and Murakami (2009),age,age_3_More than 60,original,(Intercept),2.852890574694539,0.16080501762243582,17.7413032060543,9.308986192552354e-37,2.534802355560011,3.1709787938290668,132,134,1
gashS5,Gash and Murakami (2009),age,age_3_More than 60,original,Z,-0.9221215514830519,0.20457722486392083,-4.507449703144727,1.4313594331126068e-05,-1.3267955230704238,-0.5174475798956799,132,134,1
gashS5,Gash and Murakami (2009),educ,educ_3_College,mt,(Intercept),2.751413481303849,0.06503016000535308,42.30980642024195,7.616103102822621e-177,2.6236816273974024,2.879145335210296,562,564,1
gashS5,Gash and Murakami (2009),educ,educ_3_College,mt,Z,-0.6184726470516055,0.0863741003003308,-7.160394665775024,2.530601739495799e-12,-0.7881281416706325,-0.4488171524325786,562,564,1
gashS5,Gash and Murakami (2009),educ,educ_3_College,original,(Intercept),2.4715523792266123,0.14588123821078117,16.942222382672067,1.1330665059772867e-28,2.1814004637432163,2.7617042947100083,83,85,1
gashS5,Gash and Murakami (2009),educ,educ_3_College,original,Z,-0.4111495081646633,0.2221790204164224,-1.8505325453054031,0.06779463409467053,-0.8530546437716438,0.030755627442317135,83,85,0
gashS5,Gash and Murakami (2009),educ,educ_3_Graduate School,mt,(Intercept),2.878294204660993,0.10886166028617035,26.439925655135795,7.703117786693152e-61,2.6633332899806454,3.0932551193413405,163,165,1
gashS5,Gash and Murakami (2009),educ,educ_3_Graduate School,mt,Z,-0.42036482802955943,0.16822095558027556,-2.498885032364235,0.013448934968603866,-0.7525380686808594,-0.08819158737825944,163,165,1
gashS5,Gash and Murakami (2009),educ,educ_3_Graduate School,original,(Intercept),2.388624436077804,0.2707217714956663,8.823170825461451,7.695772047182412e-12,1.8451278013519525,2.932121070803656,51,53,1
gashS5,Gash and Murakami (2009),educ,educ_3_Graduate School,original,Z,-0.09771118685713555,0.35628689563612476,-0.27424861271610684,0.7850013781423757,-0.8129869761124314,0.6175646023981604,51,53,0
gashS5,Gash and Murakami (2009),educ,educ_3_Less than College,mt,(Intercept),2.7431966625999675,0.05710625685360114,48.03670935099961,2.506860867725554e-236,2.6310982778146754,2.8552950473852596,788,790,1
gashS5,Gash and Murakami (2009),educ,educ_3_Less than College,mt,Z,-0.7538333862398034,0.07342471703382206,-10.266752351153913,2.7017889595052575e-23,-0.8979645661893003,-0.6097022062903066,788,790,1
gashS5,Gash and Murakami (2009),educ,educ_3_Less than College,original,(Intercept),2.9845531261750082,0.10079525368535697,29.610056198594492,4.802035558788636e-98,2.786324140997314,3.1827821113527026,356,358,1
gashS5,Gash and Murakami (2009),educ,educ_3_Less than College,original,Z,-0.8364441593677623,0.14164696870770654,-5.90513278892536,8.228350966447968e-9,-1.1150141696985605,-0.5578741490369641,356,358,1
gashS5,Gash and Murakami (2009),female,female_0,mt,(Intercept),2.715836115673842,0.05667795194546901,47.916976927585566,6.879767350165684e-230,2.6045688481178715,2.8271033832298125,746,748,1
gashS5,Gash and Murakami (2009),female,female_0,mt,Z,-0.7236612785607555,0.07382042890561781,-9.802994771081371,2.0115704713759143e-21,-0.8685817834872659,-0.578740773634245,746,748,1
gashS5,Gash and Murakami (2009),female,female_0,original,(Intercept),2.818964270760395,0.12130013474250052,23.239580704049295,5.1670108140344985e-65,2.580091082600272,3.0578374589205177,256,258,1
gashS5,Gash and Murakami (2009),female,female_0,original,Z,-0.6380909477333788,0.16088246614279111,-3.966193228086407,9.484387206879844e-5,-0.9549125876117924,-0.3212693078549652,256,258,1
gashS5,Gash and Murakami (2009),female,female_1,mt,(Intercept),2.8091920495563043,0.05634715161683755,49.85508528734338,4.019339748239333e-243,2.6985795684084897,2.919804530704119,769,771,1
gashS5,Gash and Murakami (2009),female,female_1,mt,Z,-0.6283821614666452,0.0759764839270953,-8.270745485795597,5.841904191310765e-16,-0.7775280748787408,-0.47923624805454956,769,771,1
gashS5,Gash and Murakami (2009),female,female_1,original,(Intercept),2.8589324172310944,0.12459714180641705,22.945409307004283,4.9487607310306944e-62,2.613467718167007,3.1043971162951816,236,238,1
gashS5,Gash and Murakami (2009),female,female_1,original,Z,-0.740283855794485,0.17420110105548609,-4.249593437177482,3.084812379169364e-5,-1.0834716707577916,-0.39709604083117833,236,238,1
gashS5,Gash and Murakami (2009),ideo,ideo_3_Conservative,mt,(Intercept),2.518649244914233,0.08376101711163322,30.06946825344159,4.7683689627919606e-98,2.353897636026853,2.6834008538016128,342,344,1
gashS5,Gash and Murakami (2009),ideo,ideo_3_Conservative,mt,Z,-0.6428078749360342,0.10859207357244616,-5.919473252411845,7.855020226571053e-9,-0.8564003007495032,-0.42921544912256515,342,344,1
gashS5,Gash and Murakami (2009),ideo,ideo_3_Conservative,original,(Intercept),2.7433693211790735,0.14618797553878235,18.76603948490471,7.358870712559722e-44,2.4548623243841483,3.0318763179739987,176,178,1
gashS5,Gash and Murakami (2009),ideo,ideo_3_Conservative,original,Z,-0.5724697162111967,0.19972539341056775,-2.866284083538606,0.004659922213769968,-0.9666346482050818,-0.1783047842173116,176,178,1
gashS5,Gash and Murakami (2009),ideo,ideo_3_Liberal,mt,(Intercept),2.905684920387539,0.051760345539682555,56.1372782598576,1.3754949683949339e-292,2.8040963062374633,3.0072735345376147,877,879,1
gashS5,Gash and Murakami (2009),ideo,ideo_3_Liberal,mt,Z,-0.7183077296211146,0.07012570540229193,-10.243144443259148,2.4628914610122043e-23,-0.8559415331407151,-0.580673926101514,877,879,1
gashS5,Gash and Murakami (2009),ideo,ideo_3_Liberal,original,(Intercept),3.0260332347212735,0.17920301165908867,16.88606238648446,1.107197733359083e-34,2.6715269307111154,3.3805395387314316,131,133,1
gashS5,Gash and Murakami (2009),ideo,ideo_3_Liberal,original,Z,-0.6151096496643603,0.23694850794292852,-2.5959633804173006,0.010509164941334964,-1.0838503198901945,-0.14636897943852611,131,133,1
gashS5,Gash and Murakami (2009),ideo,ideo_3_Moderate,mt,(Intercept),2.6570915544028977,0.08937714247882692,29.728983056628287,1.3431798772543028e-90,2.481191466883181,2.8329916419226144,294,296,1
gashS5,Gash and Murakami (2009),ideo,ideo_3_Moderate,mt,Z,-0.6379000786711899,0.1151345116333336,-5.540476696532978,6.70336137914172e-8,-0.8644923606703697,-0.4113077966720101,294,296,1
gashS5,Gash and Murakami (2009),ideo,ideo_3_Moderate,original,(Intercept),2.7975444751299086,0.13280270781360123,21.065417423991658,8.397763384211992e-51,2.5355231502513136,3.0595658000085035,183,185,1
gashS5,Gash and Murakami (2009),ideo,ideo_3_Moderate,original,Z,-0.8565660878115634,0.18558283390541144,-4.615545898216757,7.359829595946822e-6,-1.2227232303516946,-0.49040894527143225,183,185,1
gashS5,Gash and Murakami (2009),pid,pid_3_Democrat,mt,(Intercept),2.868108128102543,0.047663914757884104,60.173574551555866,0,2.774570888123754,2.9616453680813324,962,964,1
gashS5,Gash and Murakami (2009),pid,pid_3_Democrat,mt,Z,-0.6520128392979343,0.06574031878527307,-9.918005439365105,3.846384357991709e-22,-0.7810238113453586,-0.52300186725051,962,964,1
gashS5,Gash and Murakami (2009),pid,pid_3_Democrat,original,(Intercept),2.9874486409321577,0.11375989208962137,26.261001008849505,3.1823998245693504e-75,2.7634446376108732,3.211452644253442,261,263,1
gashS5,Gash and Murakami (2009),pid,pid_3_Democrat,original,Z,-0.8916203624391262,0.1486629641059632,-5.997595754942716,6.648180232901747e-9,-1.184351820720655,-0.5988889041575975,261,263,1
gashS5,Gash and Murakami (2009),pid,pid_3_Independent,mt,(Intercept),2.777072287083582,0.13336548030443082,20.823021675057234,4.901538083766673e-48,2.513749397291327,3.0403951768758364,165,167,1
gashS5,Gash and Murakami (2009),pid,pid_3_Independent,mt,Z,-1.0335583694038428,0.15909615326441162,-6.496438463135617,9.290834712409478e-10,-1.3476850739812678,-0.7194316648264178,165,167,1
gashS5,Gash and Murakami (2009),pid,pid_3_Independent,original,(Intercept),3.4620477615825065,0.300073682255654,11.537325551372223,3.3441426984756996e-8,2.8137779838080164,4.110317539356997,13,15,1
gashS5,Gash and Murakami (2009),pid,pid_3_Independent,original,Z,-1.6166180360153444,0.504941312456541,-3.201595900621585,0.006946215893708016,-2.7074774207996404,-0.5257586512310484,13,15,1
gashS5,Gash and Murakami (2009),pid,pid_3_Republican,mt,(Intercept),2.512663048827586,0.08133361382183446,30.893291601817985,2.1729829297635965e-106,2.3527506921157553,2.6725754055394164,386,388,1
gashS5,Gash and Murakami (2009),pid,pid_3_Republican,mt,Z,-0.6065501646777772,0.10304468647325347,-5.886282790866804,8.585194718463685e-9,-0.809149285585719,-0.40395104376983554,386,388,1
gashS5,Gash and Murakami (2009),pid,pid_3_Republican,original,(Intercept),2.636421899268034,0.1324153245171399,19.910247615839772,8.859493225683597e-51,2.3754303052368546,2.8974134932992137,216,218,1
gashS5,Gash and Murakami (2009),pid,pid_3_Republican,original,Z,-0.383546843867509,0.19801946197108894,-1.9369148873028816,0.054060058965473876,-0.7738446830148304,0.006750995279812433,216,218,0
gashS5,Gash and Murakami (2009),white,white_0,mt,(Intercept),2.871026750855213,0.07791886594107185,36.84636212527145,1.0410636828001145e-124,2.7177976926924123,3.024255809018014,363,365,1
gashS5,Gash and Murakami (2009),white,white_0,mt,Z,-0.6261686514549775,0.10574935061379699,-5.921252923261752,7.410458387105982e-9,-0.834126932163715,-0.4182103707462399,363,365,1
gashS5,Gash and Murakami (2009),white,white_0,original,(Intercept),3.0289634742326785,0.18103484966511807,16.73138337638149,5.278147132267291e-32,2.670194894310294,3.387732054155063,110,112,1
gashS5,Gash and Murakami (2009),white,white_0,original,Z,-0.8221342222718432,0.2621074141734735,-3.1366309299733155,0.0021928911451280756,-1.3415695958703235,-0.30269884867336294,110,112,1
gashS5,Gash and Murakami (2009),white,white_1,mt,(Intercept),2.729045815874656,0.04639906719457248,58.81682501138483,0,2.6380096686048593,2.8200819631444527,1152,1154,1
gashS5,Gash and Murakami (2009),white,white_1,mt,Z,-0.6901971682920446,0.06122188426677123,-11.273700190025934,4.892322058587897e-28,-0.8103160588049168,-0.5700782777791724,1152,1154,1
gashS5,Gash and Murakami (2009),white,white_1,original,(Intercept),2.7558021168372635,0.09519088239389734,28.9502738868816,2.3066735400108996e-98,2.568638421965249,2.942965811709278,382,384,1
gashS5,Gash and Murakami (2009),white,white_1,original,Z,-0.6330747932883186,0.12550152242535248,-5.044359471136038,7.048292255767176e-7,-0.8798350717779511,-0.3863145147986862,382,384,1
immigration,Brader (2005),age,age_3_18 - 39,mt,(Intercept),3.1131225954110904,0.04768044316259414,65.2913938906795,0,3.019583219383344,3.206661971438837,1295,1297,1
immigration,Brader (2005),age,age_3_18 - 39,mt,Z,0.34602340269755394,0.06521607863380711,5.305798967774493,1.3183147272919772e-7,0.21808266016753275,0.47396414522757513,1295,1297,1
immigration,Brader (2005),age,age_3_18 - 39,original,(Intercept),2.0830523324062145,0.15931133691234853,13.07535529346721,8.72883392694963e-23,1.7666915905198142,2.3994130742926147,93,95,1
immigration,Brader (2005),age,age_3_18 - 39,original,Z,0.08939095004900814,0.2288843495144681,0.3905507311383805,0.6970225254406778,-0.3651280064921861,0.5439099065902023,93,95,0
immigration,Brader (2005),age,age_3_40 - 59,mt,(Intercept),2.7102960514178034,0.09736237182303635,27.837202408585284,3.640566722574193e-91,2.518814653182336,2.9017774496532707,354,356,1
immigration,Brader (2005),age,age_3_40 - 59,mt,Z,0.2552414728034241,0.1296511221548119,1.9686792413462424,0.04976973052798654,2.5818009848138646e-4,0.5102247655083667,354,356,1
immigration,Brader (2005),age,age_3_40 - 59,original,(Intercept),1.895231316186365,0.1659504543654502,11.42046476120369,4.0302213254309806e-20,1.5661822205773221,2.224280411795408,105,107,1
immigration,Brader (2005),age,age_3_40 - 59,original,Z,0.7209436724882035,0.33084694395346465,2.179085180214353,0.031560845886026485,0.06493529872885961,1.3769520462475473,105,107,1
immigration,Brader (2005),age,age_3_More than 60,mt,(Intercept),2.250631156775043,0.28732442119562734,7.833066007440701,1.835228771258259e-10,1.6745803757293083,2.8266819378207777,54,56,1
immigration,Brader (2005),age,age_3_More than 60,mt,Z,0.4302677211481697,0.3605729534559749,1.1932889503336095,0.23797269190007758,-0.2926375251165104,1.15317296741285,54,56,0
immigration,Brader (2005),age,age_3_More than 60,original,(Intercept),1.6273171667689186,0.1394116054409643,11.672752505945624,1.2698835703246411e-18,1.349654890745561,1.9049794427922762,76,78,1
immigration,Brader (2005),age,age_3_More than 60,original,Z,0.553574034665343,0.3004137088718651,1.8427056366507495,0.06927172704024874,-0.0447517208565168,1.151899790187203,76,78,0
immigration,Brader (2005),educ,educ_3_College,mt,(Intercept),3.0931502136645617,0.06583788358794256,46.981312962967664,1.0668932799131269e-210,2.9638684892220843,3.222431938107039,647,649,1
immigration,Brader (2005),educ,educ_3_College,mt,Z,0.3012982390820086,0.09045184131694162,3.33103488768421,9.144498605992306e-4,0.12368362896423873,0.47891284919977845,647,649,1
immigration,Brader (2005),educ,educ_3_College,original,(Intercept),2.1025219513625615,0.12838487221908107,16.37671101759352,5.1541889673635763e-23,1.8453361476492174,2.3597077550759056,56,58,1
immigration,Brader (2005),educ,educ_3_College,original,Z,0.8333549479483336,0.3796375039823918,2.195133355388897,0.03231571120519639,0.07284964156903528,1.5938602543276321,56,58,1
immigration,Brader (2005),educ,educ_3_Graduate School,mt,(Intercept),3.165973240144016,0.11732279900432141,26.985149237936287,1.4828103792252618e-69,2.9346658665170544,3.3972806137709775,206,208,1
immigration,Brader (2005),educ,educ_3_Graduate School,mt,Z,0.5087145616083767,0.1579333431661717,3.2210713166068157,0.0014842731336491154,0.19734160489476105,0.8200875183219923,206,208,1
immigration,Brader (2005),educ,educ_3_Graduate School,original,(Intercept),2.0099328339663627,0.3349757439484187,6.000233958061938,2.1143466552524266e-6,1.322619380252311,2.6972462876804144,27,29,1
immigration,Brader (2005),educ,educ_3_Graduate School,original,Z,1.1088912883210245,0.5024546224766477,2.206948127684031,0.036004513457283414,0.0779395607768576,2.1398430158651913,27,29,1
immigration,Brader (2005),educ,educ_3_Less than College,mt,(Intercept),2.9073897296286755,0.06374298289624838,45.611133924512195,1.1801437939227536e-230,2.7822776288446294,3.0325018304127216,850,852,1
immigration,Brader (2005),educ,educ_3_Less than College,mt,Z,0.2699719034655172,0.08585402336612166,3.1445457403228603,0.0017212582897960316,0.10146116336442493,0.4384826435666095,850,852,1
immigration,Brader (2005),educ,educ_3_Less than College,original,(Intercept),1.8160926933250916,0.12090572039463754,15.020734233230206,3.5108431869792565e-34,1.577610755501247,2.0545746311489363,191,193,1
immigration,Brader (2005),educ,educ_3_Less than College,original,Z,0.23313587786744405,0.203381794770074,1.1462966886048354,0.2531064715810823,-0.16802698172716224,0.6342987374620503,191,193,0
immigration,Brader (2005),female,female_0,mt,(Intercept),3.0645721725254584,0.06321261636650356,48.48038807248894,2.0970730477779752e-243,2.9404952490261715,3.1886490960247453,823,825,1
immigration,Brader (2005),female,female_0,mt,Z,0.19463059354234835,0.08524965824338285,2.283065968272732,0.02268065383608762,0.027298248637073752,0.36196293844762295,823,825,1
immigration,Brader (2005),female,female_0,original,(Intercept),1.9450535461694405,0.1466912224629801,13.259508738911125,4.907280759422795e-26,1.6548838088949862,2.2352232834438945,132,134,1
immigration,Brader (2005),female,female_0,original,Z,0.3362020692989226,0.24908467904737616,1.349750095368076,0.17940634492775426,-0.15651204586573308,0.8289161844635783,132,134,0
immigration,Brader (2005),female,female_1,mt,(Intercept),2.9621904164060853,0.05851668041668491,50.62129969289019,3.726083027181078e-263,2.8473422283787198,3.077038604433451,882,884,1
immigration,Brader (2005),female,female_1,mt,Z,0.4217117310086511,0.08023342781828591,5.256060254134366,1.8469985196758177e-7,0.26424101089023544,0.5791824511270668,882,884,1
immigration,Brader (2005),female,female_1,original,(Intercept),1.8409485233302068,0.1230989004248586,14.955036291765653,4.155156946770629e-31,1.5976343061192875,2.084262740541126,144,146,1
immigration,Brader (2005),female,female_1,original,Z,0.6084086759689133,0.25286753815499974,2.4060370912298685,0.01739505456759648,0.10859700509381437,1.1082203468440124,144,146,1
immigration,Brader (2005),pid,pid_3_Democrat,mt,(Intercept),3.2334327207370164,0.05073037052411708,63.73761293937034,0,3.133887394204498,3.3329780472695347,1042,1044,1
immigration,Brader (2005),pid,pid_3_Democrat,mt,Z,0.3049025810357765,0.06799152417577652,4.4844204440471245,8.122169854271721e-6,0.17148667246669397,0.43831848960485903,1042,1044,1
immigration,Brader (2005),pid,pid_3_Democrat,original,(Intercept),2.1061988702997025,0.15638262278768605,13.468241117551775,1.0661108739545816e-24,1.796155110573129,2.416242630026276,106,108,1
immigration,Brader (2005),pid,pid_3_Democrat,original,Z,0.5506024952379184,0.3111664919127743,1.7694787502770781,0.07968976410854056,-0.06631533958152458,1.1675203300573613,106,108,0
immigration,Brader (2005),pid,pid_3_Independent,mt,(Intercept),2.8943904952868076,0.11467572124249752,25.23978453264944,8.693440041699452e-73,2.6686106082574064,3.120170382316209,268,270,1
immigration,Brader (2005),pid,pid_3_Independent,mt,Z,0.4658408720861712,0.15535791552126646,2.9985010453001584,0.002967988996590598,0.15996363638655575,0.7717181077857866,268,270,1
immigration,Brader (2005),pid,pid_3_Independent,original,(Intercept),1.5006265055548398,0.14341217406868187,10.463731655278938,2.1223493151197933e-14,1.2128489246529686,1.788404086456711,52,54,1
immigration,Brader (2005),pid,pid_3_Independent,original,Z,0.4584384186207677,0.25171637261539065,1.8212499006619542,0.07432397419455399,-0.046667436269623275,0.9635442735111586,52,54,0
immigration,Brader (2005),pid,pid_3_Republican,mt,(Intercept),2.480720847228604,0.0915872813897943,27.08586617688419,6.592772077025022e-92,2.3006585471273553,2.6607831473298527,393,395,1
immigration,Brader (2005),pid,pid_3_Republican,mt,Z,0.2587351761763066,0.1267253894685035,2.041699593597327,0.04184859834349273,0.009590701499629456,0.5078796508529837,393,395,1
immigration,Brader (2005),pid,pid_3_Republican,original,(Intercept),1.7858218327219448,0.14105514936696786,12.660451183359255,1.3305663440781133e-23,1.5064443361049775,2.0651993293389124,116,118,1
immigration,Brader (2005),pid,pid_3_Republican,original,Z,0.5548038965805725,0.2818361478473218,1.9685334930178107,0.05139192992358452,-0.003408106278737333,1.1130158994398824,116,118,0
immigration,Brader (2005),white,white_0,mt,(Intercept),3.2604299110835675,0.0807534370913882,40.37512245322459,1.2160794807778924e-145,3.1016920228325247,3.4191677993346103,414,416,1
immigration,Brader (2005),white,white_0,mt,Z,0.33658325845701065,0.10795725338615306,3.117745662286198,0.0019495851644072426,0.12437053982675678,0.5487959770872646,414,416,1
immigration,Brader (2005),white,white_1,mt,(Intercept),2.927857274085161,0.0501142319596802,58.42366847886229,0,2.829543012223038,3.0261715359472845,1291,1293,1
immigration,Brader (2005),white,white_1,mt,Z,0.30649739278647103,0.06841276306752636,4.4801200688816625,8.120247025312645e-6,0.17228501358960738,0.4407097719833347,1291,1293,1
immigration,Brader (2005),white,white_1,original,(Intercept),1.8864767048826399,0.09423170571445579,20.01955382829541,8.0266370788234975e-56,1.7009783906953824,2.0719750190698973,278,280,1
immigration,Brader (2005),white,white_1,original,Z,0.47154906911988964,0.175099384902543,2.6930366967442225,0.007510530650217469,0.12685998100053147,0.8162381572392479,278,280,1
jacobsenS7,"Jacobsen, Snyder and Saultz (2014)",age,age_3_18 - 39,mt,(Intercept),3.304235224163704,0.04076081504676522,81.06401259083576,0,3.2242160164805544,3.3842544318468533,748,750,1
jacobsenS7,"Jacobsen, Snyder and Saultz (2014)",age,age_3_18 - 39,mt,Z,0.46979311304823385,0.05381636881866709,8.729558001789195,1.6532562182796837e-17,0.36414401873269603,0.5754422073637717,748,750,1
jacobsenS7,"Jacobsen, Snyder and Saultz (2014)",age,age_3_18 - 39,original,(Intercept),3.134616467261835,0.12914433941254377,24.272194054502787,2.1083993490057557e-59,2.879831481311568,3.3894014532121015,185,187,1
jacobsenS7,"Jacobsen, Snyder and Saultz (2014)",age,age_3_18 - 39,original,Z,0.42820685252129664,0.16965333140300273,2.5240108695779946,0.01244361904511319,0.09350289372175563,0.7629108113208376,185,187,1
jacobsenS7,"Jacobsen, Snyder and Saultz (2014)",age,age_3_40 - 59,mt,(Intercept),2.9078836916755617,0.10322655370145882,28.169919341543093,4.571083512664404e-72,2.704349950080471,3.1114174332706526,203,205,1
jacobsenS7,"Jacobsen, Snyder and Saultz (2014)",age,age_3_40 - 59,mt,Z,0.4607701935605323,0.13268064644364808,3.472776218016317,6.294396120949075e-4,0.19916126214127622,0.7223791249797884,203,205,1
jacobsenS7,"Jacobsen, Snyder and Saultz (2014)",age,age_3_40 - 59,original,(Intercept),3.050219543161311,0.10954288301914922,27.844981427301864,1.4456881503322131e-70,2.8342057381154953,3.2662333482071264,199,201,1
jacobsenS7,"Jacobsen, Snyder and Saultz (2014)",age,age_3_40 - 59,original,Z,0.47380583408119953,0.1437054280493579,3.2970628911697295,0.0011570761828223403,0.19042497479476894,0.7571866933676301,199,201,1
jacobsenS7,"Jacobsen, Snyder and Saultz (2014)",age,age_3_More than 60,mt,(Intercept),2.7402357293518627,0.22741901452419208,12.049281521534187,5.2122117839723287e-14,2.2785505849314207,3.2019208737723046,35,37,1
jacobsenS7,"Jacobsen, Snyder and Saultz (2014)",age,age_3_More than 60,mt,Z,0.5539190795761268,0.3436449361009971,1.6118936186312092,0.1159675328835577,-0.14371722970558976,1.2515553888578435,35,37,0
jacobsenS7,"Jacobsen, Snyder and Saultz (2014)",age,age_3_More than 60,original,(Intercept),2.5736960199138395,0.13934021349475625,18.47059047322828,1.1013508544806147e-40,2.2984024062117667,2.848989633615912,152,154,1
jacobsenS7,"Jacobsen, Snyder and Saultz (2014)",age,age_3_More than 60,original,Z,0.8690092771402068,0.1905643213838458,4.560188763718249,1.0450686018474895e-5,0.49251250452390605,1.2455060497565076,152,154,1
jacobsenS7,"Jacobsen, Snyder and Saultz (2014)",educ,educ_3_College,mt,(Intercept),3.294565602644033,0.06325000370419052,52.0879906671967,4.884988909648457e-158,3.170125749884728,3.4190054554033376,319,321,1
jacobsenS7,"Jacobsen, Snyder and Saultz (2014)",educ,educ_3_College,mt,Z,0.4430371473371582,0.0827607211433177,5.353229662776205,1.6547836897203651e-7,0.28021135523928364,0.6058629394350328,319,321,1
jacobsenS7,"Jacobsen, Snyder and Saultz (2014)",educ,educ_3_College,original,(Intercept),2.9163937405244824,0.1552617354422515,18.78372499326606,2.0620414345943127e-33,2.6080747045847783,3.2247127764641865,93,95,1
jacobsenS7,"Jacobsen, Snyder and Saultz (2014)",educ,educ_3_College,original,Z,0.5142001917586029,0.1868430177958086,2.752043923421032,0.007120378881129175,0.14316698802183725,0.8852333954953685,93,95,1
jacobsenS7,"Jacobsen, Snyder and Saultz (2014)",educ,educ_3_Graduate School,mt,(Intercept),2.9878955183020306,0.13035613533606816,22.921019487107422,1.1551222907253056e-42,2.7294233821247804,3.2463676544792808,105,107,1
jacobsenS7,"Jacobsen, Snyder and Saultz (2014)",educ,educ_3_Graduate School,mt,Z,0.48869419644955653,0.16324638414295098,2.993598902758046,0.0034380230822540696,0.16500677257909963,0.8123816203200134,105,107,1
jacobsenS7,"Jacobsen, Snyder and Saultz (2014)",educ,educ_3_Graduate School,original,(Intercept),2.7174916440277674,0.24527222683609973,11.079491873507958,4.806343023281297e-16,2.226703051755315,3.20828023630022,59,61,1
jacobsenS7,"Jacobsen, Snyder and Saultz (2014)",educ,educ_3_Graduate School,original,Z,1.030383714644925,0.2661668114590802,3.87119531919303,2.7352138071196736e-4,0.49778515511481436,1.5629822741750359,59,61,1
jacobsenS7,"Jacobsen, Snyder and Saultz (2014)",educ,educ_3_Less than College,mt,(Intercept),3.197278736609068,0.052457013567537146,60.950452935957706,7.661870070214476e-250,3.094242982232551,3.300314490985585,562,564,1
jacobsenS7,"Jacobsen, Snyder and Saultz (2014)",educ,educ_3_Less than College,mt,Z,0.4663001973040158,0.07125442117420085,6.544158097418515,1.3489924819125543e-10,0.32634268659110577,0.6062577080169258,562,564,1
jacobsenS7,"Jacobsen, Snyder and Saultz (2014)",educ,educ_3_Less than College,original,(Intercept),3.0126795786875595,0.08911859038511688,33.80528760237985,3.780774329636616e-117,2.8374580853990876,3.1879010719760315,384,386,1
jacobsenS7,"Jacobsen, Snyder and Saultz (2014)",educ,educ_3_Less than College,original,Z,0.48252558842447996,0.12180201705840983,3.9615566316367823,8.876675054467536e-5,0.2430432175488431,0.7220079593001169,384,386,1
jacobsenS7,"Jacobsen, Snyder and Saultz (2014)",female,female_0,mt,(Intercept),3.2523353692674206,0.05015680488893428,64.84335229226213,1.3100858261919015e-249,3.153797811929971,3.35087292660487,514,516,1
jacobsenS7,"Jacobsen, Snyder and Saultz (2014)",female,female_0,mt,Z,0.5016213218474246,0.06679534176218015,7.50982491613577,2.6377122767270613e-13,0.3703958613472988,0.6328467823475503,514,516,1
jacobsenS7,"Jacobsen, Snyder and Saultz (2014)",female,female_0,original,(Intercept),3.078247417255911,0.10809515747196514,28.477199989779976,3.607249826362125e-83,2.8654272959308233,3.2910675385809984,269,271,1
jacobsenS7,"Jacobsen, Snyder and Saultz (2014)",female,female_0,original,Z,0.4172616855415859,0.1386783068863585,3.008846119555784,0.002871047238739949,0.1442287876121206,0.6902945834710512,269,271,1
jacobsenS7,"Jacobsen, Snyder and Saultz (2014)",female,female_1,mt,(Intercept),3.1588393588642827,0.06020978786030209,52.4638845463694,1.5471447867546753e-199,3.040528247865199,3.2771504698633662,474,476,1
jacobsenS7,"Jacobsen, Snyder and Saultz (2014)",female,female_1,mt,Z,0.41516416838826853,0.07970771084719394,5.208582256040089,2.84276720134465e-7,0.25854000210810674,0.5717883346684303,474,476,1
jacobsenS7,"Jacobsen, Snyder and Saultz (2014)",female,female_1,original,(Intercept),2.8642210512320245,0.10070586063858673,28.441453487112764,4.650127633692456e-83,2.665949139885673,3.062492962578376,269,271,1
jacobsenS7,"Jacobsen, Snyder and Saultz (2014)",female,female_1,original,Z,0.6767186978407811,0.13578714188792504,4.983672890024639,1.1184667563923684e-6,0.4093779890909933,0.9440594065905689,269,271,1
jacobsenS7,"Jacobsen, Snyder and Saultz (2014)",ideo,ideo_3_Conservative,mt,(Intercept),2.9569524578735016,0.09603928990597821,30.78898709859618,2.0221297750962208e-77,2.767561299619924,3.146343616127079,198,200,1
jacobsenS7,"Jacobsen, Snyder and Saultz (2014)",ideo,ideo_3_Conservative,mt,Z,0.5061582170022478,0.13234818397992643,3.824443991456793,1.7557190960341677e-4,0.24516528503393703,0.7671511489705587,198,200,1
jacobsenS7,"Jacobsen, Snyder and Saultz (2014)",ideo,ideo_3_Conservative,original,(Intercept),2.7417793630821468,0.1128314103243439,24.29978811042651,2.817136757611851e-62,2.519320559659721,2.9642381665045727,205,207,1
jacobsenS7,"Jacobsen, Snyder and Saultz (2014)",ideo,ideo_3_Conservative,original,Z,0.6282759078595219,0.15172997869957128,4.140749990504659,5.057126900588893e-5,0.3291245509121177,0.9274272648069262,205,207,1
jacobsenS7,"Jacobsen, Snyder and Saultz (2014)",ideo,ideo_3_Liberal,mt,(Intercept),3.250549871625706,0.04910766456718316,66.19231234624684,7.812125230555485e-266,3.1540906421727564,3.347009101078656,556,558,1
jacobsenS7,"Jacobsen, Snyder and Saultz (2014)",ideo,ideo_3_Liberal,mt,Z,0.5197470159787191,0.0635277297102842,8.181419646963706,1.9184470818700803e-15,0.3949633205870169,0.6445307113704213,556,558,1
jacobsenS7,"Jacobsen, Snyder and Saultz (2014)",ideo,ideo_3_Liberal,original,(Intercept),3.1950010460968943,0.14406092161886724,22.178124436477674,8.086104993831905e-48,2.9102024738668857,3.479799618326903,141,143,1
jacobsenS7,"Jacobsen, Snyder and Saultz (2014)",ideo,ideo_3_Liberal,original,Z,0.4258906413786306,0.18178104103042006,2.3428771172421667,0.020533916829691686,0.06652197732887954,0.7852593054283816,141,143,1
jacobsenS7,"Jacobsen, Snyder and Saultz (2014)",ideo,ideo_3_Moderate,mt,(Intercept),3.3274290999272593,0.07830599833278333,42.492646422645876,1.9183609478757475e-111,3.1731473381558795,3.481710861698639,232,234,1
jacobsenS7,"Jacobsen, Snyder and Saultz (2014)",ideo,ideo_3_Moderate,mt,Z,0.2693633080893496,0.10663944803060427,2.525925565669146,0.012206517236696813,0.059257795526065304,0.4794688206526339,232,234,1
jacobsenS7,"Jacobsen, Snyder and Saultz (2014)",ideo,ideo_3_Moderate,original,(Intercept),3.019823138996516,0.12682454019462688,23.81103163758567,6.214061388463801e-59,2.769658159293256,3.2699881186997763,190,192,1
jacobsenS7,"Jacobsen, Snyder and Saultz (2014)",ideo,ideo_3_Moderate,original,Z,0.5613120575149758,0.16926698562213763,3.316134303756187,0.0010934014729338556,0.2274281580928978,0.8951959569370538,190,192,1
jacobsenS7,"Jacobsen, Snyder and Saultz (2014)",pid,pid_3_Democrat,mt,(Intercept),3.2853097442319856,0.044979931123214016,73.03945697988067,1.4510323e-317,3.1969879928126255,3.373631495651346,657,659,1
jacobsenS7,"Jacobsen, Snyder and Saultz (2014)",pid,pid_3_Democrat,mt,Z,0.4864232996505815,0.05854949360909688,8.307899345776844,5.57562237287091e-16,0.3714566091479533,0.6013899901532097,657,659,1
jacobsenS7,"Jacobsen, Snyder and Saultz (2014)",pid,pid_3_Democrat,original,(Intercept),3.0605239846718244,0.11038614382279312,27.72561735270864,1.1762470544324482e-83,2.8432675449118605,3.2777804244317883,291,293,1
jacobsenS7,"Jacobsen, Snyder and Saultz (2014)",pid,pid_3_Democrat,original,Z,0.5699919055454833,0.13815895458040706,4.125624048593637,4.830925352676555e-5,0.29807442067271284,0.8419093904182537,291,293,1
jacobsenS7,"Jacobsen, Snyder and Saultz (2014)",pid,pid_3_Independent,mt,(Intercept),3.169517210439191,0.11414739904450717,27.76688069084575,1.627787885743699e-51,2.9433038579670767,3.395730562911305,110,112,1
jacobsenS7,"Jacobsen, Snyder and Saultz (2014)",pid,pid_3_Independent,mt,Z,0.24580624307105825,0.172493141722679,1.425020384092988,0.15698250350195525,-0.09603467660088594,0.5876471627430024,110,112,0
jacobsenS7,"Jacobsen, Snyder and Saultz (2014)",pid,pid_3_Independent,original,(Intercept),2.1542656782984966,0.47837858153476276,4.5032653246870975,0.0019934697333558837,1.0511226910862306,3.257408665510763,8,10,1
jacobsenS7,"Jacobsen, Snyder and Saultz (2014)",pid,pid_3_Independent,original,Z,1.588184578456058,0.5638998766609624,2.8164300865966205,0.022617897562251386,0.2878291310347598,2.888540025877356,8,10,1
jacobsenS7,"Jacobsen, Snyder and Saultz (2014)",pid,pid_3_Republican,mt,(Intercept),3.004015430401618,0.09241599430757796,32.505362874782094,9.433245658363571e-86,2.821876872009149,3.1861539887940866,219,221,1
jacobsenS7,"Jacobsen, Snyder and Saultz (2014)",pid,pid_3_Republican,mt,Z,0.45767835250516214,0.12226033810750003,3.743473636583097,2.3196079277680806e-4,0.21672090895526422,0.6986357960550601,219,221,1
jacobsenS7,"Jacobsen, Snyder and Saultz (2014)",pid,pid_3_Republican,original,(Intercept),2.891453623086713,0.09658751596713978,29.93610089393354,1.730964056741225e-82,2.7011738975262114,3.081733348647215,237,239,1
jacobsenS7,"Jacobsen, Snyder and Saultz (2014)",pid,pid_3_Republican,original,Z,0.4342296760818337,0.13531017666142256,3.209142776957398,0.0015152755423343306,0.16766537920688523,0.7007939729567823,237,239,1
jacobsenS7,"Jacobsen, Snyder and Saultz (2014)",white,white_0,mt,(Intercept),3.2752341336538975,0.08583188720515034,38.15871047814229,1.9359408131491527e-97,3.106049934517425,3.44441833279037,214,216,1
jacobsenS7,"Jacobsen, Snyder and Saultz (2014)",white,white_0,mt,Z,0.4316386355633188,0.11004233564241568,3.9224779539934103,1.1805988818957639e-4,0.21473294895909964,0.6485443221675379,214,216,1
jacobsenS7,"Jacobsen, Snyder and Saultz (2014)",white,white_0,original,(Intercept),2.9661558071566847,0.1658251252576303,17.887252022565256,7.97355120859114e-39,2.638465047128766,3.2938465671846036,148,150,1
jacobsenS7,"Jacobsen, Snyder and Saultz (2014)",white,white_0,original,Z,0.6764655434473362,0.20491704928926016,3.3011676958730747,0.001206798929685263,0.27152435302187417,1.0814067338727984,148,150,1
jacobsenS7,"Jacobsen, Snyder and Saultz (2014)",white,white_1,mt,(Intercept),3.1908293789828934,0.04352252146759396,73.31444207245033,0,3.1053932047488186,3.276265553216968,774,776,1
jacobsenS7,"Jacobsen, Snyder and Saultz (2014)",white,white_1,mt,Z,0.4626205519473551,0.058771930148164744,7.87145412412155,1.1823414094424395e-14,0.3472492753095757,0.5779918285851344,774,776,1
jacobsenS7,"Jacobsen, Snyder and Saultz (2014)",white,white_1,original,(Intercept),2.969090581473559,0.07995160711069317,37.136096305892224,4.039006818532477e-130,2.8119004985514184,3.1262806643956997,390,392,1
jacobsenS7,"Jacobsen, Snyder and Saultz (2014)",white,white_1,original,Z,0.4927997285416801,0.10777826002682246,4.572348156474584,6.4855137524008955e-6,0.28090062803498883,0.7046988290483713,390,392,1
melloS6,Murtagh et al. (2012),age,age_3_18 - 39,mt,(Intercept),3.26235415661467,0.06814146980289168,47.876192956381274,1.45047257045744e-140,3.1282453760393465,3.3964629371899933,293,295,1
melloS6,Murtagh et al. (2012),age,age_3_18 - 39,mt,Z,-0.3924351217682652,0.10598797195921825,-3.7026382759664966,2.5490504429467696e-4,-0.6010293554444391,-0.18384088809209134,293,295,1
melloS6,Murtagh et al. (2012),age,age_3_18 - 39,original,(Intercept),3.385803776765731,0.163547207267459,20.702302615468778,1.9955541769741068e-33,3.0602062985649723,3.7114012549664896,78,80,1
melloS6,Murtagh et al. (2012),age,age_3_18 - 39,original,Z,-0.36266023501556555,0.23675121187116963,-1.5318199731662219,0.12961288195212814,-0.8339956912068991,0.10867522117576806,78,80,0
melloS6,Murtagh et al. (2012),age,age_3_40 - 59,mt,(Intercept),3.399660682252128,0.15423409068684624,22.042213022507003,3.818881397781979e-32,3.0917223845973067,3.7075989799069493,66,68,1
melloS6,Murtagh et al. (2012),age,age_3_40 - 59,mt,Z,-0.4249575852815163,0.21914158749634705,-1.939191871960862,0.05675480163809279,-0.8624878815894477,0.012572711026415051,66,68,0
melloS6,Murtagh et al. (2012),age,age_3_40 - 59,original,(Intercept),3.185712662496165,0.17498282365043247,18.205859272566904,1.0759338213070528e-34,2.838866349421966,3.5325589755703644,108,110,1
melloS6,Murtagh et al. (2012),age,age_3_40 - 59,original,Z,-0.3988725090879348,0.24525094150653656,-1.626385230726235,0.10678214463974713,-0.8850024220984458,0.08725740392257625,108,110,0
melloS6,Murtagh et al. (2012),age,age_3_More than 60,mt,(Intercept),3.6121394748928877,0.5160199249846984,6.999999999999998,0.0021921298066929413,2.179438479984589,5.044840469801186,4,6,1
melloS6,Murtagh et al. (2012),age,age_3_More than 60,mt,Z,-1.5480597749540939,1.153855630010127,-1.3416407864998734,0.25081535976844566,-4.751676591000627,1.6555570410924394,4,6,0
melloS6,Murtagh et al. (2012),age,age_3_More than 60,original,(Intercept),3.3998120743380866,0.17965557811939664,18.92405518340554,4.430083170066009e-31,3.0422165911013184,3.757407557574855,79,81,1
melloS6,Murtagh et al. (2012),age,age_3_More than 60,original,Z,-0.6489659296699636,0.3061449620914149,-2.1197994741987043,0.03716235880440098,-1.258332233825715,-0.039599625514212144,79,81,1
melloS6,Murtagh et al. (2012),educ,educ_3_College,mt,(Intercept),3.2837631589935303,0.10430256709091168,31.483052148959604,2.552099127465762e-64,3.0774984934201375,3.490027824566923,136,138,1
melloS6,Murtagh et al. (2012),educ,educ_3_College,mt,Z,-0.21631138269560626,0.15822619981026484,-1.3671021800118666,0.17384869250614118,-0.5292133092643613,0.09659054387314878,136,138,0
melloS6,Murtagh et al. (2012),educ,educ_3_College,original,(Intercept),3.3646426517890213,0.2452877541473489,13.717124458515846,4.754358178673701e-18,2.8711873392490133,3.8580979643290294,47,49,1
melloS6,Murtagh et al. (2012),educ,educ_3_College,original,Z,-0.6064167079911003,0.3202031481113067,-1.8938499248617697,0.06440890859507574,-1.2505823536704286,0.03774893768822807,47,49,0
melloS6,Murtagh et al. (2012),educ,educ_3_Graduate School,mt,(Intercept),3.577738146560573,0.17052592566056587,20.980611204434148,1.1792852382186748e-20,3.2308005421924433,3.924675750928703,33,35,1
melloS6,Murtagh et al. (2012),educ,educ_3_Graduate School,mt,Z,-0.8944345366401434,0.30493518399470426,-2.933195589052383,0.006058820538930824,-1.514829833207898,-0.2740392400723889,33,35,1
melloS6,Murtagh et al. (2012),educ,educ_3_Graduate School,original,(Intercept),3.429358367981825,0.2812950656264917,12.191320741243945,1.7265819180208548e-12,2.852188568194065,4.006528167769585,27,29,1
melloS6,Murtagh et al. (2012),educ,educ_3_Graduate School,original,Z,-0.7798605906968785,0.5464311261522407,-1.4271891797020404,0.1649889538242397,-1.9010446504907343,0.3413234690969773,27,29,0
melloS6,Murtagh et al. (2012),educ,educ_3_Less than College,mt,(Intercept),3.2616353749032805,0.08430747411649732,38.687381030966534,3.781251109272163e-93,3.0953584809493044,3.4279122688572565,194,196,1
melloS6,Murtagh et al. (2012),educ,educ_3_Less than College,mt,Z,-0.48659488943001505,0.12565567500481403,-3.8724465839793782,1.472106100195109e-4,-0.734421497526702,-0.23876828133332803,194,196,1
melloS6,Murtagh et al. (2012),educ,educ_3_Less than College,original,(Intercept),3.2819019688221687,0.12167483154487953,26.972726628445304,4.7233563761429836e-67,3.0419029884885656,3.521900949155772,191,193,1
melloS6,Murtagh et al. (2012),educ,educ_3_Less than College,original,Z,-0.3390047561453873,0.17817225115076055,-1.9026798727403305,0.058586675668620726,-0.6904427491715193,0.012433236880744769,191,193,0
melloS6,Murtagh et al. (2012),female,female_0,mt,(Intercept),3.361501225614605,0.08147455632479916,41.25829433441706,8.934377462463569e-100,3.200841855675485,3.5221605955537245,200,202,1
melloS6,Murtagh et al. (2012),female,female_0,mt,Z,-0.46753381126743226,0.13242370598999267,-3.53058999347718,5.145998812998216e-4,-0.7286596170287056,-0.20640800550615884,200,202,1
melloS6,Murtagh et al. (2012),female,female_0,original,(Intercept),3.443084585272314,0.13231400974607954,26.02207122193523,4.489382957751793e-52,3.18119809663364,3.704971073910988,124,126,1
melloS6,Murtagh et al. (2012),female,female_0,original,Z,-0.500712550069853,0.1898618297594159,-2.6372470480471653,0.009427925870883811,-0.8765022946148779,-0.1249228055248281,124,126,1
melloS6,Murtagh et al. (2012),female,female_1,mt,(Intercept),3.209392216368244,0.09477380733686466,33.86370460944719,3.47581246564938e-76,3.0222664866247544,3.3965179461117336,165,167,1
melloS6,Murtagh et al. (2012),female,female_1,mt,Z,-0.34396392704145007,0.13653411698254664,-2.519252584212483,0.012711443373023297,-0.613543117676161,-0.0743847364067392,165,167,1
melloS6,Murtagh et al. (2012),female,female_1,original,(Intercept),3.1872088151996927,0.14959581581015324,21.305467655889966,3.2390084726714973e-46,2.8915039332448207,3.4829136971545647,143,145,1
melloS6,Murtagh et al. (2012),female,female_1,original,Z,-0.36525165202852616,0.22695485378685049,-1.6093581870320346,0.10974345150965883,-0.81387154079129,0.08336823673423766,143,145,0
melloS6,Murtagh et al. (2012),white,white_0,mt,(Intercept),3.2133968055865285,0.11727725567834053,27.39999999999998,1.0040743487580753e-42,2.980051853910776,3.446741757262281,81,83,1
melloS6,Murtagh et al. (2012),white,white_0,mt,Z,-0.06435213516708936,0.19151628658999478,-0.3360139041587456,0.7377292434944003,-0.4454094713144546,0.3167052009802758,81,83,0
melloS6,Murtagh et al. (2012),white,white_0,original,(Intercept),3.312988245204601,0.16938648923062447,19.55875146980509,1.5824337078962432e-30,2.9753224502385875,3.6506540401706142,72,74,1
melloS6,Murtagh et al. (2012),white,white_0,original,Z,-0.22327888069994897,0.24863055574900603,-0.8980347569401337,0.37216030775887443,-0.7189148351444858,0.27235707374458795,72,74,0
melloS6,Murtagh et al. (2012),white,white_1,mt,(Intercept),3.319848468433028,0.07252551693220928,45.774902528942214,4.136474611021432e-133,3.17709271064369,3.4626042262223655,284,286,1
melloS6,Murtagh et al. (2012),white,white_1,mt,Z,-0.5124113940407486,0.10865838696041458,-4.715801590423256,3.779414840951847e-6,-0.7262893645376705,-0.2985334235438269,284,286,1
melloS6,Murtagh et al. (2012),white,white_1,original,(Intercept),3.311141983322779,0.12604178925254278,26.270191838426154,5.692537150699532e-66,3.0625618559297907,3.559722110715767,195,197,1
melloS6,Murtagh et al. (2012),white,white_1,original,Z,-0.5268384936126299,0.1856894108368764,-2.83720267751533,0.0050320772667354794,-0.8930559019427676,-0.1606210852824922,195,197,1
mental_illness,"McGinty, Webster and Barry (2013)",age,age_3_18 - 39,mt,(Intercept),2.3297357451545992,0.04473233421349281,52.08169406129204,0,2.242004861636302,2.4174666286728965,1859,1863,1
mental_illness,"McGinty, Webster and Barry (2013)",age,age_3_18 - 39,mt,Z,0.0028164526184409587,0.04481049940437691,0.06285251572460401,0.949890703914388,-0.08506773166936046,0.09070063690624239,1859,1863,0
mental_illness,"McGinty, Webster and Barry (2013)",age,age_3_18 - 39,mt,Z_mcginty_policylcm,0.1244740225624564,0.05397904781925599,2.305969215671357,0.021221915467891997,0.01860810610797088,0.23033993901694194,1859,1863,1
mental_illness,"McGinty, Webster and Barry (2013)",age,age_3_18 - 39,mt,Z_mcginty_policymi,0.005593737331568736,0.056226861794154565,0.09948514203135324,0.9207638108022203,-0.10468068383142237,0.11586815849455984,1859,1863,0
mental_illness,"McGinty, Webster and Barry (2013)",age,age_3_18 - 39,original,(Intercept),2.1900300209447856,0.07725358017676001,28.348589359015964,1.1166017376865295e-122,2.038384625694692,2.3416754161948794,794,798,1
mental_illness,"McGinty, Webster and Barry (2013)",age,age_3_18 - 39,original,Z,0.0750281721132902,0.0799523115938416,0.9384115433013861,0.3483183198912453,-0.08191471474147503,0.23197105896805542,794,798,0
mental_illness,"McGinty, Webster and Barry (2013)",age,age_3_18 - 39,original,Z_mcginty_policylcm,0.06063260180299694,0.09972782811042363,0.6079807707820679,0.5433740857987881,-0.13512875808007702,0.2563939616860709,794,798,0
mental_illness,"McGinty, Webster and Barry (2013)",age,age_3_18 - 39,original,Z_mcginty_policymi,0.011830172646410043,0.09802050194407008,0.12069079847357107,0.9039664813485416,-0.18057978072935232,0.2042401260221724,794,798,0
mental_illness,"McGinty, Webster and Barry (2013)",age,age_3_40 - 59,mt,(Intercept),2.39165331198038,0.0898465216143126,26.619320024954515,7.03605175983728e-100,2.2151558282493524,2.5681507957114076,532,536,1
mental_illness,"McGinty, Webster and Barry (2013)",age,age_3_40 - 59,mt,Z,0.05016286561511653,0.08800324059782609,0.5700115731460426,0.568910478927455,-0.12271361581806335,0.22303934704829642,532,536,0
mental_illness,"McGinty, Webster and Barry (2013)",age,age_3_40 - 59,mt,Z_mcginty_policylcm,0.12422367491255314,0.1070955332099002,1.1599332968358531,0.2465962579627494,-0.08615833866746907,0.3346056884925753,532,536,0
mental_illness,"McGinty, Webster and Barry (2013)",age,age_3_40 - 59,mt,Z_mcginty_policymi,-0.041964853258560836,0.10762772810248389,-0.389907452274767,0.6967610334464189,-0.25339232811752654,0.1694626216004049,532,536,0
mental_illness,"McGinty, Webster and Barry (2013)",age,age_3_40 - 59,original,(Intercept),2.186548606783602,0.07288893826016282,29.99835995661158,4.6290214025315095e-147,2.043540720622961,2.3295564929442434,1168,1172,1
mental_illness,"McGinty, Webster and Barry (2013)",age,age_3_40 - 59,original,Z,0.14336163427597823,0.0700846164251707,2.0455506727220993,0.041024238978246495,0.005855819448917471,0.28086744910303896,1168,1172,1
mental_illness,"McGinty, Webster and Barry (2013)",age,age_3_40 - 59,original,Z_mcginty_policylcm,0.24924739784310385,0.08979306141038246,2.775797972896425,0.00559456170639588,0.07307367092781278,0.4254211247583949,1168,1172,1
mental_illness,"McGinty, Webster and Barry (2013)",age,age_3_40 - 59,original,Z_mcginty_policymi,0.05665707038947445,0.0845967462372216,0.6697310819803846,0.5031616073305953,-0.1093215011774728,0.22263564195642171,1168,1172,0
mental_illness,"McGinty, Webster and Barry (2013)",age,age_3_More than 60,mt,(Intercept),2.7630034283222145,0.20395296439251184,13.547257999176493,7.731564344543816e-23,2.3574205917229127,3.168586264921516,84,88,1
mental_illness,"McGinty, Webster and Barry (2013)",age,age_3_More than 60,mt,Z,-0.06546599610188189,0.19930347916283783,-0.32847392517615764,0.7433708011814748,-0.4618028214269929,0.3308708292232292,84,88,0
mental_illness,"McGinty, Webster and Barry (2013)",age,age_3_More than 60,mt,Z_mcginty_policylcm,-0.034698279444854506,0.2463003629346148,-0.14087790627440464,0.8883036864883264,-0.5244935621562551,0.45509700326654606,84,88,0
mental_illness,"McGinty, Webster and Barry (2013)",age,age_3_More than 60,mt,Z_mcginty_policymi,-0.11838542754328404,0.25226072413788203,-0.469297897831199,0.6400725766118971,-0.6200335421621688,0.38326268707560063,84,88,0
mental_illness,"McGinty, Webster and Barry (2013)",age,age_3_More than 60,original,(Intercept),2.25884903721854,0.08343620137430373,27.07276937363317,2.0207600569287977e-120,2.0951108663038363,2.4225872081332436,961,965,1
mental_illness,"McGinty, Webster and Barry (2013)",age,age_3_More than 60,original,Z,0.12910053719098083,0.08007915277570579,1.612161626541921,0.10725510992791802,-0.02804964208277702,0.28625071646473865,961,965,0
mental_illness,"McGinty, Webster and Barry (2013)",age,age_3_More than 60,original,Z_mcginty_policylcm,0.27498448297732053,0.09957976694209017,2.761449352831239,0.005864223067921406,0.07956560447320074,0.47040336148144035,961,965,1
mental_illness,"McGinty, Webster and Barry (2013)",age,age_3_More than 60,original,Z_mcginty_policymi,0.294933072219514,0.09816724280761052,3.00439396874503,0.002730124851973301,0.10228618134597925,0.48757996309304874,961,965,1
mental_illness,"McGinty, Webster and Barry (2013)",educ,educ_3_College,mt,(Intercept),2.4595396871302775,0.06116361717627475,40.212462909802014,6.6112700702127105e-208,2.339509554097503,2.579569820163052,958,962,1
mental_illness,"McGinty, Webster and Barry (2013)",educ,educ_3_College,mt,Z,0.0016442844642741937,0.061544517578022956,0.026716993307968576,0.9786910234387917,-0.11913334402421073,0.12242191295275913,958,962,0
mental_illness,"McGinty, Webster and Barry (2013)",educ,educ_3_College,mt,Z_mcginty_policylcm,0.09094407811113252,0.07228318669149436,1.2581636515180645,0.2086391350832498,-0.05090758003406977,0.23279573625633482,958,962,0
mental_illness,"McGinty, Webster and Barry (2013)",educ,educ_3_College,mt,Z_mcginty_policymi,-0.11320852473672079,0.07782460358938782,-1.454662401289223,0.146090303652579,-0.2659348995542101,0.03951785008076854,958,962,0
mental_illness,"McGinty, Webster and Barry (2013)",educ,educ_3_College,original,(Intercept),2.311059456199339,0.10244754083701493,22.558466873070504,4.366986157756733e-81,2.109840197189843,2.512278715208835,572,576,1
mental_illness,"McGinty, Webster and Barry (2013)",educ,educ_3_College,original,Z,-0.012219338848098258,0.09556620265507623,-0.12786255505203123,0.8983026835446188,-0.19992282423676805,0.17548414654057154,572,576,0
mental_illness,"McGinty, Webster and Barry (2013)",educ,educ_3_College,original,Z_mcginty_policylcm,0.23672070868459485,0.11948304981198049,1.981207452078772,0.04804644421236152,0.002041666601870634,0.4713997507673191,572,576,1
mental_illness,"McGinty, Webster and Barry (2013)",educ,educ_3_College,original,Z_mcginty_policymi,0.181674626458862,0.11972092003234888,1.5174843829280054,0.1296968968013849,-0.05347162126971661,0.4168208741874406,572,576,0
mental_illness,"McGinty, Webster and Barry (2013)",educ,educ_3_Graduate School,mt,(Intercept),2.649977155085627,0.10449672090322103,25.359428814420752,1.0690618156218631e-76,2.444340510423867,2.8556137997473865,301,305,1
mental_illness,"McGinty, Webster and Barry (2013)",educ,educ_3_Graduate School,mt,Z,-0.04586772989480386,0.10326551639075301,-0.4441727645193969,0.6572368430555346,-0.24908151609126492,0.15734605630165718,301,305,0
mental_illness,"McGinty, Webster and Barry (2013)",educ,educ_3_Graduate School,mt,Z_mcginty_policylcm,0.14732686722854912,0.12494281403544327,1.1791543864760083,0.23926790976277632,-0.09854516426459253,0.3931988987216908,301,305,0
mental_illness,"McGinty, Webster and Barry (2013)",educ,educ_3_Graduate School,mt,Z_mcginty_policymi,0.1708836713073862,0.12751043249292304,1.3401544325941361,0.18120588021357004,-0.08004111628952587,0.42180845890429824,301,305,0
mental_illness,"McGinty, Webster and Barry (2013)",educ,educ_3_Graduate School,original,(Intercept),2.517436691605176,0.1366544265427292,18.42191837684835,2.368782433937462e-55,2.2487881008378094,2.786085282372542,401,405,1
mental_illness,"McGinty, Webster and Barry (2013)",educ,educ_3_Graduate School,original,Z,0.024371134082939467,0.12377316513312948,0.19690159863590834,0.8440043002324862,-0.21895421752895777,0.26769648569483673,401,405,0
mental_illness,"McGinty, Webster and Barry (2013)",educ,educ_3_Graduate School,original,Z_mcginty_policylcm,0.2531770521307666,0.15110793957306973,1.6754715393914847,0.09462127869720868,-0.04388566326815457,0.5502397675296877,401,405,0
mental_illness,"McGinty, Webster and Barry (2013)",educ,educ_3_Graduate School,original,Z_mcginty_policymi,-0.032811518653775545,0.16579217986159445,-0.19790751699607934,0.8432177084283945,-0.35874194481629984,0.2931189075087487,401,405,0
mental_illness,"McGinty, Webster and Barry (2013)",educ,educ_3_Less than College,mt,(Intercept),2.2022566567298845,0.05747585418443152,38.31620578727144,2.612198268996834e-211,2.089493814205733,2.315019499254036,1216,1220,1
mental_illness,"McGinty, Webster and Barry (2013)",educ,educ_3_Less than College,mt,Z,0.013082794635787143,0.05745108501704693,0.22772058407435136,0.8199017513849223,-0.09963145284335162,0.1257970421149259,1216,1220,0
mental_illness,"McGinty, Webster and Barry (2013)",educ,educ_3_Less than College,mt,Z_mcginty_policylcm,0.1407688978729947,0.07055063915191938,1.9952887679709277,0.04623421091039965,0.002354415381997099,0.2791833803639923,1216,1220,1
mental_illness,"McGinty, Webster and Barry (2013)",educ,educ_3_Less than College,mt,Z_mcginty_policymi,0.05347028597309277,0.07116130958732657,0.7513954743550073,0.4525600791523663,-0.08614228108957575,0.1930828530357613,1216,1220,0
mental_illness,"McGinty, Webster and Barry (2013)",educ,educ_3_Less than College,original,(Intercept),2.1375004326767257,0.05375198179564489,39.765983713923475,9.430518145130928e-254,2.032083052403898,2.2429178129495533,1950,1954,1
mental_illness,"McGinty, Webster and Barry (2013)",educ,educ_3_Less than College,original,Z,0.15929513566256828,0.05435038016712438,2.930892758665986,0.0034192167669553366,0.05270418770770231,0.26588608361743427,1950,1954,1
mental_illness,"McGinty, Webster and Barry (2013)",educ,educ_3_Less than College,original,Z_mcginty_policylcm,0.1602368802147541,0.06828022288083589,2.346753912833632,0.019037342796052327,0.026326985545053194,0.294146774884455,1950,1954,1
mental_illness,"McGinty, Webster and Barry (2013)",educ,educ_3_Less than College,original,Z_mcginty_policymi,0.09592898011387616,0.0657193654003892,1.4596759954913998,0.1445402151295027,-0.03295860881336676,0.22481656904111907,1950,1954,0
mental_illness,"McGinty, Webster and Barry (2013)",female,female_0,mt,(Intercept),2.1394494758544034,0.060069011459176994,35.616525457695886,1.0300450691901887e-187,2.02159201070439,2.257306941004417,1147,1151,1
mental_illness,"McGinty, Webster and Barry (2013)",female,female_0,mt,Z,-0.04371782129663352,0.0602745807822056,-0.7253110802147626,0.4684091571708512,-0.16197862052417256,0.0745429779309055,1147,1151,0
mental_illness,"McGinty, Webster and Barry (2013)",female,female_0,mt,Z_mcginty_policylcm,0.12908321523032976,0.07400200477095928,1.7443205171245046,0.08137107800517786,-0.01611126169645874,0.2742776921571183,1147,1151,0
mental_illness,"McGinty, Webster and Barry (2013)",female,female_0,mt,Z_mcginty_policymi,0.05593541103430736,0.07401205314290595,0.7557608343374105,0.4499477773063575,-0.08927878114361898,0.20114960321223369,1147,1151,0
mental_illness,"McGinty, Webster and Barry (2013)",female,female_0,original,(Intercept),2.104721426306545,0.06396516937372236,32.9041796795615,5.746306174917887e-178,1.9792476221983373,2.2301952304147523,1455,1459,1
mental_illness,"McGinty, Webster and Barry (2013)",female,female_0,original,Z,0.08730355985939343,0.06374916825048677,1.3694854733846165,0.1710588992913739,-0.03774653736443652,0.2123536570832234,1455,1459,0
mental_illness,"McGinty, Webster and Barry (2013)",female,female_0,original,Z_mcginty_policylcm,0.12719709490140527,0.08027003782519952,1.5846148618790576,0.11327117194327971,-0.030260269793310784,0.28465445959612135,1455,1459,0
mental_illness,"McGinty, Webster and Barry (2013)",female,female_0,original,Z_mcginty_policymi,0.1064122091976538,0.07730410378613242,1.3765402350701992,0.16886622482644312,-0.04522719190438469,0.2580516102996923,1455,1459,0
mental_illness,"McGinty, Webster and Barry (2013)",female,female_1,mt,(Intercept),2.5540528559316655,0.0495720101583864,51.522075618302935,2.2474e-319,2.4568051354882994,2.6513005763750317,1332,1336,1
mental_illness,"McGinty, Webster and Barry (2013)",female,female_1,mt,Z,0.041303058394368396,0.049315947611004066,0.8375193095783133,0.40245097275754704,-0.05544233222730411,0.1380484490160409,1332,1336,0
mental_illness,"McGinty, Webster and Barry (2013)",female,female_1,mt,Z_mcginty_policylcm,0.09705658333143517,0.05806211697302803,1.6715991147295144,0.09483828089375007,-0.01684657495692833,0.2109597416197987,1332,1336,0
mental_illness,"McGinty, Webster and Barry (2013)",female,female_1,mt,Z_mcginty_policymi,-0.05216843778216426,0.06255066544206897,-0.8340189095267074,0.40441986776540406,-0.17487699059294348,0.07054011502861497,1332,1336,0
mental_illness,"McGinty, Webster and Barry (2013)",female,female_1,original,(Intercept),2.3025773395071534,0.06291244397349702,36.59971214084697,4.3238768027850295e-209,2.1791697436131465,2.4259849354011602,1472,1476,1
mental_illness,"McGinty, Webster and Barry (2013)",female,female_1,original,Z,0.14250882740035486,0.0617997863976383,2.305976051169667,0.02125036609309582,0.021283794888368818,0.2637338599123409,1472,1476,1
mental_illness,"McGinty, Webster and Barry (2013)",female,female_1,original,Z_mcginty_policylcm,0.23727375811842777,0.07712099265283952,3.0766429470963454,0.002132055555291539,0.08599500156184553,0.38855251467501,1472,1476,1
mental_illness,"McGinty, Webster and Barry (2013)",female,female_1,original,Z_mcginty_policymi,0.09146775608532978,0.07666515035386619,1.1930812848228778,0.2330298047724516,-0.05891683075425985,0.24185234292491942,1472,1476,0
mental_illness,"McGinty, Webster and Barry (2013)",ideo,ideo_3_Conservative,mt,(Intercept),1.7840619804054478,0.08277155096267069,21.554047974889894,1.958029631001068e-73,1.6214406442968095,1.9466833165140862,502,506,1
mental_illness,"McGinty, Webster and Barry (2013)",ideo,ideo_3_Conservative,mt,Z,0.02507095421469623,0.0897180105509395,0.2794417092035451,0.7800209593937961,-0.15119809691595973,0.2013400053453522,502,506,0
mental_illness,"McGinty, Webster and Barry (2013)",ideo,ideo_3_Conservative,mt,Z_mcginty_policylcm,0.14500006005093038,0.10972297953971333,1.321510413399308,0.18693318316384339,-0.07057277055382843,0.3605728906556892,502,506,0
mental_illness,"McGinty, Webster and Barry (2013)",ideo,ideo_3_Conservative,mt,Z_mcginty_policymi,0.10271104051082836,0.10688162355800386,0.9609794190213422,0.3370251490601248,-0.10727937559605241,0.3127014566177091,502,506,0
mental_illness,"McGinty, Webster and Barry (2013)",ideo,ideo_3_Conservative,original,(Intercept),1.94700664552316,0.07803495397547701,24.950442671306238,6.351743928550754e-109,1.7938898255866003,2.10012346545972,1083,1087,1
mental_illness,"McGinty, Webster and Barry (2013)",ideo,ideo_3_Conservative,original,Z,0.0648870825145048,0.07373885523568283,0.8799578228752515,0.37907737341006476,-0.07980011782648937,0.20957428285549895,1083,1087,0
mental_illness,"McGinty, Webster and Barry (2013)",ideo,ideo_3_Conservative,original,Z_mcginty_policylcm,0.22201303146880508,0.09469315740931065,2.344551998716813,0.019229855360186798,0.03621020345890863,0.4078158594787015,1083,1087,1
mental_illness,"McGinty, Webster and Barry (2013)",ideo,ideo_3_Conservative,original,Z_mcginty_policymi,0.24905833620123677,0.08982590983441872,2.7726781355217036,0.005655081237406373,0.07280581138938652,0.425310861013087,1083,1087,1
mental_illness,"McGinty, Webster and Barry (2013)",ideo,ideo_3_Liberal,mt,(Intercept),2.77720599111914,0.048682371928990706,57.0474666922565,0,2.6816932314359074,2.8727187508023726,1191,1195,1
mental_illness,"McGinty, Webster and Barry (2013)",ideo,ideo_3_Liberal,mt,Z,-0.05321704789102229,0.04681761857823536,-1.1366884841033307,0.2558971851121768,-0.14507124017907969,0.03863714439703511,1191,1195,0
mental_illness,"McGinty, Webster and Barry (2013)",ideo,ideo_3_Liberal,mt,Z_mcginty_policylcm,0.04188506265258997,0.05653457201093729,0.7408752054315862,0.458915150549996,-0.0690333822857812,0.15280350759096112,1191,1195,0
mental_illness,"McGinty, Webster and Barry (2013)",ideo,ideo_3_Liberal,mt,Z_mcginty_policymi,-0.03613457657289953,0.05996529153361541,-0.6025915266774475,0.5468951714776121,-0.1537839484633939,0.08151479531759484,1191,1195,0
mental_illness,"McGinty, Webster and Barry (2013)",ideo,ideo_3_Liberal,original,(Intercept),2.6024138082693757,0.07971306276901623,32.647269065678294,2.9320946201336092e-151,2.4459520125106624,2.758875604028089,834,838,1
mental_illness,"McGinty, Webster and Barry (2013)",ideo,ideo_3_Liberal,original,Z,-0.0321587217279245,0.08519308693965937,-0.37748041400004567,0.7059126558327407,-0.19937677741136947,0.13505933395552047,834,838,0
mental_illness,"McGinty, Webster and Barry (2013)",ideo,ideo_3_Liberal,original,Z_mcginty_policylcm,0.045278941954131756,0.10671567543073272,0.42429513538075786,0.6714600088310267,-0.16418391938239696,0.2547418032906605,834,838,0
mental_illness,"McGinty, Webster and Barry (2013)",ideo,ideo_3_Liberal,original,Z_mcginty_policymi,0.00280012785350489,0.10399725674510756,0.026925016497001197,0.9785259815991019,-0.20132698731542986,0.20692724302243964,834,838,0
mental_illness,"McGinty, Webster and Barry (2013)",ideo,ideo_3_Moderate,mt,(Intercept),2.1552596687838332,0.06883376890102326,31.311080348991233,3.9871437955722583e-140,2.0201388289742384,2.290380508593428,782,786,1
mental_illness,"McGinty, Webster and Barry (2013)",ideo,ideo_3_Moderate,mt,Z,0.07776763566268557,0.0705116045507565,1.1029054885101353,0.27040750375329636,-0.06064679921912475,0.2161820705444959,782,786,0
mental_illness,"McGinty, Webster and Barry (2013)",ideo,ideo_3_Moderate,mt,Z_mcginty_policylcm,0.10833534039636386,0.08505479104751738,1.2737123807151602,0.2031438090003639,-0.05862740157837215,0.2752980823710999,782,786,0
mental_illness,"McGinty, Webster and Barry (2013)",ideo,ideo_3_Moderate,mt,Z_mcginty_policymi,-0.08204712933829289,0.08706310112630562,-0.9423869386327524,0.3462856073212557,-0.2529521884166316,0.08885792974004583,782,786,0
mental_illness,"McGinty, Webster and Barry (2013)",ideo,ideo_3_Moderate,original,(Intercept),2.147610133204663,0.07029511631932053,30.551341909002502,1.4815111264937163e-145,2.0096682762098275,2.2855519901994987,1006,1010,1
mental_illness,"McGinty, Webster and Barry (2013)",ideo,ideo_3_Moderate,original,Z,0.2682064417357629,0.07266540042438083,3.6909786524175514,2.353828797536159e-4,0.12561331722510005,0.4107995662464258,1006,1010,1
mental_illness,"McGinty, Webster and Barry (2013)",ideo,ideo_3_Moderate,original,Z_mcginty_policylcm,0.2627314088965683,0.08939118496113267,2.9391198809010537,0.00336666016821948,0.08731686094285288,0.4381459568502838,1006,1010,1
mental_illness,"McGinty, Webster and Barry (2013)",ideo,ideo_3_Moderate,original,Z_mcginty_policymi,0.004927672848141506,0.08801123662065181,0.055989133176038444,0.9553615816319342,-0.16777896811843446,0.17763431381471745,1006,1010,0
mental_illness,"McGinty, Webster and Barry (2013)",pid,pid_3_Democrat,mt,(Intercept),2.6833053796695485,0.04436848546061178,60.47773215183689,0,2.59627461462191,2.770336144717187,1502,1506,1
mental_illness,"McGinty, Webster and Barry (2013)",pid,pid_3_Democrat,mt,Z,-0.010496436469478431,0.04260012035250275,-0.24639452618029442,0.8054105111082178,-0.09405847440947426,0.07306560147051741,1502,1506,0
mental_illness,"McGinty, Webster and Barry (2013)",pid,pid_3_Democrat,mt,Z_mcginty_policylcm,0.10594233880281394,0.05091822236866128,2.080637026873476,0.03763626888332985,0.006063972399155446,0.20582070520647244,1502,1506,1
mental_illness,"McGinty, Webster and Barry (2013)",pid,pid_3_Democrat,mt,Z_mcginty_policymi,-0.014316087642900615,0.054933945838505555,-0.2606054858135797,0.7944324815125262,-0.12207147491333101,0.09343929962752978,1502,1506,0
mental_illness,"McGinty, Webster and Barry (2013)",pid,pid_3_Democrat,original,(Intercept),2.4894749982707554,0.057969959107076925,42.94422553709965,7.201252322162165e-264,2.3757647002987525,2.603185296242758,1508,1512,1
mental_illness,"McGinty, Webster and Barry (2013)",pid,pid_3_Democrat,original,Z,0.0905531737070791,0.059176648284904716,1.5302180223373378,0.1261725039730589,-0.025524091364502594,0.2066304387786608,1508,1512,0
mental_illness,"McGinty, Webster and Barry (2013)",pid,pid_3_Democrat,original,Z_mcginty_policylcm,0.16395002760307487,0.07307524335974369,2.2435782635161643,0.02500419603712824,0.02061013527255459,0.3072899199335951,1508,1512,1
mental_illness,"McGinty, Webster and Barry (2013)",pid,pid_3_Democrat,original,Z_mcginty_policymi,-0.011193196255984757,0.07244070344228934,-0.1545152893897826,0.8772241332540405,-0.15328841420342346,0.13090202169145396,1508,1512,0
mental_illness,"McGinty, Webster and Barry (2013)",pid,pid_3_Independent,mt,(Intercept),1.9732423637424654,0.09855177374020942,20.022393193491318,7.505925081962003e-61,1.7794470744352182,2.1670376530497126,368,372,1
mental_illness,"McGinty, Webster and Barry (2013)",pid,pid_3_Independent,mt,Z,0.08379505440173447,0.10415298110733934,0.8045382235903155,0.42160565084743973,-0.1210146242055395,0.28860473300900846,368,372,0
mental_illness,"McGinty, Webster and Barry (2013)",pid,pid_3_Independent,mt,Z_mcginty_policylcm,0.043421292964124995,0.12580705063281847,0.3451419673675902,0.7301848311670593,-0.20396962501720303,0.290812210945453,368,372,0
mental_illness,"McGinty, Webster and Barry (2013)",pid,pid_3_Independent,mt,Z_mcginty_policymi,-0.08208674550677661,0.1271379556265065,-0.6456509789092649,0.5189077846697473,-0.3320947966811828,0.1679213056676296,368,372,0
mental_illness,"McGinty, Webster and Barry (2013)",pid,pid_3_Independent,original,(Intercept),1.8373602234442619,0.14626799089511144,12.561601565730331,2.039265276451018e-21,1.5467288411160967,2.127991605772427,89,93,1
mental_illness,"McGinty, Webster and Barry (2013)",pid,pid_3_Independent,original,Z,0.07486071532868742,0.1950729892742881,0.3837574623077484,0.7020734643453,-0.31274515920834023,0.4624665898657151,89,93,0
mental_illness,"McGinty, Webster and Barry (2013)",pid,pid_3_Independent,original,Z_mcginty_policylcm,0.4819801827099719,0.22950155063644018,2.100117325453239,0.03854808573997375,0.02596549009170307,0.9379948753282408,89,93,1
mental_illness,"McGinty, Webster and Barry (2013)",pid,pid_3_Independent,original,Z_mcginty_policymi,0.3750782103768351,0.2631294304027601,1.4254513826245896,0.15752456254181385,-0.14775436304666967,0.8979107838003398,89,93,0
mental_illness,"McGinty, Webster and Barry (2013)",pid,pid_3_Republican,mt,(Intercept),1.8049619174217901,0.07787531120556397,23.177588499868886,1.541034843382291e-85,1.6520231531404184,1.957900681703162,605,609,1
mental_illness,"McGinty, Webster and Barry (2013)",pid,pid_3_Republican,mt,Z,0.02263472085006153,0.08139218627000942,0.2780945184955886,0.7810348157382205,-0.13721080910789898,0.18248025080802202,605,609,0
mental_illness,"McGinty, Webster and Barry (2013)",pid,pid_3_Republican,mt,Z_mcginty_policylcm,0.14726407062358138,0.10070454969520153,1.4623378096550723,0.14416790978704977,-0.050508871140222567,0.3450370123873853,605,609,0
mental_illness,"McGinty, Webster and Barry (2013)",pid,pid_3_Republican,mt,Z_mcginty_policymi,0.03817166132990534,0.09749749827936371,0.39151426450482313,0.6955550015597047,-0.15330297519528,0.2296462978550907,605,609,0
mental_illness,"McGinty, Webster and Barry (2013)",pid,pid_3_Republican,original,(Intercept),1.8824128723122702,0.0691860525061727,27.207982015512787,6.912449258484799e-130,1.7466868131958473,2.018138931428693,1326,1330,1
mental_illness,"McGinty, Webster and Barry (2013)",pid,pid_3_Republican,original,Z,0.14438821480289457,0.06702739244933296,2.1541672669429865,0.03140676473511793,0.012896917056341078,0.2758795125494481,1326,1330,1
mental_illness,"McGinty, Webster and Barry (2013)",pid,pid_3_Republican,original,Z_mcginty_policylcm,0.20657027118717172,0.08484867661021608,2.4345726938810017,0.015040583790806973,0.040117986653074755,0.3730225557212687,1326,1330,1
mental_illness,"McGinty, Webster and Barry (2013)",pid,pid_3_Republican,original,Z_mcginty_policymi,0.19361926210505181,0.08121461981669235,2.3840444311881948,0.01726351618851604,0.03429610532609356,0.35294241888401007,1326,1330,1
mental_illness,"McGinty, Webster and Barry (2013)",white,white_0,mt,(Intercept),2.4096847639340697,0.07944193249717427,30.332655414944515,5.629133931203903e-120,2.2536417579701595,2.56572776989798,556,560,1
mental_illness,"McGinty, Webster and Barry (2013)",white,white_0,mt,Z,0.09309867656153739,0.07741077198297376,1.2026579011770369,0.22962062932676144,-0.058954643070883966,0.24515199619395875,556,560,0
mental_illness,"McGinty, Webster and Barry (2013)",white,white_0,mt,Z_mcginty_policylcm,0.12586806809495107,0.08912068863007072,1.4123327594270991,0.15841146366087538,-0.04918633592404206,0.3009224721139442,556,560,0
mental_illness,"McGinty, Webster and Barry (2013)",white,white_0,mt,Z_mcginty_policymi,-0.23522224590530164,0.10157544368323687,-2.3157392906777985,0.02093544027867857,-0.4347407755560495,-0.03570371625455376,556,560,1
mental_illness,"McGinty, Webster and Barry (2013)",white,white_0,original,(Intercept),2.262861566282092,0.08611043764324797,26.278597905367004,1.4936600176094028e-106,2.0937971379914195,2.4319259945727643,703,707,1
mental_illness,"McGinty, Webster and Barry (2013)",white,white_0,original,Z,0.044410076726337115,0.08753552731509284,0.5073377414689995,0.6120769739299736,-0.12745229310577252,0.21627244655844677,703,707,0
mental_illness,"McGinty, Webster and Barry (2013)",white,white_0,original,Z_mcginty_policylcm,0.19894705902833024,0.11088590722505091,1.7941599974878042,0.07321721895441999,-0.01876014376354554,0.41665426182020604,703,707,0
mental_illness,"McGinty, Webster and Barry (2013)",white,white_0,original,Z_mcginty_policymi,0.11098754814574693,0.10592289422754923,1.047814534857002,0.29508416922544767,-0.09697555186386189,0.3189506481553558,703,707,0
mental_illness,"McGinty, Webster and Barry (2013)",white,white_1,mt,(Intercept),2.342295305127947,0.04513323978249295,51.897344760003605,0,2.2537800684478477,2.430810541808046,1923,1927,1
mental_illness,"McGinty, Webster and Barry (2013)",white,white_1,mt,Z,-0.012830398376622023,0.04535780584145258,-0.2828707901231038,0.7773063314222222,-0.10178605364743015,0.07612525689418612,1923,1927,0
mental_illness,"McGinty, Webster and Barry (2013)",white,white_1,mt,Z_mcginty_policylcm,0.11452643154923367,0.05564530146998629,2.0581509763408583,0.039710131103262776,0.0053949565324128285,0.2236579065660545,1923,1927,1
mental_illness,"McGinty, Webster and Barry (2013)",white,white_1,mt,Z_mcginty_policymi,0.054014395709308154,0.05583824378044022,0.9673369370587018,0.33349726453362716,-0.055495477453928486,0.1635242688725448,1923,1927,0
mental_illness,"McGinty, Webster and Barry (2013)",white,white_1,original,(Intercept),2.179401103910067,0.051911916629590195,41.98267460361484,3.594934421461936e-284,2.0776002144948156,2.2812019933253187,2224,2228,1
mental_illness,"McGinty, Webster and Barry (2013)",white,white_1,original,Z,0.14864794689175595,0.05082829862713393,2.9245115596374194,0.0034848737977458085,0.04897206621435435,0.24832382756915755,2224,2228,1
mental_illness,"McGinty, Webster and Barry (2013)",white,white_1,original,Z_mcginty_policylcm,0.18012493547916977,0.06342459543219615,2.8399855647756036,0.004552579140230612,0.055747323458585615,0.3045025474997539,2224,2228,1
mental_illness,"McGinty, Webster and Barry (2013)",white,white_1,original,Z_mcginty_policymi,0.09423776166149062,0.06247861097707335,1.5083203705676387,0.13161458849370838,-0.028284745305052622,0.21676026862803385,2224,2228,0
parmerS15,Parmer (2011),age,age_3_18 - 39,mt,(Intercept),2.4066421301528482,0.031217484421876662,77.09276306922142,0,2.3454095072156105,2.467874753090086,1561,1563,1
parmerS15,Parmer (2011),age,age_3_18 - 39,mt,Z,-0.03367502980624111,0.04439977617564566,-0.758450440673903,0.4482958654056658,-0.12076451838642419,0.053414458773941964,1561,1563,0
parmerS15,Parmer (2011),age,age_3_18 - 39,original,(Intercept),2.24854464955917,0.1261843068254071,17.81952689782837,1.4552103551494593e-40,1.999433459669766,2.4976558394485737,168,170,1
parmerS15,Parmer (2011),age,age_3_18 - 39,original,Z,0.18632363018515818,0.16915915136968684,1.1014694072208924,0.2722679803662394,-0.14762786139524914,0.5202751217655655,168,170,0
parmerS15,Parmer (2011),age,age_3_40 - 59,mt,(Intercept),2.333264948088518,0.06323129599860809,36.90047643717251,3.3461088802736334e-136,2.2089889036502734,2.457540992526763,436,438,1
parmerS15,Parmer (2011),age,age_3_40 - 59,mt,Z,-0.03563013664184057,0.09179313959141633,-0.38815685791372995,0.6980894064265337,-0.21604219549383633,0.1447819222101552,436,438,0
parmerS15,Parmer (2011),age,age_3_40 - 59,original,(Intercept),2.259290858883437,0.12613541525678756,17.911629769355045,1.942930387685654e-43,2.0105649098720826,2.508016807894791,200,202,1
parmerS15,Parmer (2011),age,age_3_40 - 59,original,Z,0.017425529385313138,0.1760946554767069,0.09895546993257905,0.921272737043484,-0.32981485675131916,0.3646659155219455,200,202,0
parmerS15,Parmer (2011),age,age_3_More than 60,mt,(Intercept),2.440766160356476,0.13027845970927118,18.734993995195204,9.706881780998855e-32,2.181693155979914,2.699839164733038,84,86,1
parmerS15,Parmer (2011),age,age_3_More than 60,mt,Z,-0.31836080352475804,0.21160972962869312,-1.5044714819275022,0.1362108865965968,-0.7391699574904933,0.10244835044097717,84,86,0
parmerS15,Parmer (2011),age,age_3_More than 60,original,(Intercept),2.4443207756846728,0.0898305080944121,27.21036346711615,7.76594130110827e-59,2.266774408945299,2.6218671424240467,145,147,1
parmerS15,Parmer (2011),age,age_3_More than 60,original,Z,-0.2775445110323321,0.18880901395645724,-1.469974898001103,0.14373506526246574,-0.6507178921778627,0.0956288701131986,145,147,0
parmerS15,Parmer (2011),educ,educ_3_College,mt,(Intercept),2.400504533683915,0.04582747388438223,52.381340934046,4.007838436481633e-247,2.310532245870687,2.490476821497143,716,718,1
parmerS15,Parmer (2011),educ,educ_3_College,mt,Z,0.06354994645434048,0.06161969544709932,1.0313252279686822,0.30273656911216024,-0.057426937144283194,0.18452683005296416,716,718,0
parmerS15,Parmer (2011),educ,educ_3_College,original,(Intercept),2.441925410062452,0.1626848574024916,15.010157976909856,9.510700069619999e-26,2.1185186171949217,2.765332202929982,86,88,1
parmerS15,Parmer (2011),educ,educ_3_College,original,Z,0.09738011709375405,0.1849009013201359,0.5266611271145234,0.5997847202527633,-0.27019070940496964,0.46495094359247774,86,88,0
parmerS15,Parmer (2011),educ,educ_3_Graduate School,mt,(Intercept),2.5848391628775147,0.050865975111207065,50.81666393353008,2.7574322065265694e-139,2.4846897232112704,2.684988602543759,267,269,1
parmerS15,Parmer (2011),educ,educ_3_Graduate School,mt,Z,-0.14214962493210867,0.08535550209576537,-1.6653832669465483,0.09700917528627383,-0.3102051018719079,0.025905852007690577,267,269,0
parmerS15,Parmer (2011),educ,educ_3_Graduate School,original,(Intercept),2.393263634234887,0.16776539560423676,14.265538048625132,3.0030111583190552e-21,2.057905386878181,2.728621881591593,62,64,1
parmerS15,Parmer (2011),educ,educ_3_Graduate School,original,Z,0.24086466692883565,0.17738288779637137,1.357879950659834,0.17942322722077295,-0.11371867338523836,0.5954480072429097,62,64,0
parmerS15,Parmer (2011),educ,educ_3_Less than College,mt,(Intercept),2.339832221394361,0.040494173940567535,57.78194722106159,0,2.2603775147857745,2.4192869280029474,1098,1100,1
parmerS15,Parmer (2011),educ,educ_3_Less than College,mt,Z,-0.0910042450095847,0.05896317335352765,-1.543408195891141,0.12301991000598421,-0.20669747155599344,0.02468898153682403,1098,1100,0
parmerS15,Parmer (2011),educ,educ_3_Less than College,original,(Intercept),2.255891496114672,0.08752564899788326,25.7740619114887,3.501870668475991e-84,2.083773655572453,2.428009336656891,365,367,1
parmerS15,Parmer (2011),educ,educ_3_Less than College,original,Z,-0.044230642101532165,0.13187265233333284,-0.335404204881926,0.7375128881254294,-0.3035561815983826,0.21509489739531829,365,367,0
parmerS15,Parmer (2011),female,female_0,mt,(Intercept),2.4204126900086704,0.0378720196925054,63.910314518759414,0,2.3460945840206926,2.4947307959966483,996,998,1
parmerS15,Parmer (2011),female,female_0,mt,Z,-0.06288497956534723,0.05560760518821237,-1.1308701274313737,0.25838198681006475,-0.17200648746668112,0.04623652833598664,996,998,0
parmerS15,Parmer (2011),female,female_0,original,(Intercept),2.431230667609074,0.07266969753751557,33.45590734506576,7.427016214598662e-98,2.288156970245688,2.57430436497246,269,271,1
parmerS15,Parmer (2011),female,female_0,original,Z,-0.10250144299858471,0.11516875311778954,-0.8900108772884842,0.3742553121911958,-0.329248214867101,0.12424532886993156,269,271,0
parmerS15,Parmer (2011),female,female_1,mt,(Intercept),2.3652038492004013,0.03960016851150949,59.72711577004963,0,2.2875024269652178,2.442905271435585,1087,1089,1
parmerS15,Parmer (2011),female,female_1,mt,Z,-0.027636258062537507,0.05585605454326658,-0.4947764085472636,0.6208579452218327,-0.13723414720274138,0.08196163107766635,1087,1089,0
parmerS15,Parmer (2011),female,female_1,original,(Intercept),2.1767146756865188,0.11793568415077436,18.45679440756631,2.4940498558790096e-48,1.944422162878428,2.4090071884946096,246,248,1
parmerS15,Parmer (2011),female,female_1,original,Z,0.11921266418647714,0.1671797519075674,0.7130807578443413,0.47647166388211804,-0.21007363233081894,0.4484989607037732,246,248,0
parmerS15,Parmer (2011),ideo,ideo_3_Conservative,mt,(Intercept),2.3944643632765463,0.06104633949027366,39.22371731491042,1.3354128203898307e-147,2.2744944965729577,2.514434229980135,452,454,1
parmerS15,Parmer (2011),ideo,ideo_3_Conservative,mt,Z,-0.16172423443639192,0.08967210377565739,-1.8035066383743523,0.07197442922075983,-0.33795020354155064,0.014501734668766808,452,454,0
parmerS15,Parmer (2011),ideo,ideo_3_Conservative,original,(Intercept),2.419754766653152,0.09361778958957384,25.84716833479519,1.0059731153822717e-66,2.2351881939694493,2.6043213393368543,207,209,1
parmerS15,Parmer (2011),ideo,ideo_3_Conservative,original,Z,-0.16396243822625475,0.1628139921988294,-1.0070537305296394,0.31508468179578075,-0.48494865950780963,0.1570237830553001,207,209,0
parmerS15,Parmer (2011),ideo,ideo_3_Liberal,mt,(Intercept),2.439827765062235,0.03392216698105978,71.92428969601197,0,2.373271123120249,2.506384407004221,1144,1146,1
parmerS15,Parmer (2011),ideo,ideo_3_Liberal,mt,Z,0.009532642337764559,0.04780289907203174,0.19941556940720914,0.8419731200833799,-0.08425854851105521,0.10332383318658434,1144,1146,0
parmerS15,Parmer (2011),ideo,ideo_3_Liberal,original,(Intercept),2.250781276481032,0.15603687205926806,14.424675698613784,1.2981708068818274e-29,1.9423258723821883,2.5592366805798763,142,144,1
parmerS15,Parmer (2011),ideo,ideo_3_Liberal,original,Z,0.2924962451947029,0.1702255929961037,1.7182859524619065,0.08792402617706416,-0.044007578437666395,0.6290000688270723,142,144,0
parmerS15,Parmer (2011),ideo,ideo_3_Moderate,mt,(Intercept),2.271558249904415,0.06552539989583082,34.666835357214616,2.3025555117865524e-133,2.1428095351813017,2.4003069646275286,485,487,1
parmerS15,Parmer (2011),ideo,ideo_3_Moderate,mt,Z,-0.041960703333719214,0.09252758401630047,-0.4534939907901091,0.6503959042785966,-0.2237651263127779,0.13984371964533948,485,487,0
parmerS15,Parmer (2011),ideo,ideo_3_Moderate,original,(Intercept),2.2204895462994068,0.12640041628047258,17.567106277342592,1.5613222420009734e-39,1.9709075539507097,2.470071538648104,164,166,1
parmerS15,Parmer (2011),ideo,ideo_3_Moderate,original,Z,-0.03591956951494661,0.19495751178150406,-0.1842430649976851,0.8540503976359527,-0.4208699173508617,0.34903077832096846,164,166,0
parmerS15,Parmer (2011),pid,pid_3_Democrat,mt,(Intercept),2.43531708598163,0.032294097960476664,75.4105932595519,0,2.371962512422498,2.4986716595407623,1293,1295,1
parmerS15,Parmer (2011),pid,pid_3_Democrat,mt,Z,0.008797176103713214,0.045329182807096344,0.19407312373467284,0.8461491103699333,-0.08012963182392183,0.09772398403134824,1293,1295,0
parmerS15,Parmer (2011),pid,pid_3_Democrat,original,(Intercept),2.3773443710789186,0.0859706039454819,27.65299139443649,4.472387652699818e-80,2.2080720104307763,2.546616731727061,265,267,1
parmerS15,Parmer (2011),pid,pid_3_Democrat,original,Z,-0.0019057680661044851,0.12546088356717144,-0.01519013745096209,0.9878919197681488,-0.24893276282682883,0.24512122669461986,265,267,0
parmerS15,Parmer (2011),pid,pid_3_Independent,mt,(Intercept),2.123319398759727,0.09881631888250715,21.487537916529345,2.9667020618908405e-61,1.928805197311301,2.317833600208153,281,283,1
parmerS15,Parmer (2011),pid,pid_3_Independent,mt,Z,-0.11576281664833794,0.13786723421278452,-0.8396688111525428,0.40180791202296906,-0.38714648355753084,0.15562085026085498,281,283,0
parmerS15,Parmer (2011),pid,pid_3_Independent,original,(Intercept),1.4165045776047915,0.5767955957120451,2.455817256815456,0.024447775468103176,0.2047019978593967,2.6283071573501866,18,20,1
parmerS15,Parmer (2011),pid,pid_3_Independent,original,Z,0.5044687893424333,0.7756170662463452,0.6504096045537606,0.5236434565979139,-1.1250421999216067,2.1339797786064736,18,20,0
parmerS15,Parmer (2011),pid,pid_3_Republican,mt,(Intercept),2.4193855439218126,0.0543083870533181,44.54902226329321,2.0416899457232038e-177,2.3126883529493267,2.5260827348942985,507,509,1
parmerS15,Parmer (2011),pid,pid_3_Republican,mt,Z,-0.11219365104753741,0.08029377881987758,-1.3972894624777914,0.16293772035482146,-0.2699431464290911,0.04555584433401631,507,509,0
parmerS15,Parmer (2011),pid,pid_3_Republican,original,(Intercept),2.2885624407638088,0.11453540808233768,19.98126587298312,3.56675515500889e-52,2.062889687054152,2.5142351944734656,230,232,1
parmerS15,Parmer (2011),pid,pid_3_Republican,original,Z,-0.008295146103502807,0.16580530138958266,-0.050029438347162405,0.9601423485223675,-0.33498659960884747,0.3183963074018419,230,232,0
parmerS15,Parmer (2011),white,white_0,mt,(Intercept),2.3057653888830143,0.06437566084254163,35.81734709524389,2.0900319141400013e-135,2.1792600039460175,2.432270773820011,462,464,1
parmerS15,Parmer (2011),white,white_0,mt,Z,0.05146775238953175,0.0876775881411007,0.5870114983854713,0.5574827244689387,-0.1208285299782238,0.2237640347572873,462,464,0
parmerS15,Parmer (2011),white,white_0,original,(Intercept),2.2102380416626564,0.14434198336227538,15.312509847639484,5.102200171415984e-32,1.9249352763962713,2.4955408069290415,144,146,1
parmerS15,Parmer (2011),white,white_0,original,Z,0.19542607837074233,0.19213584321341032,1.017124525556002,0.3108000669861562,-0.18434483857719058,0.5751969953186753,144,146,0
parmerS15,Parmer (2011),white,white_1,mt,(Intercept),2.4167361137707095,0.030071398531833323,80.36660187960243,0,2.3577532150275378,2.4757190125138813,1621,1623,1
parmerS15,Parmer (2011),white,white_1,mt,Z,-0.07266297057118969,0.044054268646088454,-1.6493968190671888,0.09926011939139173,-0.1590722695602614,0.013746328417882037,1621,1623,0
parmerS15,Parmer (2011),white,white_1,original,(Intercept),2.3437734423326955,0.07938984866268896,29.52233165591364,2.0698601195397165e-99,2.187662926750127,2.499883957915264,371,373,1
parmerS15,Parmer (2011),white,white_1,original,Z,-0.07718139836113316,0.1217050188570072,-0.6341677531952449,0.5263621668643589,-0.3164995676585489,0.16213677093628256,371,373,0
patriot_act,Chong and Druckman (2010),age,age_3_18 - 39,mt,(Intercept),1.7317697703519652,0.04096662978325903,42.27269315328573,3.5487422997729146e-229,1.6513843423425953,1.812155198361335,1054,1056,1
patriot_act,Chong and Druckman (2010),age,age_3_18 - 39,mt,Z,0.5351681602469559,0.061358294190894835,8.722018225962536,1.048541662360517e-17,0.41476985639440167,0.6555664640995101,1054,1056,1
patriot_act,Chong and Druckman (2010),age,age_3_18 - 39,original,(Intercept),2.0788300231710437,0.08994917868011432,23.111161810203665,8.75240050400603e-62,1.9015962048459014,2.256063841496186,229,231,1
patriot_act,Chong and Druckman (2010),age,age_3_18 - 39,original,Z,0.678471020654638,0.12150812469550407,5.583750241844875,6.63786727826022e-8,0.4390541720150553,0.9178878692942207,229,231,1
patriot_act,Chong and Druckman (2010),age,age_3_40 - 59,mt,(Intercept),1.7659955111279344,0.08772878483529482,20.130171806704926,2.2301695941880816e-57,1.5933443214571261,1.9386467007987427,296,298,1
patriot_act,Chong and Druckman (2010),age,age_3_40 - 59,mt,Z,0.7388467670482356,0.12235729319533657,6.038436677973156,4.6555392888924475e-9,0.4980463014458015,0.9796472326506698,296,298,1
patriot_act,Chong and Druckman (2010),age,age_3_40 - 59,original,(Intercept),2.1297091702018864,0.06785706763031144,31.385222565240284,2.5544175061968822e-107,1.996284557134849,2.263133783268924,378,380,1
patriot_act,Chong and Druckman (2010),age,age_3_40 - 59,original,Z,0.8774118559956566,0.09352774175577747,9.381300558788018,6.159208176255251e-19,0.6935120325788233,1.06131167941249,378,380,1
patriot_act,Chong and Druckman (2010),age,age_3_More than 60,mt,(Intercept),1.6687665447849342,0.2083149600126626,8.01078590171103,3.892626588847001e-10,1.2489353291038647,2.088597760466004,44,46,1
patriot_act,Chong and Druckman (2010),age,age_3_More than 60,mt,Z,1.1862849708285472,0.3062821993903042,3.8731763490989897,3.529473791157856e-4,0.5690137575480085,1.803556184109086,44,46,1
patriot_act,Chong and Druckman (2010),age,age_3_More than 60,original,(Intercept),2.1828019339413793,0.08138619247985031,26.82029798213991,2.0913998937597793e-86,2.022726369271506,2.342877498611253,345,347,1
patriot_act,Chong and Druckman (2010),age,age_3_More than 60,original,Z,0.8074139806670904,0.10862442013498774,7.433079777675367,8.447556963994905e-13,0.5937645290804381,1.0210634322537426,345,347,1
patriot_act,Chong and Druckman (2010),educ,educ_3_College,mt,(Intercept),1.8447824886567792,0.05898355628246397,31.276216710677378,1.202211368857057e-123,1.7289190641062855,1.9606459132072729,544,546,1
patriot_act,Chong and Druckman (2010),educ,educ_3_College,mt,Z,0.536769564937631,0.08747719974330868,6.136108226060238,1.6296718519980781e-9,0.36493509833120485,0.708604031544057,544,546,1
patriot_act,Chong and Druckman (2010),educ,educ_3_College,original,(Intercept),2.0389490772555563,0.09182914776997822,22.203724272416167,1.3002122195824297e-63,1.8581831127620756,2.219715041749037,279,281,1
patriot_act,Chong and Druckman (2010),educ,educ_3_College,original,Z,0.8158150074190746,0.11865409791022812,6.875573804760691,4.0426298017116634e-11,0.5822440447050061,1.0493859701331432,279,281,1
patriot_act,Chong and Druckman (2010),educ,educ_3_Graduate School,mt,(Intercept),1.9309099483718386,0.11036060661969384,17.496369470184373,2.786200044486069e-40,1.7131008798383656,2.1487190169053116,175,177,1
patriot_act,Chong and Druckman (2010),educ,educ_3_Graduate School,mt,Z,0.5295781794917971,0.16303259289916097,3.248296368685936,0.001391910938284947,0.20781502244127759,0.8513413365423166,175,177,1
patriot_act,Chong and Druckman (2010),educ,educ_3_Graduate School,original,(Intercept),2.075942668108713,0.1206394888902942,17.207820484025017,4.818677976714482e-37,1.8375308917956068,2.3143544444218196,147,149,1
patriot_act,Chong and Druckman (2010),educ,educ_3_Graduate School,original,Z,0.8012410297963454,0.1668946645490584,4.800878637799843,3.848547368737472e-6,0.4714182346375851,1.1310638249551057,147,149,1
patriot_act,Chong and Druckman (2010),educ,educ_3_Less than College,mt,(Intercept),1.5955291415655337,0.05037237955742795,31.674682744469546,1.2480058377369274e-135,1.4966237468385466,1.6944345362925208,675,677,1
patriot_act,Chong and Druckman (2010),educ,educ_3_Less than College,mt,Z,0.681343029744925,0.07527207123753298,9.051737497628288,1.4884836113455189e-18,0.5335474722771962,0.8291385872126538,675,677,1
patriot_act,Chong and Druckman (2010),educ,educ_3_Less than College,original,(Intercept),2.200321058182071,0.057629668504195326,38.180352504055996,9.741985727835953e-154,2.0871084835175497,2.313533632846592,526,528,1
patriot_act,Chong and Druckman (2010),educ,educ_3_Less than College,original,Z,0.8057604693891355,0.07968874004106359,10.111346583895381,4.4025521178812815e-22,0.6492131966738021,0.9623077421044689,526,528,1
patriot_act,Chong and Druckman (2010),female,female_0,mt,(Intercept),1.716461668187859,0.048977598020482446,35.04585233988066,2.8653696071349258e-164,1.620323152113597,1.812600184262121,807,809,1
patriot_act,Chong and Druckman (2010),female,female_0,mt,Z,0.4960925955011319,0.07311453753118849,6.785143040664294,2.2440975787994653e-11,0.352575489195412,0.6396097018068518,807,809,1
patriot_act,Chong and Druckman (2010),female,female_0,original,(Intercept),2.2012738768098945,0.0661676997955346,33.26810337388288,4.185114455733901e-128,2.071268405497472,2.331279348122317,493,495,1
patriot_act,Chong and Druckman (2010),female,female_0,original,Z,0.7280069744728621,0.09021981468615203,8.069258144736635,5.434868283712307e-15,0.5507442078021643,0.90526974114356,493,495,1
patriot_act,Chong and Druckman (2010),female,female_1,mt,(Intercept),1.7669771261339218,0.055057394802406096,32.093366067816596,1.956567074057583e-131,1.6588444160607037,1.87510983620714,589,591,1
patriot_act,Chong and Druckman (2010),female,female_1,mt,Z,0.7384146523665231,0.07965940893478188,9.269647644148002,3.485857774315794e-19,0.581963592488691,0.8948657122443553,589,591,1
patriot_act,Chong and Druckman (2010),female,female_1,original,(Intercept),2.0685958655627674,0.061688977127144815,33.53266599475726,9.831700646696839e-126,1.9473694244219955,2.1898223067035394,461,463,1
patriot_act,Chong and Druckman (2010),female,female_1,original,Z,0.8783377401702865,0.08336928084738453,10.535508178104212,2.1178660799177815e-23,0.7145068308529914,1.0421686494875817,461,463,1
patriot_act,Chong and Druckman (2010),pid,pid_3_Democrat,mt,(Intercept),1.6926332594291311,0.04749865902587105,35.635390432963725,4.843971508750576e-168,1.5993982831162281,1.7858682357420341,810,812,1
patriot_act,Chong and Druckman (2010),pid,pid_3_Democrat,mt,Z,0.5555527613205463,0.06987772847807355,7.950355190708144,6.235406024888011e-15,0.41838997624267493,0.6927155463984177,810,812,1
patriot_act,Chong and Druckman (2010),pid,pid_3_Democrat,original,(Intercept),1.9873879987381249,0.0649445111135705,30.60132357086679,5.052987104190386e-108,1.8597231519743644,2.1150528455018853,411,413,1
patriot_act,Chong and Druckman (2010),pid,pid_3_Democrat,original,Z,0.7466667639412009,0.09328078035589184,8.004508121527948,1.2407939424936399e-14,0.5632998199770858,0.930033707905316,411,413,1
patriot_act,Chong and Druckman (2010),pid,pid_3_Independent,mt,(Intercept),1.407543104011107,0.07342909022876463,19.16873952306882,8.759765350407528e-52,1.262956840513709,1.552129367508505,262,264,1
patriot_act,Chong and Druckman (2010),pid,pid_3_Independent,mt,Z,0.6087872314807574,0.12084952835644186,5.03756398357765,8.791033804167734e-7,0.3708272935863349,0.8467471693751799,262,264,1
patriot_act,Chong and Druckman (2010),pid,pid_3_Independent,original,(Intercept),1.9704348961410374,0.09495512588021632,20.751221989076136,7.40201057538619e-53,1.783252643801518,2.157617148480557,211,213,1
patriot_act,Chong and Druckman (2010),pid,pid_3_Independent,original,Z,0.8916057296697819,0.12661681970287872,7.041763738514676,2.631346397638825e-11,0.6420097096934699,1.141201749646094,211,213,1
patriot_act,Chong and Druckman (2010),pid,pid_3_Republican,mt,(Intercept),2.1327124160721183,0.07697278109612943,27.707358181700954,3.0317711188112937e-87,1.9812793543464848,2.2841454777977517,322,324,1
patriot_act,Chong and Druckman (2010),pid,pid_3_Republican,mt,Z,0.688331112117713,0.10586349620478148,6.5020629092601565,3.0198447492194554e-10,0.48005965398696127,0.8966025702484648,322,324,1
patriot_act,Chong and Druckman (2010),pid,pid_3_Republican,original,(Intercept),2.427730149829948,0.07913089104568691,30.67992938975345,1.1571645506835969e-98,2.2720655484506405,2.5833947512092554,330,332,1
patriot_act,Chong and Druckman (2010),pid,pid_3_Republican,original,Z,0.8095427961564782,0.10050396998403714,8.05483401586083,1.4658897911115174e-14,0.6118335296758277,1.0072520626371286,330,332,1
patriot_act,Chong and Druckman (2010),white,white_0,mt,(Intercept),2.074739804177403,0.0668305124182035,31.04479868707814,8.285214579303603e-113,1.9433922867958948,2.206087321558911,439,441,1
patriot_act,Chong and Druckman (2010),white,white_0,mt,Z,0.5160157408420333,0.09458341037494725,5.455668587085678,8.166772870716538e-8,0.33012316440202666,0.70190831728204,439,441,1
patriot_act,Chong and Druckman (2010),white,white_0,original,(Intercept),2.018745283120272,0.0881599771057009,22.898659339485345,5.347982916376553e-64,1.8451373505366233,2.1923532157039207,257,259,1
patriot_act,Chong and Druckman (2010),white,white_0,original,Z,0.850037878440538,0.11723073969171896,7.250981105091361,4.857058136821522e-12,0.6191827101283954,1.0808930467526807,257,259,1
patriot_act,Chong and Druckman (2010),white,white_1,mt,(Intercept),1.5818440330676355,0.04197790131742234,37.68278030638738,2.884304017671034e-191,1.4994646714099003,1.6642233947253708,957,959,1
patriot_act,Chong and Druckman (2010),white,white_1,mt,Z,0.6427825374775162,0.06428360808770507,9.999167075384733,1.8576548593028032e-22,0.5166294323168422,0.7689356426381903,957,959,1
patriot_act,Chong and Druckman (2010),white,white_1,original,(Intercept),2.1777578265911144,0.05291865967997246,41.15292865996956,1.03284157624166e-188,2.073858740589366,2.281656912592863,697,699,1
patriot_act,Chong and Druckman (2010),white,white_1,original,Z,0.7882172970059642,0.0723823471698195,10.889634390505352,1.3033689639838226e-25,0.6461037257423354,0.930330868269593,697,699,1
pedullaS18,Pedulla (2014),age,age_3_18 - 39,mt,(Intercept),2.4517268016509326,0.06703767367023283,36.57237292736768,1.2524724023033264e-107,2.3197545688669328,2.5836990344349324,275,277,1
pedullaS18,Pedulla (2014),age,age_3_18 - 39,mt,Z,0.03736528654459933,0.09171161549632262,0.407421528258845,0.6840153857264737,-0.14318075580191084,0.2179113288911095,275,277,0
pedullaS18,Pedulla (2014),age,age_3_18 - 39,original,(Intercept),2.3580417697355602,0.18167203009001984,12.97966323471551,4.481097966953102e-21,1.9962865412996773,2.719796998171443,77,79,1
pedullaS18,Pedulla (2014),age,age_3_18 - 39,original,Z,0.2036784160928903,0.20530340067984998,0.9920849602024193,0.3242634989273062,-0.20513288289904366,0.6124897150848243,77,79,0
pedullaS18,Pedulla (2014),age,age_3_40 - 59,mt,(Intercept),2.6145266501203426,0.09015609138346004,29.000000000000018,1.3248269588569093e-34,2.433774569801654,2.795278730439031,54,56,1
pedullaS18,Pedulla (2014),age,age_3_40 - 59,mt,Z,-0.013870167905147581,0.13765748593928143,-0.10075854437197478,0.9201153123751367,-0.28985681032885147,0.26211647451855635,54,56,0
pedullaS18,Pedulla (2014),age,age_3_40 - 59,original,(Intercept),2.3102300636888398,0.14427309902467628,16.012895538437842,1.0332284646019651e-29,2.024098399337849,2.5963617280398306,103,105,1
pedullaS18,Pedulla (2014),age,age_3_40 - 59,original,Z,-0.13036175160146873,0.25212896983895855,-0.5170439227381695,0.6062340151384992,-0.6304000973417436,0.3696765941388061,103,105,0
pedullaS18,Pedulla (2014),educ,educ_3_College,mt,(Intercept),2.4178224507382504,0.10329772141639622,23.406348345206332,9.50720245800647e-47,2.2133173651286944,2.6223275363478065,121,123,1
pedullaS18,Pedulla (2014),educ,educ_3_College,mt,Z,0.23940971635320793,0.11367487084611577,2.1060918263747337,0.0372631005070244,0.014360326344589863,0.46445910636182597,121,123,1
pedullaS18,Pedulla (2014),educ,educ_3_College,original,(Intercept),2.2843731586777767,0.2185407429197135,10.452847959416882,1.2376709750371225e-15,1.8480424872728722,2.720703830082681,66,68,1
pedullaS18,Pedulla (2014),educ,educ_3_College,original,Z,-0.09481600198929516,0.3236343705223157,-0.2929725969348403,0.7704622635906467,-0.7409728709241796,0.5513408669455893,66,68,0
pedullaS18,Pedulla (2014),educ,educ_3_Graduate School,mt,(Intercept),2.4966302229265875,0.20805251857721563,12,3.4779268004197416e-13,2.072304313731718,2.920956132121457,31,33,1
pedullaS18,Pedulla (2014),educ,educ_3_Graduate School,mt,Z,-0.06241575557316484,0.2791725504091556,-0.22357411386502088,0.8245555434760978,-0.6317919259974167,0.5069604148510871,31,33,0
pedullaS18,Pedulla (2014),educ,educ_3_Graduate School,original,(Intercept),2.34236331432233,0.3021028001206863,7.753530630588612,7.306297754792962e-8,1.717416057723768,2.9673105709208922,23,25,1
pedullaS18,Pedulla (2014),educ,educ_3_Graduate School,original,Z,0.2970414849086535,0.31006761226461466,0.9579893970194974,0.3480307105774054,-0.34438224094700404,0.938465210764311,23,25,0
pedullaS18,Pedulla (2014),educ,educ_3_Less than College,mt,(Intercept),2.535640070159815,0.06717074637594704,37.74917217635376,1.1068776627943985e-89,2.403134844764578,2.6681452955550524,188,190,1
pedullaS18,Pedulla (2014),educ,educ_3_Less than College,mt,Z,-0.08991631454467426,0.1064050738647512,-0.8450378471515805,0.3991638461244582,-0.2998176340377453,0.11998500494839677,188,190,0
pedullaS18,Pedulla (2014),educ,educ_3_Less than College,original,(Intercept),2.3049543218311195,0.12126459109475325,19.00764519158015,8.342691490138323e-45,2.065662245291279,2.54424639837096,179,181,1
pedullaS18,Pedulla (2014),educ,educ_3_Less than College,original,Z,0.09369398103157982,0.16500266724620324,0.5678331301867834,0.5708598288528437,-0.23190667884368915,0.4192946409068488,179,181,0
pedullaS18,Pedulla (2014),female,female_0,mt,(Intercept),2.4988916633459026,0.07517376278320874,33.24154027718924,1.571424969565899e-77,2.3505277883049596,2.6472555383868457,175,177,1
pedullaS18,Pedulla (2014),female,female_0,mt,Z,-0.08058709447191614,0.11788016466589413,-0.6836357473738085,0.49510938268856775,-0.3132368564737593,0.15206266752992706,175,177,0
pedullaS18,Pedulla (2014),female,female_0,original,(Intercept),2.2269105945904597,0.16201674204877034,13.74494121058251,1.9655411208289965e-27,1.9064913350571442,2.547329854123775,135,137,1
pedullaS18,Pedulla (2014),female,female_0,original,Z,0.1059321910638583,0.20411378086261792,0.518985982309336,0.6046202535482806,-0.2977420570262443,0.5096064391539609,135,137,0
pedullaS18,Pedulla (2014),female,female_1,mt,(Intercept),2.4765769681239655,0.08300172674141337,29.83765597840614,8.008392840943624e-69,2.3127090696352144,2.6404448666127167,167,169,1
pedullaS18,Pedulla (2014),female,female_1,mt,Z,0.1337563754204036,0.098927944307171,1.3520585751290901,0.17818479862253006,-0.06155419186373273,0.32906694270453996,167,169,0
pedullaS18,Pedulla (2014),female,female_1,original,(Intercept),2.377676753931108,0.12037258772450866,19.752643013480693,1.1936045647700264e-41,2.139616816797044,2.615736691065172,135,137,1
pedullaS18,Pedulla (2014),female,female_1,original,Z,0.04908217288793434,0.18386221823744567,0.2669508361122241,0.7899143680022442,-0.3145407161963383,0.4127050619722069,135,137,0
pedullaS18,Pedulla (2014),ideo,ideo_3_Conservative,mt,(Intercept),2.622722658427929,0.08196008307587281,31.99999999999999,2.5527628904938982e-42,2.4591296479118796,2.7863156689439785,67,69,1
pedullaS18,Pedulla (2014),ideo,ideo_3_Conservative,mt,Z,-0.06830006922989383,0.13298107920509672,-0.5136074217336937,0.6092161598217963,-0.3337314142505665,0.19713127579077883,67,69,0
pedullaS18,Pedulla (2014),ideo,ideo_3_Conservative,original,(Intercept),2.3496227489870174,0.1637246592053406,14.351062084301924,1.2666263205029273e-25,2.0246318690550553,2.6746136289189795,96,98,1
pedullaS18,Pedulla (2014),ideo,ideo_3_Conservative,original,Z,-0.13495736120190188,0.2581923006790034,-0.5227009513722375,0.6023866216362248,-0.6474650274056126,0.3775503050018089,96,98,0
pedullaS18,Pedulla (2014),ideo,ideo_3_Liberal,mt,(Intercept),2.5134425476601,0.07003433851854295,35.88871688985279,1.3449435156639354e-89,2.3753504228189146,2.651534672501285,202,204,1
pedullaS18,Pedulla (2014),ideo,ideo_3_Liberal,mt,Z,0.010928011076783048,0.09634048479113741,0.11343114061004125,0.9098014063474646,-0.17903397806252458,0.20089000021609066,202,204,0
pedullaS18,Pedulla (2014),ideo,ideo_3_Liberal,original,(Intercept),2.0742738994788503,0.24361388747728388,8.514596277571691,2.290240407543967e-12,1.5882774915995923,2.5602703073581083,69,71,1
pedullaS18,Pedulla (2014),ideo,ideo_3_Liberal,original,Z,0.4481152067001546,0.27007064263581626,1.6592518251027644,0.10160405050166188,-0.09066098358123231,0.9868913969815415,69,71,0
pedullaS18,Pedulla (2014),ideo,ideo_3_Moderate,mt,(Intercept),2.3272851496660625,0.14461046288660695,16.093476939431078,2.1787080048403154e-25,2.0389400762722265,2.6156302230598985,71,73,1
pedullaS18,Pedulla (2014),ideo,ideo_3_Moderate,mt,Z,0.10692931768735947,0.20884173014172225,0.5120112614217287,0.6102321110222952,-0.30948926505813346,0.5233479004328524,71,73,0
pedullaS18,Pedulla (2014),ideo,ideo_3_Moderate,original,(Intercept),2.3918110568641464,0.14259378401491446,16.77359972868086,3.222369112003149e-31,2.109009917759796,2.6746121959684968,103,105,1
pedullaS18,Pedulla (2014),ideo,ideo_3_Moderate,original,Z,0.05892978789637863,0.180565993139046,0.32636149737785547,0.7448130658716602,-0.2991802720617013,0.4170398478544586,103,105,0
pedullaS18,Pedulla (2014),pid,pid_3_Democrat,mt,(Intercept),2.526071617064871,0.06555146955871316,38.535697735995356,1.88458969615562e-97,2.396851929318432,2.6552913048113105,211,213,1
pedullaS18,Pedulla (2014),pid,pid_3_Democrat,mt,Z,0.026946671644324707,0.08916190535381661,0.30222180131070114,0.7627806806605006,-0.1488155751254169,0.20270891841406632,211,213,0
pedullaS18,Pedulla (2014),pid,pid_3_Democrat,original,(Intercept),2.2738757502100353,0.14385749883697038,15.806445743832612,2.3797836438720497e-33,1.9895472209772525,2.558204279442818,145,147,1
pedullaS18,Pedulla (2014),pid,pid_3_Democrat,original,Z,0.2621400194415901,0.16281599266438526,1.61003851741974,0.10956433680550488,-0.059659206209504045,0.5839392450926842,145,147,0
pedullaS18,Pedulla (2014),pid,pid_3_Independent,mt,(Intercept),2.414895304914111,0.1609930203276074,15,1.5306358296145382e-19,2.0910191234933433,2.7387714863348784,47,49,1
pedullaS18,Pedulla (2014),pid,pid_3_Independent,mt,Z,0.03219860406552174,0.23965799746463534,0.1343523037251159,0.893697683687364,-0.44993109887343063,0.5143283070044741,47,49,0
pedullaS18,Pedulla (2014),pid,pid_3_Independent,original,(Intercept),2.704682741503803,NA,NA,NA,NA,NA,3,5,NA
pedullaS18,Pedulla (2014),pid,pid_3_Independent,original,Z,-2.0166494125247647,0.7514112923907087,-2.683815685160311,0.07480592573043297,-4.407975503742032,0.3746766786925022,3,5,0
pedullaS18,Pedulla (2014),pid,pid_3_Republican,mt,(Intercept),2.440811254527822,0.12689173487268246,19.235384061671343,3.905988955321087e-32,2.188383171598341,2.693239337457303,82,84,1
pedullaS18,Pedulla (2014),pid,pid_3_Republican,mt,Z,0.012273092417487409,0.17548949251722104,0.06993633773419815,0.9444146057373051,-0.33683141162950003,0.36137759646447487,82,84,0
pedullaS18,Pedulla (2014),pid,pid_3_Republican,original,(Intercept),2.3238165356593488,0.14537049060919796,15.98547632274631,1.641370036051719e-31,2.035993081300449,2.6116399900182485,120,122,1
pedullaS18,Pedulla (2014),pid,pid_3_Republican,original,Z,-0.09024256931037888,0.2382060064880694,-0.37884254322906297,0.7054742521923454,-0.5618738842293681,0.38138874560861036,120,122,0
pedullaS18,Pedulla (2014),white,white_0,mt,(Intercept),2.318299492717546,0.16231343042323096,14.282856857085694,1.0105713515997314e-21,1.9941371877781635,2.6424617976569285,65,67,1
pedullaS18,Pedulla (2014),white,white_0,mt,Z,0.301861913114264,0.18300138217930179,1.6495061923549004,0.10386894601429345,-0.06361708452415243,0.6673409107526804,65,67,0
pedullaS18,Pedulla (2014),white,white_0,original,(Intercept),2.3065164142661883,0.18721344466782297,12.320249853629328,2.104407333713963e-19,1.933313233131615,2.6797195954007615,72,74,1
pedullaS18,Pedulla (2014),white,white_0,original,Z,0.21417430400606416,0.2163679248187118,0.9898616173608652,0.3255567257251597,-0.21714727111427282,0.6454958791264012,72,74,0
pedullaS18,Pedulla (2014),white,white_1,mt,(Intercept),2.530810279549986,0.05626493176992812,44.98024257629379,2.4338280729139518e-129,2.42004910152845,2.641571457571522,277,279,1
pedullaS18,Pedulla (2014),white,white_1,mt,Z,-0.040167179460154245,0.08383769808254825,-0.4791064208442943,0.6322409227930004,-0.20520714147784494,0.12487278255753645,277,279,0
pedullaS18,Pedulla (2014),white,white_1,original,(Intercept),2.30139222073623,0.1202243483762069,19.142480303030606,6.394555754651534e-47,2.0643077044768683,2.538476736995592,198,200,1
pedullaS18,Pedulla (2014),white,white_1,original,Z,0.01123615591652627,0.1744947768449051,0.06439250572246766,0.9487226608150436,-0.33287059381277373,0.35534290564582627,198,200,0
piazzaS8,Piazza (2015),age,age_3_18 - 39,mt,(Intercept),3.1321093189841447,0.056602962697115476,55.33472400983984,6.5078386934501176e-248,3.0209622716505216,3.243256366317768,649,651,1
piazzaS8,Piazza (2015),age,age_3_18 - 39,mt,Z,-0.10560693809368857,0.0797709447793011,-1.3238772385843844,0.1860099169637939,-0.2622472366355996,0.05103336044822249,649,651,0
piazzaS8,Piazza (2015),age,age_3_18 - 39,original,(Intercept),2.92508418779473,0.14288546208970232,20.47153114820307,1.6460953719896768e-43,2.6425380152734776,3.2076303603159824,137,139,1
piazzaS8,Piazza (2015),age,age_3_18 - 39,original,Z,0.2179283420069831,0.19766166786897332,1.1025321416970144,0.27216343089203376,-0.17293400951401475,0.608790693527981,137,139,0
piazzaS8,Piazza (2015),age,age_3_40 - 59,mt,(Intercept),3.088396628245902,0.10793464656122573,28.613579852638093,7.499370496977046e-70,2.875455607890365,3.301337648601439,185,187,1
piazzaS8,Piazza (2015),age,age_3_40 - 59,mt,Z,0.1419263175439865,0.14459069893579019,0.9815729406426973,0.3275922008992487,-0.14333232688806152,0.4271849619760345,185,187,0
piazzaS8,Piazza (2015),age,age_3_40 - 59,original,(Intercept),2.963405385633593,0.11321168766511013,26.175790209926028,1.0465595511397214e-61,2.7399329913501167,3.186877779917069,171,173,1
piazzaS8,Piazza (2015),age,age_3_40 - 59,original,Z,-0.2520582550904285,0.1763405272010884,-1.4293835857879458,0.15471834888865466,-0.6001428092170988,0.09602629903624177,171,173,0
piazzaS8,Piazza (2015),age,age_3_More than 60,mt,(Intercept),2.9854500739710352,0.30883966282458997,9.666666666666663,9.060970006352427e-9,2.339041230723817,3.6318589172182536,19,21,1
piazzaS8,Piazza (2015),age,age_3_More than 60,mt,Z,0.43554311423980613,0.4044878698871585,1.0767767012674847,0.2950627669863223,-0.41105972715039524,1.2821459556300074,19,21,0
piazzaS8,Piazza (2015),age,age_3_More than 60,original,(Intercept),2.7360657471948135,0.15699451464882716,17.42777926550476,1.0434549890876498e-35,2.425448254934212,3.0466832394554153,129,131,1
piazzaS8,Piazza (2015),age,age_3_More than 60,original,Z,0.06103595064064591,0.20562191143676045,0.296835829480253,0.7670692608462355,-0.3457920371217609,0.46786393840305274,129,131,0
piazzaS8,Piazza (2015),educ,educ_3_College,mt,(Intercept),3.1245457999760013,0.08311185845408892,37.59446435314648,6.467079193280959e-114,2.960971572176156,3.2881200277758467,292,294,1
piazzaS8,Piazza (2015),educ,educ_3_College,mt,Z,-0.007096769910204729,0.1126917927815463,-0.06297503780032906,0.9498294678063608,-0.22888789967785772,0.21469435985744828,292,294,0
piazzaS8,Piazza (2015),educ,educ_3_College,original,(Intercept),3.037182531758705,0.1608025456041004,18.88765206016277,2.3880193069709046e-32,2.717517650902004,3.3568474126154064,86,88,1
piazzaS8,Piazza (2015),educ,educ_3_College,original,Z,0.2226310249217354,0.24015521263505235,0.9270297424693118,0.35650545865660344,-0.2547817370820905,0.7000437869255612,86,88,0
piazzaS8,Piazza (2015),educ,educ_3_Graduate School,mt,(Intercept),3.2194195155048146,0.1557153266284398,20.675032992653538,3.939209429815645e-37,2.9103270350837667,3.5285119959258626,96,98,1
piazzaS8,Piazza (2015),educ,educ_3_Graduate School,mt,Z,-0.1081458751978363,0.2063362703203785,-0.5241244063872925,0.6014000493568347,-0.5177201346818443,0.30142838428617175,96,98,0
piazzaS8,Piazza (2015),educ,educ_3_Graduate School,original,(Intercept),3.375131202729261,0.22674429205772872,14.885187062922661,9.282034965186718e-21,2.920536267867857,3.829726137590665,54,56,1
piazzaS8,Piazza (2015),educ,educ_3_Graduate School,original,Z,-0.07831946800652034,0.29940718853271153,-0.2615817889688497,0.7946390574566871,-0.6785947390303703,0.5219558030173296,54,56,0
piazzaS8,Piazza (2015),educ,educ_3_Less than College,mt,(Intercept),3.100307799814899,0.06678983854117886,46.41885453733241,1.1198195146844831e-176,2.969060509246489,3.2315550903833095,465,467,1
piazzaS8,Piazza (2015),educ,educ_3_Less than College,mt,Z,-0.043938988454506056,0.09620207320467189,-0.4567363986119608,0.6480738004164237,-0.23298363552896223,0.14510565861995012,465,467,0
piazzaS8,Piazza (2015),educ,educ_3_Less than College,original,(Intercept),2.7901262559572086,0.09417256176532658,29.627804571251517,1.1023116781221098e-90,2.604796205860572,2.9754563060538453,297,299,1
piazzaS8,Piazza (2015),educ,educ_3_Less than College,original,Z,-0.02550870089092741,0.13464220837334295,-0.189455455307117,0.849865272965189,-0.29048234878993784,0.23946494700808305,297,299,0
piazzaS8,Piazza (2015),female,female_0,mt,(Intercept),3.1027612637261175,0.07125078612412966,43.547046039894035,9.821786296551734e-163,2.962732293502318,3.242790233949917,446,448,1
piazzaS8,Piazza (2015),female,female_0,mt,Z,-0.11952034328028885,0.0998990156057874,-1.1964116218314842,0.23217158528773993,-0.31585159859134143,0.07681091203076373,446,448,0
piazzaS8,Piazza (2015),female,female_0,original,(Intercept),2.869798248078537,0.12475699433838253,23.00310506274853,6.602194478833521e-61,2.623950747561135,3.1156457485959392,224,226,1
piazzaS8,Piazza (2015),female,female_0,original,Z,-0.1569001626283086,0.17048704872035733,-0.9203054648782459,0.35840318664299253,-0.4928638095626373,0.17906348430602007,224,226,0
piazzaS8,Piazza (2015),female,female_1,mt,(Intercept),3.1393602689760316,0.06849619563018439,45.83262238279117,3.247107017442662e-163,3.0047117443139193,3.274008793638144,409,411,1
piazzaS8,Piazza (2015),female,female_1,mt,Z,0.060356556715415344,0.0936364601401002,0.6445839219584872,0.519558208712775,-0.12371222398765713,0.24442533741848782,409,411,0
piazzaS8,Piazza (2015),female,female_1,original,(Intercept),2.914908051876624,0.09669298343762413,30.146014201299394,3.712439538722852e-79,2.7243204648255777,3.1054956389276702,215,217,1
piazzaS8,Piazza (2015),female,female_1,original,Z,0.17207926891179642,0.14502610658485637,1.186539947627367,0.23671861215985032,-0.11377576141981094,0.4579342992434038,215,217,0
piazzaS8,Piazza (2015),ideo,ideo_3_Conservative,mt,(Intercept),2.672035008734232,0.10517053371228768,25.406688683771915,4.517291244334343e-62,2.464539798908533,2.8795302185599314,184,186,1
piazzaS8,Piazza (2015),ideo,ideo_3_Conservative,mt,Z,0.12467971573289037,0.14778925898869003,0.8436317807265805,0.3999706178355741,-0.166899705055577,0.41625913652135776,184,186,0
piazzaS8,Piazza (2015),ideo,ideo_3_Conservative,original,(Intercept),2.7035877913961994,0.14674044878039302,18.424284605005543,4.398168844822506e-42,2.413882385147807,2.993293197644592,167,169,1
piazzaS8,Piazza (2015),ideo,ideo_3_Conservative,original,Z,-0.06501236933365949,0.1988365232705279,-0.3269639212369783,0.7441046262468723,-0.45756954242309517,0.32754480375577616,167,169,0
piazzaS8,Piazza (2015),ideo,ideo_3_Liberal,mt,(Intercept),3.3691599580864375,0.06011666162274255,56.043696824506654,9.404419287924914e-214,3.2510380857317274,3.4872818304411477,484,486,1
piazzaS8,Piazza (2015),ideo,ideo_3_Liberal,mt,Z,-0.16207200844128244,0.08666646445885808,-1.8700659990372697,0.06207806757411776,-0.3323609894975833,0.008216972615018442,484,486,0
piazzaS8,Piazza (2015),ideo,ideo_3_Liberal,original,(Intercept),3.0788920066515715,0.14620846350880617,21.058233790044095,4.09336322957879e-42,2.7894094242701026,3.3683745890330403,120,122,1
piazzaS8,Piazza (2015),ideo,ideo_3_Liberal,original,Z,0.34339407392064997,0.19894576363737954,1.7260687920279512,0.08690881478348199,-0.05050469246733863,0.7372928403086385,120,122,0
piazzaS8,Piazza (2015),ideo,ideo_3_Moderate,mt,(Intercept),2.9425556763565117,0.10891069876888117,27.018058920004673,3.9741136159561703e-66,2.7276890319345584,3.157422320778465,185,187,1
piazzaS8,Piazza (2015),ideo,ideo_3_Moderate,mt,Z,0.1073774041383423,0.14903945846555197,0.7204629246768287,0.4721493601898443,-0.18665806426789205,0.40141287254457664,185,187,0
piazzaS8,Piazza (2015),ideo,ideo_3_Moderate,original,(Intercept),2.8899518492044307,0.1200180153284544,24.079317103315475,2.129846176714982e-53,2.652807612913306,3.1270960854955554,150,152,1
piazzaS8,Piazza (2015),ideo,ideo_3_Moderate,original,Z,-0.05911279917323343,0.1749087359027765,-0.33796367498814606,0.7358630905910262,-0.4047159028639175,0.28649030451745067,150,152,0
piazzaS8,Piazza (2015),pid,pid_3_Democrat,mt,(Intercept),3.266319352237922,0.05864135954193622,55.69992540677843,1.3714281492327243e-227,3.151129525127688,3.381509179348156,547,549,1
piazzaS8,Piazza (2015),pid,pid_3_Democrat,mt,Z,-0.06772641237386388,0.08158138710890651,-0.8301699048516173,0.4068048959935512,-0.22797757213368636,0.0925247473859586,547,549,0
piazzaS8,Piazza (2015),pid,pid_3_Democrat,original,(Intercept),3.0114113391063912,0.10326887683485163,29.16088013547647,7.116224964223032e-80,2.8079557852405523,3.21486689297223,234,236,1
piazzaS8,Piazza (2015),pid,pid_3_Democrat,original,Z,0.22816001655982363,0.1367451478203046,1.6685053926713826,0.09655289637081726,-0.04124893452946274,0.49756896764910996,234,236,0
piazzaS8,Piazza (2015),pid,pid_3_Independent,mt,(Intercept),3.0775601488485433,0.14653594670322662,21.00208323000364,7.272818397022345e-38,2.78672685784214,3.368393439854947,97,99,1
piazzaS8,Piazza (2015),pid,pid_3_Independent,mt,Z,0.09907638306152221,0.224238099481274,0.4418356349376571,0.6595916171231773,-0.3459741721666727,0.5441269382897171,97,99,0
piazzaS8,Piazza (2015),pid,pid_3_Independent,original,(Intercept),2.417139170260359,0.3185526654348624,7.587879281941262,3.3688434754060247e-5,1.6965229764184246,3.137755364102293,9,11,1
piazzaS8,Piazza (2015),pid,pid_3_Independent,original,Z,-0.2548132871459589,0.669273253088038,-0.38073131709693486,0.7122336266662159,-1.7688145704883198,1.2591879961964019,9,11,0
piazzaS8,Piazza (2015),pid,pid_3_Republican,mt,(Intercept),2.7394619916511003,0.10344445927432629,26.48244295410999,1.0396590144062748e-68,2.535533709226802,2.9433902740753983,209,211,1
piazzaS8,Piazza (2015),pid,pid_3_Republican,mt,Z,0.036545092588318256,0.14145122535813429,0.25835826091849895,0.7963846695093423,-0.24230894789344062,0.31539913307007716,209,211,0
piazzaS8,Piazza (2015),pid,pid_3_Republican,original,(Intercept),2.7161954591879134,0.12438165879570838,21.83758831878219,3.6551215566701276e-54,2.470881551896429,2.961509366479398,194,196,1
piazzaS8,Piazza (2015),pid,pid_3_Republican,original,Z,-0.230600049387936,0.17841682028338024,-1.2924793134507884,0.19772850553644844,-0.5824857512993882,0.12128565252351625,194,196,0
piazzaS8,Piazza (2015),white,white_0,mt,(Intercept),3.1570276644291426,0.0957733365049903,32.96353431588597,1.1621768041761422e-83,2.968195122585928,3.345860206272357,204,206,1
piazzaS8,Piazza (2015),white,white_0,mt,Z,-0.22211498982940217,0.13437660383135527,-1.652929033004584,0.09988343998819561,-0.4870600840666828,0.042830104407878405,204,206,0
piazzaS8,Piazza (2015),white,white_0,original,(Intercept),2.9791982589340997,0.13716820591880421,21.719306153917444,1.2430845612295506e-40,2.7072190451592304,3.251177472708969,105,107,1
piazzaS8,Piazza (2015),white,white_0,original,Z,-0.037736790766809,0.2128000504851974,-0.1773345010058351,0.8595872913299611,-0.45967998113321573,0.3842063995995977,105,107,0
piazzaS8,Piazza (2015),white,white_1,mt,(Intercept),3.1095632094986723,0.05756539154770663,54.01792858338606,1.018092673927666e-242,2.9965269606974356,3.222599458299909,651,653,1
piazzaS8,Piazza (2015),white,white_1,mt,Z,0.025965576126077645,0.0799088874263046,0.32493977781913447,0.7453310447925064,-0.13094468953352664,0.18287584178568192,651,653,0
piazzaS8,Piazza (2015),white,white_1,original,(Intercept),2.84915882168913,0.09501777434446937,29.985535246911084,9.43841393580714e-97,2.6622501214416676,3.0360675219365927,334,336,1
piazzaS8,Piazza (2015),white,white_1,original,Z,0.041734314726730344,0.13369851594785898,0.3121524156857978,0.7551194740659539,-0.22126296144850882,0.3047315909019695,334,336,0
polarization,Levendusky and Malhotra (2015),age,age_3_18 - 39,mt,(Intercept),2.6805794194230903,0.04494430359933222,59.64225062468024,0,2.5924049622644065,2.768753876581774,1252,1254,1
polarization,Levendusky and Malhotra (2015),age,age_3_18 - 39,mt,Z,0.33778795671760786,0.06539196132641197,5.165588397501919,2.7863295537361715e-7,0.2094980460784386,0.46607786735677714,1252,1254,1
polarization,Levendusky and Malhotra (2015),age,age_3_18 - 39,original,(Intercept),1.556683874699829,0.0953108666835994,16.332700864713626,9.129141276007733e-45,1.369216522947554,1.7441512264521042,343,345,1
polarization,Levendusky and Malhotra (2015),age,age_3_18 - 39,original,Z,0.2009487174635875,0.14728614797826373,1.3643422699413879,0.17335434743890318,-0.08874903759869068,0.4906464725258657,343,345,0
polarization,Levendusky and Malhotra (2015),age,age_3_40 - 59,mt,(Intercept),2.823601640120789,0.068085591787866,41.47135342405884,8.107292009032117e-175,2.6898743588088996,2.957328921432678,574,576,1
polarization,Levendusky and Malhotra (2015),age,age_3_40 - 59,mt,Z,0.4459299755732758,0.08956912864872392,4.9786124114497445,8.481458787809589e-7,0.2700067626123311,0.6218531885342204,574,576,1
polarization,Levendusky and Malhotra (2015),age,age_3_40 - 59,original,(Intercept),1.7478413724141544,0.09080136732172728,19.24906445760013,1.0128886527419362e-58,1.5693269860373187,1.92635575879099,395,397,1
polarization,Levendusky and Malhotra (2015),age,age_3_40 - 59,original,Z,0.03801975061164329,0.1282062588387256,0.296551439500855,0.7669648532179825,-0.21403219861917486,0.29007169984246145,395,397,0
polarization,Levendusky and Malhotra (2015),age,age_3_More than 60,mt,(Intercept),3.0079404000457672,0.11452535955319125,26.26440477271526,5.970246681975085e-59,2.781708478604934,3.2341723214866005,155,157,1
polarization,Levendusky and Malhotra (2015),age,age_3_More than 60,mt,Z,0.12592556790074858,0.16501444600651827,0.7631184477980453,0.4465526512597884,-0.200041845178716,0.45189298098021313,155,157,0
polarization,Levendusky and Malhotra (2015),age,age_3_More than 60,original,(Intercept),1.615689907065151,0.09796340483293449,16.492790443743022,2.8301320808521054e-44,1.422930167545041,1.8084496465852609,309,311,1
polarization,Levendusky and Malhotra (2015),age,age_3_More than 60,original,Z,0.252154311405969,0.14016036725173908,1.7990414576545732,0.07298776520095535,-0.023635162516084496,0.5279437853280224,309,311,0
polarization,Levendusky and Malhotra (2015),educ,educ_3_College,mt,(Intercept),2.7842833530336133,0.061151041032532605,45.53125026199248,6.879952627045168e-211,2.6642207288361757,2.904345977231051,696,698,1
polarization,Levendusky and Malhotra (2015),educ,educ_3_College,mt,Z,0.35652843869677736,0.08557880782852223,4.166083259902008,3.48865757355381e-5,0.1885048683684431,0.5245520090251117,696,698,1
polarization,Levendusky and Malhotra (2015),educ,educ_3_College,original,(Intercept),1.8972886765591503,0.11394143464181508,16.65143749087805,5.352683679558749e-41,1.6727489673717693,2.1218283857465314,223,225,1
polarization,Levendusky and Malhotra (2015),educ,educ_3_College,original,Z,0.14043284490636984,0.15680152252208546,0.8956089370024447,0.3714273771847666,-0.16856948052447654,0.44943517033721625,223,225,0
polarization,Levendusky and Malhotra (2015),educ,educ_3_Graduate School,mt,(Intercept),2.7873540280057045,0.09214385382312483,30.250026587298844,3.41222989469857e-85,2.6058697368843964,2.9688383191270127,248,250,1
polarization,Levendusky and Malhotra (2015),educ,educ_3_Graduate School,mt,Z,0.46846499735243197,0.12559960910707751,3.7298284658915715,2.3751070410356568e-4,0.22108706515017784,0.7158429295546861,248,250,1
polarization,Levendusky and Malhotra (2015),educ,educ_3_Graduate School,original,(Intercept),1.9748599775053928,0.11102195172510096,17.78801351281682,3.618266047977145e-36,1.7551507988657968,2.194569156144989,126,128,1
polarization,Levendusky and Malhotra (2015),educ,educ_3_Graduate School,original,Z,0.06922264804309851,0.21430667219557545,0.32300743291802964,0.7472250333796978,-0.35488395604238465,0.4933292521285817,126,128,0
polarization,Levendusky and Malhotra (2015),educ,educ_3_Less than College,mt,(Intercept),2.704572605741741,0.05038656299590941,53.67646540926614,1.3445157220403837e-301,2.6057013588402413,2.8034438526432406,1037,1039,1
polarization,Levendusky and Malhotra (2015),educ,educ_3_Less than College,mt,Z,0.34512489010916925,0.07132527178661084,4.83874623207473,1.504740176291087e-6,0.2051665730931213,0.4850832071252172,1037,1039,1
polarization,Levendusky and Malhotra (2015),educ,educ_3_Less than College,original,(Intercept),1.5177280714950478,0.06932928212848502,21.891587867335865,2.8025854076135958e-81,1.3816091459766284,1.6538469970134673,698,700,1
polarization,Levendusky and Malhotra (2015),educ,educ_3_Less than College,original,Z,0.17982316745840018,0.1008882031460193,1.7824003387010008,0.07511854436647251,-0.018257548050376687,0.37790388296717703,698,700,0
polarization,Levendusky and Malhotra (2015),female,female_0,mt,(Intercept),2.7661120880552215,0.05015395433855074,55.15242266608388,1.990072391973892e-300,2.667688569422393,2.86453560668805,964,966,1
polarization,Levendusky and Malhotra (2015),female,female_0,mt,Z,0.2994482418327941,0.07248899990313146,4.130947346948544,3.926302624927657e-5,0.15719380692860638,0.4417026767369818,964,966,1
polarization,Levendusky and Malhotra (2015),female,female_0,original,(Intercept),1.726558826097064,0.0782390456969302,22.067738821676443,1.2631770658443057e-77,1.572872437865453,1.8802452143286748,546,548,1
polarization,Levendusky and Malhotra (2015),female,female_0,original,Z,0.14416186218173344,0.11761187278907831,1.225742425173937,0.22082404725693455,-0.08686529032376195,0.3751890146872288,546,548,0
polarization,Levendusky and Malhotra (2015),female,female_1,mt,(Intercept),2.720295499961967,0.05131452450046501,53.01219345679245,3.3932581822358643e-295,2.619601278260231,2.820989721663703,1019,1021,1
polarization,Levendusky and Malhotra (2015),female,female_1,mt,Z,0.4202081245334728,0.07058048105243803,5.953602444580643,3.6056413268858994e-9,0.28170841755782017,0.5587078315091254,1019,1021,1
polarization,Levendusky and Malhotra (2015),female,female_1,original,(Intercept),1.5522716447104112,0.0778741230538188,19.93308667678526,1.3805389572913366e-65,1.399273024446404,1.7052702649744185,503,505,1
polarization,Levendusky and Malhotra (2015),female,female_1,original,Z,0.17697144307658724,0.11074103888636956,1.5980655848657528,0.11065634070358416,-0.040600524244416736,0.3945434103975912,503,505,0
polarization,Levendusky and Malhotra (2015),ideo,ideo_3_Conservative,mt,(Intercept),2.9241833047623853,0.0829749887647306,35.241743907356096,3.7418480142479046e-124,2.761056749662856,3.0873098598619144,396,398,1
polarization,Levendusky and Malhotra (2015),ideo,ideo_3_Conservative,mt,Z,0.13482930582536218,0.11816693851667762,1.1410070153110796,0.25455654876038736,-0.09748365852513147,0.3671422701758558,396,398,0
polarization,Levendusky and Malhotra (2015),ideo,ideo_3_Conservative,original,(Intercept),1.810647847011078,0.093223602855718,19.422633233918393,4.562502572193171e-59,1.6273567436353669,1.9939389503867893,385,387,1
polarization,Levendusky and Malhotra (2015),ideo,ideo_3_Conservative,original,Z,-3.6925928239200234e-4,0.13157708180830122,-0.002806410336185961,0.9977622650133113,-0.25906885643189775,0.25833033786711374,385,387,0
polarization,Levendusky and Malhotra (2015),ideo,ideo_3_Liberal,mt,(Intercept),2.755532070805331,0.04870276638074343,56.578553449375306,1.0598923263355749e-305,2.6599539881748733,2.8511101534357888,945,947,1
polarization,Levendusky and Malhotra (2015),ideo,ideo_3_Liberal,mt,Z,0.47540289031258975,0.06730903169690527,7.062988106162991,3.1578611297355867e-12,0.3433104308615277,0.6074953497636518,945,947,1
polarization,Levendusky and Malhotra (2015),ideo,ideo_3_Liberal,original,(Intercept),1.8689130594056775,0.08723847886325006,21.423035841045284,1.6225671471841303e-63,1.6972713942192903,2.0405547245920648,316,318,1
polarization,Levendusky and Malhotra (2015),ideo,ideo_3_Liberal,original,Z,0.06845318805834091,0.13539681181798977,0.5055745932212987,0.6135077837872323,-0.19793997404386546,0.3348463501605473,316,318,0
polarization,Levendusky and Malhotra (2015),ideo,ideo_3_Moderate,mt,(Intercept),2.6143872482358006,0.0665175952665417,39.30369457524324,8.72507604052073e-173,2.4837681391347473,2.745006357336854,640,642,1
polarization,Levendusky and Malhotra (2015),ideo,ideo_3_Moderate,mt,Z,0.3368490559819189,0.09480126213686844,3.5532127778593936,4.0855473091347476e-4,0.15068994496243565,0.5230081670014022,640,642,1
polarization,Levendusky and Malhotra (2015),ideo,ideo_3_Moderate,original,(Intercept),1.2571908898619595,0.09810858893273977,12.814279601186099,4.96470585783107e-31,1.064226610357991,1.450155169365928,346,348,1
polarization,Levendusky and Malhotra (2015),ideo,ideo_3_Moderate,original,Z,0.4034722545820516,0.14841067302730157,2.7186202067005585,0.0068857886857926764,0.11157162790964453,0.6953728812544586,346,348,1
polarization,Levendusky and Malhotra (2015),pid,pid_3_Democrat,mt,(Intercept),2.741301434622588,0.04405157773927874,62.22935874957999,0,2.6548738014804254,2.827729067764751,1187,1189,1
polarization,Levendusky and Malhotra (2015),pid,pid_3_Democrat,mt,Z,0.41195928023308903,0.06199968477960605,6.6445383020495195,4.6233721497001565e-11,0.29031809764535177,0.5336004628208263,1187,1189,1
polarization,Levendusky and Malhotra (2015),pid,pid_3_Democrat,original,(Intercept),1.712428617926625,0.07823347383718383,21.88869462054642,1.307653881398103e-73,1.5586954011840213,1.8661618346692288,467,469,1
polarization,Levendusky and Malhotra (2015),pid,pid_3_Democrat,original,Z,0.18073311554640611,0.11328797508040958,1.595342448464855,0.11131215810971638,-0.041884185886647746,0.40335041697945995,467,469,0
polarization,Levendusky and Malhotra (2015),pid,pid_3_Independent,mt,(Intercept),2.665864863100247,0.1033403589629044,25.796938290655635,1.2572523989416372e-76,2.46246073155909,2.869268994641404,286,288,1
polarization,Levendusky and Malhotra (2015),pid,pid_3_Independent,mt,Z,0.2215679305714295,0.14356125101521794,1.543368624921934,0.1238470914666799,-0.061002711516184555,0.5041385726590436,286,288,0
polarization,Levendusky and Malhotra (2015),pid,pid_3_Independent,original,(Intercept),0.43517493842243,0.16529453889683654,2.632724234731257,0.012649504717488201,0.09925601932912992,0.77109385751573,34,36,1
polarization,Levendusky and Malhotra (2015),pid,pid_3_Independent,original,Z,0.2026764073827161,0.26666406306977214,0.7600439483654242,0.4524666933423416,-0.3392501706231821,0.7446029853886142,34,36,0
polarization,Levendusky and Malhotra (2015),pid,pid_3_Republican,mt,(Intercept),2.7914827720805833,0.07472719760068708,37.355646427384784,7.981357316215652e-148,2.6446703743976587,2.938295169763508,508,510,1
polarization,Levendusky and Malhotra (2015),pid,pid_3_Republican,mt,Z,0.3301843136637923,0.10575791375880263,3.1220766553397508,0.00189811493513023,0.12240758187944636,0.5379610454481383,508,510,1
polarization,Levendusky and Malhotra (2015),pid,pid_3_Republican,original,(Intercept),1.653557705899732,0.07744794759327633,21.35056844351142,5.470506587398682e-74,1.5014252861400577,1.8056901256594062,546,548,1
polarization,Levendusky and Malhotra (2015),pid,pid_3_Republican,original,Z,0.13628350561995844,0.11523326049476124,1.1826750803962038,0.23745268676323844,-0.09007129525777113,0.362638306497688,546,548,0
polarization,Levendusky and Malhotra (2015),white,white_0,mt,(Intercept),2.5497676833886045,0.07468619672587982,34.139744627069405,1.3814580888100585e-129,2.4030091069273976,2.6965262598498114,472,474,1
polarization,Levendusky and Malhotra (2015),white,white_0,mt,Z,0.39946164853750366,0.10989906554839868,3.634804777858497,3.0875593445058903e-4,0.1835096905941015,0.6154136064809058,472,474,1
polarization,Levendusky and Malhotra (2015),white,white_0,original,(Intercept),1.4923785460125256,0.11517758144633705,12.957196420275999,2.8458419260838505e-30,1.2656330913125278,1.7191240007125235,274,276,1
polarization,Levendusky and Malhotra (2015),white,white_0,original,Z,0.11198728222844374,0.16830870810404922,0.6653683192625582,0.5063746329937917,-0.2193552765385388,0.44332984099542627,274,276,0
polarization,Levendusky and Malhotra (2015),white,white_1,mt,(Intercept),2.806188582867602,0.04061713474942497,69.08878728594537,0,2.7265166424260263,2.8858605233091774,1511,1513,1
polarization,Levendusky and Malhotra (2015),white,white_1,mt,Z,0.3474021953905101,0.0564690097178342,6.152085845429525,9.77352513630351e-10,0.23663624385825086,0.4581681469227693,1511,1513,1
polarization,Levendusky and Malhotra (2015),white,white_1,original,(Intercept),1.7088683117307408,0.058595317562643884,29.163905629554794,8.72557194468e-127,1.593843963986062,1.8238926594754197,775,777,1
polarization,Levendusky and Malhotra (2015),white,white_1,original,Z,0.18484264909673953,0.08542718144790168,2.1637451448572844,0.030788812664798843,0.017146556056436585,0.3525387421370425,775,777,1
shaferS9,Shafer (2017),age,age_3_18 - 39,mt,(Intercept),3.458013255531828,0.04532415475796313,76.29515153670417,0,3.3690130543303374,3.5470134567333185,647,649,1
shaferS9,Shafer (2017),age,age_3_18 - 39,mt,Z,-0.053096981328508416,0.06460740351431718,-0.8218405080579035,0.4114704207594012,-0.1799624891926095,0.07376852653559267,647,649,0
shaferS9,Shafer (2017),age,age_3_18 - 39,original,(Intercept),3.4603539216005115,0.08702444409907378,39.763010926689056,7.202796668962641e-120,3.289079250236013,3.63162859296501,292,294,1
shaferS9,Shafer (2017),age,age_3_18 - 39,original,Z,-0.25353104738113874,0.11875271195190837,-2.1349495368477305,0.033597449223081784,-0.4872508019141363,-0.019811292848141204,292,294,1
shaferS9,Shafer (2017),age,age_3_40 - 59,mt,(Intercept),3.2204413832390593,0.10070692085564034,31.97835219145905,1.2033843816816349e-70,3.021526164518187,3.4193566019599317,157,159,1
shaferS9,Shafer (2017),age,age_3_40 - 59,mt,Z,-0.015018713979129872,0.13817291888617397,-0.10869506195712779,0.9135831537668434,-0.2879363659937609,0.2578989380355012,157,159,0
shaferS9,Shafer (2017),age,age_3_40 - 59,original,(Intercept),3.325906054021051,0.10429964813305083,31.887989207579373,9.31587613959034e-105,3.1207607411164293,3.5310513669256727,344,346,1
shaferS9,Shafer (2017),age,age_3_40 - 59,original,Z,-0.058523368318328425,0.1488203776089705,-0.3932483525347593,0.6943796599072212,-0.35123579331357485,0.23418905667691797,344,346,0
shaferS9,Shafer (2017),age,age_3_More than 60,mt,(Intercept),3.2054226692599292,0.21584588336224542,14.850515651857014,2.2874276201196116e-15,2.764606566863206,3.6462387716566527,30,32,1
shaferS9,Shafer (2017),age,age_3_More than 60,mt,Z,-0.34245968688674494,0.3248822199093939,-1.054104121125044,0.3002512973797739,-1.0059576961497017,0.3210383223762118,30,32,0
shaferS9,Shafer (2017),age,age_3_More than 60,original,(Intercept),3.4497792428355094,0.1112471519796851,31.010045483820345,9.465898329887481e-84,3.230575274233256,3.6689832114377627,228,230,1
shaferS9,Shafer (2017),age,age_3_More than 60,original,Z,-0.07696038588493911,0.15014629585354608,-0.5125693274511873,0.6087488145676918,-0.3728121298292294,0.21889135805935114,228,230,0
shaferS9,Shafer (2017),educ,educ_3_College,mt,(Intercept),3.4141910643225857,0.06527513591763892,52.304618233663284,5.073089569398799e-150,3.28571983466282,3.5426622939823513,291,293,1
shaferS9,Shafer (2017),educ,educ_3_College,mt,Z,-0.05386402710375013,0.09166807846894429,-0.587598518518073,0.5572574762797111,-0.23428051488115537,0.1265524606736551,291,293,0
shaferS9,Shafer (2017),educ,educ_3_College,original,(Intercept),3.2795281778002954,0.0881414595523607,37.20755470190599,4.952506903009515e-83,3.105520613626267,3.453535741974324,168,170,1
shaferS9,Shafer (2017),educ,educ_3_College,original,Z,-0.28023362483791203,0.17441210600403756,-1.6067326475114334,0.1099909212274257,-0.6245554216672022,0.06408817199137817,168,170,0
shaferS9,Shafer (2017),educ,educ_3_Graduate School,mt,(Intercept),3.2155264444191434,0.1413464205342046,22.749259813346416,1.2736609467564916e-38,2.9346301354613544,3.4964227533769323,88,90,1
shaferS9,Shafer (2017),educ,educ_3_Graduate School,mt,Z,-0.06808299656701462,0.175001628946012,-0.38904207336274693,0.6981848128010781,-0.41586196010036924,0.27969596696634,88,90,0
shaferS9,Shafer (2017),educ,educ_3_Graduate School,original,(Intercept),3.376247822326378,0.1358471188484976,24.853289866910693,3.09987793633582e-38,3.105684836616682,3.646810808036074,76,78,1
shaferS9,Shafer (2017),educ,educ_3_Graduate School,original,Z,-0.36703003371546594,0.28140097236407485,-1.3042955418100146,0.19606910718977744,-0.9274886427003689,0.19342857526943702,76,78,0
shaferS9,Shafer (2017),educ,educ_3_Less than College,mt,(Intercept),3.430299793667062,0.05580070950511107,61.474125044106536,1.612328480875722e-222,3.3206407176575414,3.5399588696765827,455,457,1
shaferS9,Shafer (2017),educ,educ_3_Less than College,mt,Z,-0.046798087226017575,0.08203200303625649,-0.57048573110343,0.5686299074770351,-0.20800667643476456,0.1144105019827294,455,457,0
shaferS9,Shafer (2017),educ,educ_3_Less than College,original,(Intercept),3.4429094002545857,0.07457328768713432,46.16813214269176,8.62693921250254e-203,3.296462558227492,3.5893562422816796,620,622,1
shaferS9,Shafer (2017),educ,educ_3_Less than College,original,Z,-0.07331239865884255,0.09471742309597636,-0.7740117526693661,0.4392188770123604,-0.25931824508933266,0.11269344777164757,620,622,0
shaferS9,Shafer (2017),female,female_0,mt,(Intercept),3.44984487715555,0.056085894784280346,61.510026548109316,6.416716204671886e-215,3.3396075392868174,3.560082215024283,429,431,1
shaferS9,Shafer (2017),female,female_0,mt,Z,-0.0072661567925424,0.07555332518515546,-0.09617256123056828,0.9234284320373172,-0.15576690671508098,0.1412345931299962,429,431,0
shaferS9,Shafer (2017),female,female_0,original,(Intercept),3.356514600026374,0.0825551272197733,40.65785751974995,2.185866886058043e-148,3.1942463308124696,3.5187828692402787,424,426,1
shaferS9,Shafer (2017),female,female_0,original,Z,0.006811562837635369,0.1225002825208699,0.05560446635276053,0.95568309812668,-0.23397189292469572,0.24759501859996647,424,426,0
shaferS9,Shafer (2017),female,female_1,mt,(Intercept),3.3518801951658763,0.059726610289325584,56.12038217017196,1.102850508063904e-193,3.234469043054443,3.4692913472773097,407,409,1
shaferS9,Shafer (2017),female,female_1,mt,Z,-0.10140505154218951,0.08839452925432519,-1.1471869627862485,0.25197827492834385,-0.2751718779169486,0.07236177483256956,407,409,0
shaferS9,Shafer (2017),female,female_1,original,(Intercept),3.4545532786692115,0.0803363340178313,43.00113169095375,4.9430063818909324e-160,3.2966646188066364,3.6124419385317865,442,444,1
shaferS9,Shafer (2017),female,female_1,original,Z,-0.2748902708995907,0.10412400701039635,-2.6400277783407247,0.008583215549283332,-0.47952992899929753,-0.07025061279988393,442,444,1
shaferS9,Shafer (2017),ideo,ideo_3_Conservative,mt,(Intercept),3.4483197467943154,0.10325565541397355,33.39594071597608,7.940582147048609e-76,3.244465105161611,3.65217438842702,167,169,1
shaferS9,Shafer (2017),ideo,ideo_3_Conservative,mt,Z,-0.06481804035327714,0.1265859783497427,-0.5120475521719494,0.6092942117130369,-0.31473306097615594,0.18509698026960164,167,169,0
shaferS9,Shafer (2017),ideo,ideo_3_Conservative,original,(Intercept),3.3412523754537835,0.08016237783099839,41.681053704494005,1.4470607609614295e-131,3.1835423797185656,3.4989623711890014,321,323,1
shaferS9,Shafer (2017),ideo,ideo_3_Conservative,original,Z,-0.15492495200517012,0.10891038504069069,-1.4224993507027603,0.15585234880599536,-0.3691932512377597,0.05934334722741949,321,323,0
shaferS9,Shafer (2017),ideo,ideo_3_Liberal,mt,(Intercept),3.4025368777852854,0.05351602709689185,63.57977343170343,4.367104965682504e-229,3.2973688675500883,3.5077048880204824,457,459,1
shaferS9,Shafer (2017),ideo,ideo_3_Liberal,mt,Z,-0.08507949894745637,0.07700318131463074,-1.104882908666153,0.26979169004373904,-0.23640372460377654,0.0662447267088638,457,459,0
shaferS9,Shafer (2017),ideo,ideo_3_Liberal,original,(Intercept),3.430233581113121,0.10799130421550708,31.76397957253816,7.115092245366043e-86,3.217449968490122,3.64301719373612,229,231,1
shaferS9,Shafer (2017),ideo,ideo_3_Liberal,original,Z,-0.13520142267231053,0.16746833686752358,-0.8073252842969479,0.4203168421448038,-0.4651772293124906,0.19477438396786959,229,231,0
shaferS9,Shafer (2017),ideo,ideo_3_Moderate,mt,(Intercept),3.363180374870819,0.07903736998367678,42.55177488275991,3.313487305712843e-105,3.207372047829251,3.518988701912387,210,212,1
shaferS9,Shafer (2017),ideo,ideo_3_Moderate,mt,Z,0.03148800386870182,0.12323760196805458,0.25550646365923346,0.7985820318738984,-0.2114533363507771,0.27442934408818076,210,212,0
shaferS9,Shafer (2017),ideo,ideo_3_Moderate,original,(Intercept),3.4423080765209417,0.10509247233200165,32.7550394441784,2.665025066811478e-103,3.235533624498001,3.6490825285438824,314,316,1
shaferS9,Shafer (2017),ideo,ideo_3_Moderate,original,Z,-0.11546973887325133,0.1387609094783449,-0.8321489049570664,0.4059573175705746,-0.38848844690161466,0.15754896915511196,314,316,0
shaferS9,Shafer (2017),pid,pid_3_Democrat,mt,(Intercept),3.358345559924741,0.05107825143278789,65.7490314511622,2.0416786749389903e-254,3.258000919885453,3.458690199964029,521,523,1
shaferS9,Shafer (2017),pid,pid_3_Democrat,mt,Z,-0.063649672550403,0.07313680197860573,-0.8702824136201918,0.38454687804744914,-0.20732894625899645,0.08002960115819045,521,523,0
shaferS9,Shafer (2017),pid,pid_3_Democrat,original,(Intercept),3.4620359559951037,0.08330416668494389,41.55897710481293,5.3043670619856226e-157,3.2983273216886295,3.625744590301578,455,457,1
shaferS9,Shafer (2017),pid,pid_3_Democrat,original,Z,-0.15720490952581806,0.1158880509993243,-1.3565238880989954,0.17560522586436234,-0.38494711398589027,0.07053729493425415,455,457,0
shaferS9,Shafer (2017),pid,pid_3_Independent,mt,(Intercept),3.5049607420568676,0.11093297787911242,31.595300235033328,1.3864714276356114e-60,3.2853578325272177,3.7245636515865175,122,124,1
shaferS9,Shafer (2017),pid,pid_3_Independent,mt,Z,0.03146759518376289,0.16587629804972048,0.1897051932900664,0.8498554178860067,-0.2969011042792744,0.3598362946468002,122,124,0
shaferS9,Shafer (2017),pid,pid_3_Independent,original,(Intercept),3.4498448771555648,0.2476303121681308,13.931432089029803,1.4338550186903833e-13,2.9408334805936476,3.958856273717482,26,28,1
shaferS9,Shafer (2017),pid,pid_3_Independent,original,Z,-0.6080524218864072,0.4237931596570734,-1.4347858336798862,0.1632684677811913,-1.4791717374570006,0.26306689368418623,26,28,0
shaferS9,Shafer (2017),pid,pid_3_Republican,mt,(Intercept),3.4505017402319496,0.0866694923843374,39.81218356432317,2.004204543391694e-94,3.2795494608314253,3.621454019632474,191,193,1
shaferS9,Shafer (2017),pid,pid_3_Republican,mt,Z,-0.06700003379091196,0.11393551562700023,-0.5880522278080113,0.5571918927823547,-0.29173350764969774,0.15773344006787385,191,193,0
shaferS9,Shafer (2017),pid,pid_3_Republican,original,(Intercept),3.326160853876561,0.0798746006897631,41.642284595519094,2.8643484515648716e-144,3.169113235848407,3.4832084719047147,383,385,1
shaferS9,Shafer (2017),pid,pid_3_Republican,original,Z,-0.07421548067080935,0.1083229075987388,-0.6851319108394524,0.4936751190028543,-0.287197510870129,0.1387665495285103,383,385,0
shaferS9,Shafer (2017),white,white_0,mt,(Intercept),3.505429695862338,0.08460075215944363,41.43497080564716,2.0978319250957264e-100,3.3386108442533122,3.6722485474713635,201,203,1
shaferS9,Shafer (2017),white,white_0,mt,Z,-0.2567776951127894,0.12618117967969492,-2.034992031019267,0.04316464117586656,-0.5055863516737605,-0.00796903855181827,201,203,1
shaferS9,Shafer (2017),white,white_0,original,(Intercept),3.5845244053760186,0.14599757112504982,24.551945472475033,6.043982031398021e-65,3.296791575728158,3.8722572350238793,220,222,1
shaferS9,Shafer (2017),white,white_0,original,Z,-0.0718154922891317,0.17856725199018073,-0.4021761632590996,0.6879448458442892,-0.4237368311281838,0.2801058465499204,220,222,0
shaferS9,Shafer (2017),white,white_1,mt,(Intercept),3.366096862272093,0.046634171956615844,72.18090771298782,2.817590822992271e-308,3.2745210191447387,3.4576727053994474,635,637,1
shaferS9,Shafer (2017),white,white_1,mt,Z,0.013801540967188167,0.06515937661412845,0.2118120473883661,0.8323216344577448,-0.11415237352801919,0.1417554554623955,635,637,0
shaferS9,Shafer (2017),white,white_1,original,(Intercept),3.330043770746618,0.05340390413345972,62.355811335902125,1.5270234456139602e-275,3.2251775680101122,3.4349099734831237,646,648,1
shaferS9,Shafer (2017),white,white_1,original,Z,-0.17257334388426782,0.08378909766241532,-2.0596157340130636,0.03983542793066392,-0.337105219318269,-0.008041468450266653,646,648,1
superordinate_id,Transue (2007),age,age_3_18 - 39,mt,(Intercept),1.5405917044604727,0.09291774054333908,16.580167527232362,3.751109193250494e-42,1.3575903637400428,1.7235930451809025,250,253,1
superordinate_id,Transue (2007),age,age_3_18 - 39,mt,Z,-0.07617265712206316,0.1130161426173618,-0.6739980268125108,0.5009352689717352,-0.29875776843761304,0.14641245419348675,250,253,0
superordinate_id,Transue (2007),age,age_3_18 - 39,mt,Z_particularismPublic Schools,0.19925245707988734,0.11289262186177042,1.7649732444327395,0.07878918586732754,-0.023089380305971158,0.4215942944657458,250,253,0
superordinate_id,Transue (2007),age,age_3_18 - 39,original,(Intercept),1.3321468887378245,0.13999217642240896,9.515866691851672,3.254355429642674e-17,1.0556220914744234,1.6086716860012256,156,159,1
superordinate_id,Transue (2007),age,age_3_18 - 39,original,Z,0.19095597396398337,0.15701845828837538,1.2161371092644366,0.22576967587530003,-0.1192006251718988,0.5011125730998656,156,159,0
superordinate_id,Transue (2007),age,age_3_18 - 39,original,Z_particularismPublic Schools,0.22839082554684886,0.15792162141610647,1.4462289805463917,0.15011914816250252,-0.08354978043265893,0.5403314315263567,156,159,0
superordinate_id,Transue (2007),age,age_3_40 - 59,mt,(Intercept),1.1897880804307264,0.16422978399023397,7.2446547241484405,1.650311445512864e-10,0.8633636016881532,1.5162125591732996,87,90,1
superordinate_id,Transue (2007),age,age_3_40 - 59,mt,Z,0.08135629570842513,0.19439787659125596,0.4185040347919343,0.6766099496565937,-0.3050305337276853,0.46774312514453553,87,90,0
superordinate_id,Transue (2007),age,age_3_40 - 59,mt,Z_particularismPublic Schools,0.13768334164629384,0.19289242400860449,0.7137830443778969,0.47727188548883115,-0.24571123776899886,0.5210779210615866,87,90,0
superordinate_id,Transue (2007),age,age_3_40 - 59,original,(Intercept),1.2247921409355889,0.13586016251364197,9.015094036948508,3.3655630292123355e-15,0.9558433797324105,1.493740902138767,122,125,1
superordinate_id,Transue (2007),age,age_3_40 - 59,original,Z,0.18778945048411905,0.16472704372133315,1.1400037676982797,0.25651790136667957,-0.13830418525009247,0.5138830862183306,122,125,0
superordinate_id,Transue (2007),age,age_3_40 - 59,original,Z_particularismPublic Schools,0.2369811705556437,0.16632019228429867,1.4248490655335522,0.15675399145195465,-0.09226626188022555,0.5662286029915129,122,125,0
superordinate_id,Transue (2007),age,age_3_More than 60,mt,(Intercept),1.6560332813928145,0.4491376726280873,3.6871395616909397,0.0013692913737424935,0.7220003592066758,2.590066203578953,21,24,1
superordinate_id,Transue (2007),age,age_3_More than 60,mt,Z,-0.5025534524457965,0.45019948942428867,-1.1162905872871105,0.2769083211055145,-1.43879454354188,0.4336876386502869,21,24,0
superordinate_id,Transue (2007),age,age_3_More than 60,mt,Z_particularismPublic Schools,-0.04546912188795295,0.45050222598682615,-0.10092984954370143,0.9205635795746768,-0.9823397881307946,0.8914015443548887,21,24,0
superordinate_id,Transue (2007),age,age_3_More than 60,original,(Intercept),1.4155467585490333,0.22592411497961426,6.265585055746537,4.952970031148771e-8,0.9633105075043009,1.8677830095937658,58,61,1
superordinate_id,Transue (2007),age,age_3_More than 60,original,Z,0.15245643470655723,0.2602167040501002,0.5858825829920756,0.5602274729207383,-0.3684238914571747,0.6733367608702892,58,61,0
superordinate_id,Transue (2007),age,age_3_More than 60,original,Z_particularismPublic Schools,-0.17459624483079414,0.26196090159463414,-0.6664973428018255,0.5077358992641722,-0.6989679617152229,0.3497754720536346,58,61,0
superordinate_id,Transue (2007),pid,pid_3_Democrat,mt,(Intercept),1.7586542927248536,0.09079338847395413,19.36984974659645,1.7052506507316049e-47,1.5796025549096622,1.937706030540045,197,200,1
superordinate_id,Transue (2007),pid,pid_3_Democrat,mt,Z,0.08770321810955965,0.11200174549989968,0.783052243678097,0.43453676191823887,-0.13317307593738803,0.30857951215650736,197,200,0
superordinate_id,Transue (2007),pid,pid_3_Democrat,mt,Z_particularismPublic Schools,0.09094089638162162,0.11185098355322846,0.8130540607928047,0.41716858567299553,-0.12963808319120415,0.3115198759544474,197,200,0
superordinate_id,Transue (2007),pid,pid_3_Democrat,original,(Intercept),1.5181993934508013,0.13520798119957217,11.228622600391324,4.591409597453056e-22,1.251226559640224,1.7851722272613788,164,167,1
superordinate_id,Transue (2007),pid,pid_3_Democrat,original,Z,0.1626629192511307,0.14489585138931912,1.1226195760020308,0.26323991495740034,-0.12343894921553067,0.44876478771779205,164,167,0
superordinate_id,Transue (2007),pid,pid_3_Democrat,original,Z_particularismPublic Schools,0.17452630905587951,0.14523239083148465,1.2017037525629186,0.23121076204557392,-0.11224006817547783,0.46129268628723685,164,167,0
superordinate_id,Transue (2007),pid,pid_3_Independent,mt,(Intercept),1.2413936493748712,0.20952533757659392,5.924790117190806,1.0630329206550129e-7,0.8235085402557265,1.6592787584940158,70,73,1
superordinate_id,Transue (2007),pid,pid_3_Independent,mt,Z,-0.21345675270550485,0.22480755388667104,-0.9495088088237092,0.34562865625866857,-0.6618212811835823,0.2349077757725726,70,73,0
superordinate_id,Transue (2007),pid,pid_3_Independent,mt,Z_particularismPublic Schools,0.07574271870195341,0.2223443293631217,0.34065505029478027,0.7343835543836859,-0.36770906337173237,0.5191945007756392,70,73,0
superordinate_id,Transue (2007),pid,pid_3_Independent,original,(Intercept),0.9857061960176677,0.24645936964896747,3.9994673256756714,2.2317995708508686e-4,0.48989389710653974,1.4815184949287956,47,50,1
superordinate_id,Transue (2007),pid,pid_3_Independent,original,Z,0.6237035565480267,0.2628507278543796,2.372843178480986,0.021794372305468705,0.09491609826001435,1.152491014836039,47,50,1
superordinate_id,Transue (2007),pid,pid_3_Independent,original,Z_particularismPublic Schools,0.03029416979762652,0.25804303699159326,0.11739967933571278,0.9070436067938066,-0.4888214620042302,0.5494098015994833,47,50,0
superordinate_id,Transue (2007),pid,pid_3_Republican,mt,(Intercept),1.042146618387944,0.16405076120967607,6.352586301358021,8.213715009218784e-9,0.7162799341560595,1.3680133026198285,91,94,1
superordinate_id,Transue (2007),pid,pid_3_Republican,mt,Z,-0.1083729729489853,0.1857165625616566,-0.5835396232525369,0.5609736418189959,-0.477276110018616,0.2605301641206454,91,94,0
superordinate_id,Transue (2007),pid,pid_3_Republican,mt,Z_particularismPublic Schools,0.22059920715837822,0.19362063226314824,1.1393372936545503,0.25755272586752515,-0.1640043933932278,0.6052028077099842,91,94,0
superordinate_id,Transue (2007),pid,pid_3_Republican,original,(Intercept),1.1531316414589503,0.13071728675435898,8.821569588006287,8.274358335416172e-15,0.8944259077249364,1.4118373751929643,125,128,1
superordinate_id,Transue (2007),pid,pid_3_Republican,original,Z,0.015568553028914342,0.17547478775927627,0.0887224496904475,0.929444480815651,-0.3317178300214906,0.3628549360793193,125,128,0
superordinate_id,Transue (2007),pid,pid_3_Republican,original,Z_particularismPublic Schools,0.2008475873922444,0.1741985298047989,1.1529809557939872,0.25111823720957155,-0.14391292277061052,0.5456080975550993,125,128,0
superordinate_id,Transue (2007),white,white_1,mt,(Intercept),1.4607594549617728,0.08006079210042763,18.24562831116394,2.7753827634743705e-53,1.3033197016361702,1.6181992082873755,364,367,1
superordinate_id,Transue (2007),white,white_1,mt,Z,-0.07517906033674246,0.09503686184001578,-0.7910515865233243,0.4294290095837153,-0.26206929327576367,0.11171117260227875,364,367,0
superordinate_id,Transue (2007),white,white_1,mt,Z_particularismPublic Schools,0.19097326441463708,0.09492859920941765,2.0117568994496557,0.04498205667141175,0.00429593021679206,0.37765059861248207,364,367,1
superordinate_id,Transue (2007),white,white_1,original,(Intercept),1.3072472934277932,0.08974783116313485,14.565781439905846,9.94637681347205e-38,1.1307200724346063,1.4837745144209802,342,345,1
superordinate_id,Transue (2007),white,white_1,original,Z,0.17575150746048895,0.10487822722785112,1.6757673361379717,0.09469770355663346,-0.030536062448268647,0.3820390773692466,342,345,0
superordinate_id,Transue (2007),white,white_1,original,Z_particularismPublic Schools,0.1610198884683932,0.10471182355332212,1.5377431411687477,0.12503607439226141,-0.04494037795183481,0.36698015488862124,342,345,0
system_threat,Craig and Richeson (2014),age,age_3_18 - 39,mt,(Intercept),2.783969713001559,0.05977337105103543,46.57541751534412,4.8160782963115157e-188,2.6665437933546046,2.9013956326485135,522,524,1
system_threat,Craig and Richeson (2014),age,age_3_18 - 39,mt,Z,-0.2472935103746356,0.08259293091828589,-2.994124407805528,0.0028828421322673256,-0.40954888762508923,-0.08503813312418196,522,524,1
system_threat,Craig and Richeson (2014),age,age_3_18 - 39,original,(Intercept),2.2274705497874967,0.12183905727188875,18.282073086110692,2.0873922162175894e-43,1.9871064437124177,2.4678346558625757,186,188,1
system_threat,Craig and Richeson (2014),age,age_3_18 - 39,original,Z,0.2288501116105256,0.16125304031420346,1.4191987398476857,0.15751471917051418,-0.0892699047034462,0.5469701279244974,186,188,0
system_threat,Craig and Richeson (2014),age,age_3_40 - 59,mt,(Intercept),2.3464764793128334,0.11139837831081126,21.06382978723405,1.7982877959208602e-47,2.1264326542570657,2.566520304368601,156,158,1
system_threat,Craig and Richeson (2014),age,age_3_40 - 59,mt,Z,-0.12546351510201376,0.15686157031957104,-0.7998358989165375,0.4250221397299473,-0.43531021539300774,0.18438318518898023,156,158,0
system_threat,Craig and Richeson (2014),age,age_3_40 - 59,original,(Intercept),1.9886564669501303,0.10543586559566788,18.861290280257723,6.103185260973228e-49,1.7809362072161579,2.196376726684103,235,237,1
system_threat,Craig and Richeson (2014),age,age_3_40 - 59,original,Z,-0.13958650354219904,0.1568800644974038,-0.8897657200065024,0.37450163733865793,-0.4486574971778032,0.1694844900934051,235,237,0
system_threat,Craig and Richeson (2014),age,age_3_More than 60,mt,(Intercept),2.5691250997930877,0.23234129737339582,11.057548222536804,4.06103570978472e-11,2.0906092404558607,3.0476409591303146,25,27,1
system_threat,Craig and Richeson (2014),age,age_3_More than 60,mt,Z,-0.34288129958553804,0.4291947686388127,-0.7988944056167855,0.43187641678816446,-1.2268244722372046,0.5410618730661284,25,27,0
system_threat,Craig and Richeson (2014),age,age_3_More than 60,original,(Intercept),2.0564788272987284,0.1130038118265444,18.198313791886314,9.619726276850676e-43,1.833504560202354,2.2794530943951026,181,183,1
system_threat,Craig and Richeson (2014),age,age_3_More than 60,original,Z,-0.18160215872780325,0.15059939371299166,-1.2058624822480748,0.22944446944146707,-0.4787584129774922,0.1155540955218857,181,183,0
system_threat,Craig and Richeson (2014),educ,educ_3_College,mt,(Intercept),2.662291552629153,0.07579783696617091,35.12358213885908,4.1267826439542196e-106,2.5131035838284164,2.8114795214298893,288,290,1
system_threat,Craig and Richeson (2014),educ,educ_3_College,mt,Z,-0.07188573493945342,0.10862958549350436,-0.6617509825972034,0.5086599378535754,-0.28569430600296303,0.1419228361240562,288,290,0
system_threat,Craig and Richeson (2014),educ,educ_3_College,original,(Intercept),2.4471167041369677,0.18828355555361603,12.996975210828337,8.066837658147216e-24,2.073906032975693,2.8203273752982425,108,110,1
system_threat,Craig and Richeson (2014),educ,educ_3_College,original,Z,-0.2008381243090723,0.2427434008743222,-0.8273680091227448,0.40985289551658777,-0.6819976567700914,0.2803214081519467,108,110,0
system_threat,Craig and Richeson (2014),educ,educ_3_Graduate School,mt,(Intercept),2.9517607529537595,0.15241218497241144,19.36696041388073,1.7503448143974258e-30,2.6480037063531507,3.2555177995543683,73,75,1
system_threat,Craig and Richeson (2014),educ,educ_3_Graduate School,mt,Z,-0.4029387694508304,0.23081426296125582,-1.7457273405953564,0.08506566855584581,-0.8629509321469984,0.05707339324533761,73,75,0
system_threat,Craig and Richeson (2014),educ,educ_3_Graduate School,original,(Intercept),2.368446112069481,0.2249436511991672,10.529064054234794,7.841169394461713e-17,1.9208788057300379,2.816013418408924,81,83,1
system_threat,Craig and Richeson (2014),educ,educ_3_Graduate School,original,Z,0.030578953587168268,0.27994236077663687,0.10923303462303406,0.9132878203818773,-0.5264185330063441,0.5875764401806806,81,83,0
system_threat,Craig and Richeson (2014),educ,educ_3_Less than College,mt,(Intercept),2.6288721951371117,0.08014722010071144,32.80054120197459,1.2091950246624655e-107,2.4712286526542773,2.786515737619946,342,344,1
system_threat,Craig and Richeson (2014),educ,educ_3_Less than College,mt,Z,-0.29492183233646546,0.10734906164606071,-2.7473163511093244,0.006326826469134782,-0.5060693473573008,-0.08377431731563009,342,344,1
system_threat,Craig and Richeson (2014),educ,educ_3_Less than College,original,(Intercept),1.9743009107084022,0.07287730898966067,27.09074934405855,1.2332108886896795e-93,1.8310441940826439,2.1175576273341603,413,415,1
system_threat,Craig and Richeson (2014),educ,educ_3_Less than College,original,Z,0.04059161139906435,0.1103922309281834,0.36770351552612035,0.7132826820681181,-0.17640910889382794,0.25759233169195667,413,415,0
system_threat,Craig and Richeson (2014),female,female_0,mt,(Intercept),2.668008470834611,0.07250780637715196,36.79615484375391,1.2012707801789058e-118,2.5253710645807708,2.810645877088451,329,331,1
system_threat,Craig and Richeson (2014),female,female_0,mt,Z,-0.12424950677859761,0.10300196044431863,-1.2062829313405652,0.2285751298843949,-0.3268750337517573,0.07837602019456211,329,331,0
system_threat,Craig and Richeson (2014),female,female_0,original,(Intercept),2.1600960297020535,0.09721472422869393,22.219844234917645,7.050917603831451e-65,1.968771066453387,2.35142099295072,294,296,1
system_threat,Craig and Richeson (2014),female,female_0,original,Z,-8.395055187124489e-4,0.14529084757880614,-0.005778103250840346,0.9953936849587777,-0.28678143760699876,0.2851024265695739,294,296,0
system_threat,Craig and Richeson (2014),female,female_1,mt,(Intercept),2.6872295167938294,0.07479116495817671,35.929772163550744,1.2110809510740408e-123,2.54016815553423,2.834290878053429,376,378,1
system_threat,Craig and Richeson (2014),female,female_1,mt,Z,-0.30454696305818,0.10253566691739127,-2.9701563584068835,0.003167533781229688,-0.5061621506670996,-0.10293177544926047,376,378,1
system_threat,Craig and Richeson (2014),female,female_1,original,(Intercept),2.039683108754449,0.0914366683574903,22.307058485332078,2.0203783977690023e-66,1.8597681205198253,2.219598096989073,310,312,1
system_threat,Craig and Richeson (2014),female,female_1,original,Z,-0.004984811952988791,0.12393819824754164,-0.040220142163375903,0.9679435097704934,-0.2488513031548229,0.23888167924884535,310,312,0
system_threat,Craig and Richeson (2014),ideo,ideo_3_Conservative,mt,(Intercept),2.050441214397509,0.10895960019058437,18.818362134323394,1.0257822866193689e-42,1.8352869051705303,2.265595523624487,163,165,1
system_threat,Craig and Richeson (2014),ideo,ideo_3_Conservative,mt,Z,0.08357248551572799,0.15864854145154378,0.526777521880046,0.5990642324124593,-0.22969883051489204,0.396843801546348,163,165,0
system_threat,Craig and Richeson (2014),ideo,ideo_3_Conservative,original,(Intercept),2.038560783774199,0.11752689604834458,17.345483053816366,7.798890668073194e-44,1.8070095753650568,2.270111992183341,233,235,1
system_threat,Craig and Richeson (2014),ideo,ideo_3_Conservative,original,Z,-0.19879702652024916,0.16070851807657213,-1.2370036691243034,0.21733101376556094,-0.5154245629691443,0.11783050992864597,233,235,0
system_threat,Craig and Richeson (2014),ideo,ideo_3_Liberal,mt,(Intercept),2.980280180518527,0.06472736621227636,46.043587973973196,1.0270105213874305e-144,2.852944135167701,3.1076162258693527,326,328,1
system_threat,Craig and Richeson (2014),ideo,ideo_3_Liberal,mt,Z,-0.25931553582041417,0.09422487792505878,-2.752092032707745,0.006252984820658237,-0.4446810779512739,-0.07394999368955446,326,328,1
system_threat,Craig and Richeson (2014),ideo,ideo_3_Liberal,original,(Intercept),2.4065838689141126,0.1289484641601387,18.663144881860873,2.20119392022651e-40,2.151722443837979,2.661445293990246,145,147,1
system_threat,Craig and Richeson (2014),ideo,ideo_3_Liberal,original,Z,0.048913900306898274,0.17765021945024212,0.27533824871293516,0.7834483513501381,-0.3022045747293679,0.4000323753431645,145,147,0
system_threat,Craig and Richeson (2014),ideo,ideo_3_Moderate,mt,(Intercept),2.686902495243136,0.09527016171481986,28.202980312829382,5.0880655565859414e-74,2.4991144069677467,2.8746905835185257,214,216,1
system_threat,Craig and Richeson (2014),ideo,ideo_3_Moderate,mt,Z,-0.34974738926293736,0.12843951927130406,-2.723051217002475,0.007001929888628093,-0.602915971627339,-0.09657880689853571,214,216,1
system_threat,Craig and Richeson (2014),ideo,ideo_3_Moderate,original,(Intercept),1.9350441054107985,0.0994812154269537,19.451351665799134,5.134128131810992e-50,1.739005331866658,2.1310828789549388,224,226,1
system_threat,Craig and Richeson (2014),ideo,ideo_3_Moderate,original,Z,0.1215962826255306,0.15078055766192516,0.8064453700865697,0.4208414578665963,-0.17553353702418592,0.4187261022752471,224,226,0
system_threat,Craig and Richeson (2014),pid,pid_3_Democrat,mt,(Intercept),2.9493944223838184,0.0562771009476768,52.408428520971526,2.384109270337292e-186,2.8387745609924293,3.0600142837752076,420,422,1
system_threat,Craig and Richeson (2014),pid,pid_3_Democrat,mt,Z,-0.29355383799260665,0.08352729183690194,-3.514466128817025,4.885444266230325e-4,-0.4577374453533841,-0.12937023063182915,420,422,1
system_threat,Craig and Richeson (2014),pid,pid_3_Democrat,original,(Intercept),2.135375200203814,0.09983302115600615,21.389467888254387,5.192645852134159e-62,1.9389027436050426,2.331847656802586,296,298,1
system_threat,Craig and Richeson (2014),pid,pid_3_Democrat,original,Z,0.13852246811194527,0.1356759383981002,1.0209803576629246,0.3080974648137574,-0.1284892341259634,0.40553417034985395,296,298,0
system_threat,Craig and Richeson (2014),pid,pid_3_Independent,mt,(Intercept),2.748729590052181,0.18749801125538407,14.660046640752038,5.075698070768637e-26,2.3764478934012474,3.1210112867031143,94,96,1
system_threat,Craig and Richeson (2014),pid,pid_3_Independent,mt,Z,-0.4002779621877328,0.22486205598696704,-1.7801045197724814,0.07829010647375881,-0.8467468455361766,0.046190921160710996,94,96,0
system_threat,Craig and Richeson (2014),pid,pid_3_Independent,original,(Intercept),1.9074772963872968,0.3780846531715018,5.045106381300412,1.1950140272194654e-4,1.1059736365748,2.7089809561997935,16,18,1
system_threat,Craig and Richeson (2014),pid,pid_3_Independent,original,Z,-8.726166926550003e-4,0.5574077980868665,-0.0015654906437441187,0.9987702724706395,-1.182524361684254,1.1807791282989442,16,18,0
system_threat,Craig and Richeson (2014),pid,pid_3_Republican,mt,(Intercept),2.0080005122134406,0.09340280167807351,21.498289945673253,1.1688763082707776e-52,1.8237546052491507,2.1922464191777302,189,191,1
system_threat,Craig and Richeson (2014),pid,pid_3_Republican,mt,Z,0.09855276110122875,0.13962285026557575,0.7058498011877867,0.4811506678467068,-0.1768665862625155,0.373972108464973,189,191,0
system_threat,Craig and Richeson (2014),pid,pid_3_Republican,original,(Intercept),2.065660020517919,0.09274176153417271,22.27324547589903,9.399150441164441e-65,1.8831277353929554,2.248192305642883,290,292,1
system_threat,Craig and Richeson (2014),pid,pid_3_Republican,original,Z,-0.19024025375493936,0.13490621113510437,-1.4101667532892141,0.15956208602008956,-0.45575967659842204,0.07527916908854332,290,292,0
system_threat,Craig and Richeson (2014),white,white_0,mt,(Intercept),2.9547154684221804,0.09475305663786533,31.183326145506246,2.3614087325456412e-64,2.7673599139141833,3.1420710229301774,138,140,1
system_threat,Craig and Richeson (2014),white,white_0,mt,Z,-0.3574310348467074,0.14275397119091368,-2.5038255108762812,0.01345086633375251,-0.639698967721013,-0.07516310197240184,138,140,1
system_threat,Craig and Richeson (2014),white,white_0,original,(Intercept),2.154009840213118,0.14527520202716432,14.827099258208913,1.2270407193687704e-30,1.866828223743586,2.4411914566826503,142,144,1
system_threat,Craig and Richeson (2014),white,white_0,original,Z,0.22917781575179302,0.18934809599680424,1.2103518366282437,0.22815475415519493,-0.1451275820381383,0.6034832135417243,142,144,0
system_threat,Craig and Richeson (2014),white,white_1,mt,(Intercept),2.6090635013014527,0.060084616869351966,43.4231528341872,1.840492502797703e-182,2.4910478998378505,2.727079102765055,567,569,1
system_threat,Craig and Richeson (2014),white,white_1,mt,Z,-0.18784798172172398,0.08315237815969186,-2.25908129002597,0.02425727827569549,-0.3511722805681814,-0.024523682875266573,567,569,1
system_threat,Craig and Richeson (2014),white,white_1,original,(Intercept),2.071914141969635,0.07234062746052375,28.64108613241263,1.784968228324827e-104,1.9297567053902838,2.2140715785489866,462,464,1
system_threat,Craig and Richeson (2014),white,white_1,original,Z,-0.1282155022960884,0.10492644703233209,-1.2219560074933256,0.22234735933634042,-0.3344077246076119,0.0779767200154351,462,464,0
thompsonS10,Thompson and Schlehofer (2014),age,age_3_18 - 39,mt,(Intercept),1.9767227402768255,0.04571327270293813,43.24176816484582,3.4204912584123514e-230,1.8870165896945312,2.0664288908591195,989,991,1
thompsonS10,Thompson and Schlehofer (2014),age,age_3_18 - 39,mt,Z,-0.05469737667672128,0.06330223164075752,-0.8640671151552902,0.38776053256142584,-0.1789194939743104,0.06952474062086784,989,991,0
thompsonS10,Thompson and Schlehofer (2014),age,age_3_18 - 39,original,(Intercept),2.271066950847567,0.15316652605459607,14.827436577350115,4.524361647941477e-29,1.9678585144816707,2.5742753872134636,122,124,1
thompsonS10,Thompson and Schlehofer (2014),age,age_3_18 - 39,original,Z,-0.022673247209983954,0.1970794622223523,-0.11504622021143514,0.908597623238937,-0.4128117266775613,0.3674652322575934,122,124,0
thompsonS10,Thompson and Schlehofer (2014),age,age_3_40 - 59,mt,(Intercept),2.3562141117427045,0.07723571211505695,30.50679597842881,6.48652444881089e-92,2.204191580522687,2.508236642962722,286,288,1
thompsonS10,Thompson and Schlehofer (2014),age,age_3_40 - 59,mt,Z,-9.085074654876914e-4,0.11514551771576902,-0.007890081034072875,0.9937101921814986,-0.2275486533569901,0.22573163842601474,286,288,0
thompsonS10,Thompson and Schlehofer (2014),age,age_3_40 - 59,original,(Intercept),2.5555467899280844,0.12815079254394257,19.94171662303059,3.76005962263947e-44,2.3023465919333472,2.8087469879228215,151,153,1
thompsonS10,Thompson and Schlehofer (2014),age,age_3_40 - 59,original,Z,-0.23202795909454343,0.19691960331221164,-1.1782877641017195,0.24053544202300756,-0.6211014993974656,0.15704558120837875,151,153,0
thompsonS10,Thompson and Schlehofer (2014),age,age_3_More than 60,mt,(Intercept),2.5719846347960615,0.16808459535810738,15.301727260112088,4.613414925791941e-23,2.2361970542151806,2.9077722153769425,64,66,1
thompsonS10,Thompson and Schlehofer (2014),age,age_3_More than 60,mt,Z,-0.3344443107327091,0.2402563440701565,-1.3920311325267192,0.1687316116508556,-0.8144115339196155,0.14552291245419735,64,66,0
thompsonS10,Thompson and Schlehofer (2014),age,age_3_More than 60,original,(Intercept),2.537998379964901,0.17577841487565427,14.43862366013644,4.338661329273535e-28,2.189998643963446,2.885998115966356,121,123,1
thompsonS10,Thompson and Schlehofer (2014),age,age_3_More than 60,original,Z,-0.06199044698472818,0.22261077042425634,-0.2784701156488766,0.7811268263494049,-0.50270718341407294,0.37872628944461656,121,123,0
thompsonS10,Thompson and Schlehofer (2014),educ,educ_3_College,mt,(Intercept),2.0319883672904457,0.06675409208162446,30.439907186600706,1.9236076465032316e-110,1.9007926899199938,2.1631840446608974,441,443,1
thompsonS10,Thompson and Schlehofer (2014),educ,educ_3_College,mt,Z,-0.1417264967595977,0.09163048157950167,-1.5467177986686782,0.12264859632522968,-0.3218131809422536,0.03836018742305819,441,443,0
thompsonS10,Thompson and Schlehofer (2014),educ,educ_3_College,original,(Intercept),2.0676950536786434,0.206484786524755,10.013788853304948,2.077501758238298e-15,1.6562651354349194,2.479124971922367,74,76,1
thompsonS10,Thompson and Schlehofer (2014),educ,educ_3_College,original,Z,-0.09542078477700122,0.25565298916396945,-0.3732433760663002,0.7100344005464791,-0.6048204853592299,0.4139789158052275,74,76,0
thompsonS10,Thompson and Schlehofer (2014),educ,educ_3_Graduate School,mt,(Intercept),2.2191998296038142,0.10290996818515395,21.564478822994733,7.729279414095709e-53,2.0162001327714765,2.422199526436152,189,191,1
thompsonS10,Thompson and Schlehofer (2014),educ,educ_3_Graduate School,mt,Z,-0.14344197245721024,0.13862157627735117,-1.034773779878354,0.30209675811579884,-0.4168862116789522,0.1300022667645317,189,191,0
thompsonS10,Thompson and Schlehofer (2014),educ,educ_3_Graduate School,original,(Intercept),2.4726356516301773,0.19848692987987748,12.457423030960246,2.2550876112127603e-17,2.0745212869006746,2.87075001635968,53,55,1
thompsonS10,Thompson and Schlehofer (2014),educ,educ_3_Graduate School,original,Z,-0.24026138310246412,0.29628776066895285,-0.8109055283282932,0.42104651437883434,-0.8345393725259155,0.3540166063209872,53,55,0
thompsonS10,Thompson and Schlehofer (2014),educ,educ_3_Less than College,mt,(Intercept),2.0817244993387476,0.054541349844930705,38.16782139161214,4.374216061434386e-174,1.9746426192728896,2.1888063794046055,709,711,1
thompsonS10,Thompson and Schlehofer (2014),educ,educ_3_Less than College,mt,Z,0.03110046239975941,0.07833720558281979,0.3970075543080143,0.6914813667857174,-0.1227001911734237,0.18490111597294254,709,711,0
thompsonS10,Thompson and Schlehofer (2014),educ,educ_3_Less than College,original,(Intercept),2.505031290189389,0.10633716213822282,23.55743974936263,3.801745430710642e-67,2.2956652615118966,2.7143973188668817,267,269,1
thompsonS10,Thompson and Schlehofer (2014),educ,educ_3_Less than College,original,Z,-0.0688886928350627,0.14502514877191622,-0.4750120473477689,0.6351667082371145,-0.35442705822110465,0.21664967255097922,267,269,0
thompsonS10,Thompson and Schlehofer (2014),female,female_0,mt,(Intercept),1.8405372399120468,0.05593862174251536,32.90279922133248,5.697666126002879e-137,1.7306801458663996,1.950394333957694,606,608,1
thompsonS10,Thompson and Schlehofer (2014),female,female_0,mt,Z,0.030426831832692323,0.0788666820267761,0.3858008356730676,0.6997795733563568,-0.12445836616814945,0.1853120298335341,606,608,0
thompsonS10,Thompson and Schlehofer (2014),female,female_0,original,(Intercept),2.4144710648656305,0.13235243953706313,18.242739410855343,1.1669701995953487e-44,2.1535092651902836,2.6754328645409773,203,205,1
thompsonS10,Thompson and Schlehofer (2014),female,female_0,original,Z,-0.06848326666220461,0.17458417530271225,-0.39226502942469543,0.6952739317689856,-0.4127141757500097,0.27574764242560046,203,205,0
thompsonS10,Thompson and Schlehofer (2014),female,female_1,mt,(Intercept),2.283265940387134,0.05221467478955725,43.72843361735883,1.0640634675363048e-206,2.180758258159075,2.385773622615193,735,737,1
thompsonS10,Thompson and Schlehofer (2014),female,female_1,mt,Z,-0.11396014409796067,0.0741846108562655,-1.5361696015196633,0.12492713204934912,-0.25959913441083643,0.03167884621491508,735,737,0
thompsonS10,Thompson and Schlehofer (2014),female,female_1,original,(Intercept),2.4626811335778584,0.11556871948648136,21.309236136910997,1.3588626279569413e-52,2.234741287403518,2.690620979752199,193,195,1
thompsonS10,Thompson and Schlehofer (2014),female,female_1,original,Z,-0.14675683759099176,0.16046428162321924,-0.9145763537307732,0.3615552749519517,-0.4632456230702765,0.16973194788829302,193,195,0
thompsonS10,Thompson and Schlehofer (2014),ideo,ideo_3_Conservative,mt,(Intercept),2.3784725446471495,0.08294185535140579,28.676384613897312,2.206391234045087e-86,2.215223467579643,2.541721621714656,288,290,1
thompsonS10,Thompson and Schlehofer (2014),ideo,ideo_3_Conservative,mt,Z,-0.07948572322255319,0.11758280198984933,-0.675997865992469,0.4995844687562274,-0.3109163299111571,0.15194488346605073,288,290,0
thompsonS10,Thompson and Schlehofer (2014),ideo,ideo_3_Conservative,original,(Intercept),2.6169912312813364,0.12453586674505729,21.01395605684177,5.9425226567905e-47,2.3709593790690175,2.863023083493655,153,155,1
thompsonS10,Thompson and Schlehofer (2014),ideo,ideo_3_Conservative,original,Z,-0.07149707982389328,0.16769364582494004,-0.4263553307114035,0.6704481961794682,-0.40279102240356435,0.25979686275577774,153,155,0
thompsonS10,Thompson and Schlehofer (2014),ideo,ideo_3_Liberal,mt,(Intercept),1.9210415180348726,0.051700637692555125,37.1570178584374,3.612781511001426e-171,1.8195436723090748,2.02253936376067,738,740,1
thompsonS10,Thompson and Schlehofer (2014),ideo,ideo_3_Liberal,mt,Z,-0.036384076674234406,0.0717136317717637,-0.5073523091123124,0.6120592149075984,-0.17717110482060633,0.10440295147213752,738,740,0
thompsonS10,Thompson and Schlehofer (2014),ideo,ideo_3_Liberal,original,(Intercept),2.3326935043707704,0.1973266836988756,11.821480301825305,5.957081474693949e-21,1.9413872856193155,2.7239997231222253,104,106,1
thompsonS10,Thompson and Schlehofer (2014),ideo,ideo_3_Liberal,original,Z,0.028439492119109466,0.24561764954984308,0.11578765683668124,0.9080441123132152,-0.458629524104958,0.515508508343177,104,106,0
thompsonS10,Thompson and Schlehofer (2014),ideo,ideo_3_Moderate,mt,(Intercept),2.2191998296038222,0.07971645629454506,27.838666352704898,1.1161888055142056e-86,2.062351960706111,2.3760476985015333,313,315,1
thompsonS10,Thompson and Schlehofer (2014),ideo,ideo_3_Moderate,mt,Z,-0.09880201854007879,0.11554245088508583,-0.8551144430746372,0.39314186024050657,-0.32614011196438847,0.12853607488423086,313,315,0
thompsonS10,Thompson and Schlehofer (2014),ideo,ideo_3_Moderate,original,(Intercept),2.3402313122747223,0.14592298465473724,16.037441379175828,3.0385580484082648e-33,2.0516786478252795,2.628783976724165,137,139,1
thompsonS10,Thompson and Schlehofer (2014),ideo,ideo_3_Moderate,original,Z,-0.23546452987926453,0.2039585767481449,-1.1544723131208365,0.25031639782323856,-0.6387785855589967,0.16784952580046764,137,139,0
thompsonS10,Thompson and Schlehofer (2014),pid,pid_3_Democrat,mt,(Intercept),2.0642542729629043,0.05049907792017393,40.87706861154891,2.5097588843416448e-200,1.96513212634019,2.1633764195856187,823,825,1
thompsonS10,Thompson and Schlehofer (2014),pid,pid_3_Democrat,mt,Z,-0.09206019571031139,0.0693756000665527,-1.326982334163555,0.1848825589250717,-0.22823413561285488,0.044113744192232116,823,825,0
thompsonS10,Thompson and Schlehofer (2014),pid,pid_3_Democrat,original,(Intercept),2.424170648250026,0.12569103051117775,19.2867433610105,4.9028678962958024e-48,2.176364915666575,2.6719763808334767,206,208,1
thompsonS10,Thompson and Schlehofer (2014),pid,pid_3_Democrat,original,Z,-0.0764756528571883,0.16982819354779144,-0.4503118784907009,0.6529591249304298,-0.41129986222423565,0.258348556509859,206,208,0
thompsonS10,Thompson and Schlehofer (2014),pid,pid_3_Independent,mt,(Intercept),1.684391011163755,0.09313507538855592,18.085463549973422,2.4262850301848903e-42,1.5006140096979645,1.8681680126295455,180,182,1
thompsonS10,Thompson and Schlehofer (2014),pid,pid_3_Independent,mt,Z,-0.10979246244264484,0.1394565939843424,-0.7872877094285831,0.43214887484057796,-0.3849725121731228,0.1653875872878331,180,182,0
thompsonS10,Thompson and Schlehofer (2014),pid,pid_3_Independent,original,(Intercept),2.5471616973888853,0.3059277822231478,8.326022824337516,8.284749621352e-6,1.865512119915494,3.2288112748622764,10,12,1
thompsonS10,Thompson and Schlehofer (2014),pid,pid_3_Independent,original,Z,-0.7128701326965781,0.5315414328070193,-1.3411374705674013,0.20954078938422693,-1.897218250574349,0.47147798518119277,10,12,0
thompsonS10,Thompson and Schlehofer (2014),pid,pid_3_Republican,mt,(Intercept),2.4051220969681326,0.0737801542316893,32.59849646580312,4.394955829924453e-106,2.259992890038295,2.55025130389797,336,338,1
thompsonS10,Thompson and Schlehofer (2014),pid,pid_3_Republican,mt,Z,-0.03215952732788124,0.10557963541648739,-0.30459971945365505,0.7608596078518619,-0.2398398841324884,0.17552082947672593,336,338,0
thompsonS10,Thompson and Schlehofer (2014),pid,pid_3_Republican,original,(Intercept),2.4484968974683925,0.12880117485184595,19.009895680569574,1.0254684809914576e-44,2.1943231205931246,2.7026706743436604,178,180,1
thompsonS10,Thompson and Schlehofer (2014),pid,pid_3_Republican,original,Z,-0.1214869634419635,0.17138036219891448,-0.7088733031206828,0.47933048489260366,-0.45968569487787625,0.21671176799394928,178,180,0
thompsonS10,Thompson and Schlehofer (2014),white,white_0,mt,(Intercept),2.3018511487916,0.08811072120187391,26.12452965306843,1.3809721832442998e-79,2.128464748340237,2.475237549242963,303,305,1
thompsonS10,Thompson and Schlehofer (2014),white,white_0,mt,Z,-0.14471749580249818,0.12341727461885638,-1.1725870324832748,0.24188250536372494,-0.38758098287637077,0.09814599127137438,303,305,0
thompsonS10,Thompson and Schlehofer (2014),white,white_0,original,(Intercept),2.6176679868777715,0.19064849144523668,13.730336741897013,3.446514419807983e-24,2.2391309379567494,2.9962050357987935,94,96,1
thompsonS10,Thompson and Schlehofer (2014),white,white_0,original,Z,-0.21131509466225032,0.25095974203564525,-0.8420278605173097,0.40190956236691044,-0.7096015454388198,0.2869713561143191,94,96,0
thompsonS10,Thompson and Schlehofer (2014),white,white_1,mt,(Intercept),2.019851366062458,0.04303548520063024,46.93455544060831,7.106327129306824e-259,1.9354048977997067,2.1042978343252097,1038,1040,1
thompsonS10,Thompson and Schlehofer (2014),white,white_1,mt,Z,-0.022211565789433663,0.060887788133716175,-0.3647950840430377,0.715338682921809,-0.14168875175009538,0.09726562017122806,1038,1040,0
thompsonS10,Thompson and Schlehofer (2014),white,white_1,original,(Intercept),2.36426561773064,0.09367206077944572,25.23981641972615,2.2404164370666557e-76,2.1799330316279644,2.5485982038333157,302,304,1
thompsonS10,Thompson and Schlehofer (2014),white,white_1,original,Z,-0.0717872014426342,0.12835948644089784,-0.5592668172265404,0.5763941421383487,-0.3243794460199404,0.18080504313467197,302,304,0
turagaS11,Turaga (2010),age,age_3_18 - 39,mt,(Intercept),2.2692948972718274,0.0667113437544931,34.01662700159577,5.158894066703117e-134,2.1382362533042776,2.4003535412393773,517,519,1
turagaS11,Turaga (2010),age,age_3_18 - 39,mt,Z,0.31237600692579126,0.09967545966873573,3.1339309391092915,0.0018227277837402703,0.11655727736906749,0.508194736482515,517,519,1
turagaS11,Turaga (2010),age,age_3_18 - 39,original,(Intercept),2.5193373191730495,0.1407686527926757,17.897005257864716,1.8801883375323506e-39,2.2412505266073834,2.7974241117387155,154,156,1
turagaS11,Turaga (2010),age,age_3_18 - 39,original,Z,0.11602653274080847,0.20184770804476107,0.5748221461849783,0.5662503917577417,-0.28272120408358753,0.5147742695652044,154,156,0
turagaS11,Turaga (2010),age,age_3_40 - 59,mt,(Intercept),2.4897167474782127,0.14435856697403737,17.246754381580857,3.458399206106595e-35,2.204078659082324,2.7753548358741016,128,130,1
turagaS11,Turaga (2010),age,age_3_40 - 59,mt,Z,0.19472644952343587,0.20216001842752102,0.963229282615295,0.3372486751891415,-0.20528168594177693,0.5947345849886487,128,130,0
turagaS11,Turaga (2010),age,age_3_40 - 59,original,(Intercept),2.6159232644165984,0.12637402033738024,20.699849996327394,2.2934097933663655e-50,2.366629949210813,2.8652165796223836,188,190,1
turagaS11,Turaga (2010),age,age_3_40 - 59,original,Z,0.00970737133893618,0.17958175128063275,0.054055444218084565,0.9569483894975593,-0.3445468496448655,0.36396159232273784,188,190,0
turagaS11,Turaga (2010),age,age_3_More than 60,mt,(Intercept),3.345122222170448,0.35784797827931875,9.347886323838354,1.5640630929214353e-10,2.615286458704008,4.074957985636889,31,33,1
turagaS11,Turaga (2010),age,age_3_More than 60,mt,Z,-0.790093497833443,0.45574068683060537,-1.733647051194956,0.09291771553733433,-1.719582756694397,0.13939576102751117,31,33,0
turagaS11,Turaga (2010),age,age_3_More than 60,original,(Intercept),2.577655816062065,0.12779535528727565,20.170183887103427,1.9282625960484945e-44,2.325130509966937,2.8301811221571933,149,151,1
turagaS11,Turaga (2010),age,age_3_More than 60,original,Z,0.29992258958477874,0.1764475817984568,1.6997829413573853,0.09125835907245883,-0.04874015722036246,0.6485853363899199,149,151,0
turagaS11,Turaga (2010),educ,educ_3_College,mt,(Intercept),2.28359928027945,0.10352734639734651,22.057933094458033,1.1772942615325469e-59,2.0796610054455518,2.4875375551133483,240,242,1
turagaS11,Turaga (2010),educ,educ_3_College,mt,Z,0.23492903370987994,0.14933854978811606,1.573130541599614,0.11700592122191414,-0.059252622343512584,0.5291106897632725,240,242,0
turagaS11,Turaga (2010),educ,educ_3_College,original,(Intercept),2.4686699446099967,0.14542790321320034,16.975215141422172,3.0823467340364694e-30,2.1798789505527147,2.7574609386672786,93,95,1
turagaS11,Turaga (2010),educ,educ_3_College,original,Z,-0.007932708022455074,0.2587331392735591,-0.03065980664373961,0.9756065476660176,-0.5217254454232793,0.5058600293783692,93,95,0
turagaS11,Turaga (2010),educ,educ_3_Graduate School,mt,(Intercept),2.3144629429071224,0.16572190045378357,13.965944975103508,1.857709879089978e-24,1.9853249439967255,2.6436009418175193,92,94,1
turagaS11,Turaga (2010),educ,educ_3_Graduate School,mt,Z,0.27451371552946635,0.256888463008204,1.0686105258090142,0.28804108586136246,-0.23568894583373412,0.7847163768926668,92,94,0
turagaS11,Turaga (2010),educ,educ_3_Graduate School,original,(Intercept),2.3174497390206947,0.29385424887990924,7.886391800881455,8.068133785121945e-10,1.7244278560606925,2.910471621980697,42,44,1
turagaS11,Turaga (2010),educ,educ_3_Graduate School,original,Z,0.5207608377736119,0.35646672439390015,1.4608960728636335,0.1514852383862966,-0.19861813638934323,1.240139811936567,42,44,0
turagaS11,Turaga (2010),educ,educ_3_Less than College,mt,(Intercept),2.403269471966453,0.08388337433590955,28.650128717314125,3.9785736515259775e-93,2.2382806020741617,2.568258341858744,344,346,1
turagaS11,Turaga (2010),educ,educ_3_Less than College,mt,Z,0.25128410284390884,0.12082251131131296,2.0797788435008338,0.0382859114078086,0.013640234119991379,0.4889279715678263,344,346,1
turagaS11,Turaga (2010),educ,educ_3_Less than College,original,(Intercept),2.6234352333338418,0.09437143820678551,27.799038386862385,3.1682889012105747e-91,2.4378396448363224,2.809030821831361,356,358,1
turagaS11,Turaga (2010),educ,educ_3_Less than College,original,Z,0.1119402594679236,0.13016496155364465,0.8599876505305912,0.39037460727430184,-0.14404866154831522,0.36792918048416245,356,358,0
turagaS11,Turaga (2010),female,female_0,mt,(Intercept),2.032592954625329,0.08248432183521133,24.642173317325444,5.262649645602874e-75,1.870293014578276,2.1948928946723827,310,312,1
turagaS11,Turaga (2010),female,female_0,mt,Z,0.29371300041655496,0.12112777352747946,2.424819608773889,0.01588722982463409,0.05537642997328773,0.5320495708598222,310,312,1
turagaS11,Turaga (2010),female,female_0,original,(Intercept),2.3954173380634836,0.1022683611624482,23.422858358495475,3.7585530578299815e-64,2.1939675725024643,2.596867103624503,242,244,1
turagaS11,Turaga (2010),female,female_0,original,Z,0.16267982896721675,0.15079097814611292,1.0788432502214012,0.28173173133166807,-0.13435052187608235,0.4597101798105159,242,244,0
turagaS11,Turaga (2010),female,female_1,mt,(Intercept),2.5887520963185886,0.0825366408275575,31.364883164160112,5.224023139068106e-106,2.426449465116947,2.75105472752023,368,370,1
turagaS11,Turaga (2010),female,female_1,mt,Z,0.2588804934464004,0.12067617601573495,2.145249393821072,0.03258687911349418,0.02157908773948433,0.49618189915331645,368,370,1
turagaS11,Turaga (2010),female,female_1,original,(Intercept),2.731706343565706,0.1137450354363702,24.016048991376355,5.504615280901519e-67,2.507690020229529,2.9557226669018832,251,253,1
turagaS11,Turaga (2010),female,female_1,original,Z,0.08436179783886838,0.157668251385891,0.535058878990127,0.5930828420465606,-0.22615955236168483,0.3948831480394216,251,253,0
turagaS11,Turaga (2010),ideo,ideo_3_Conservative,mt,(Intercept),2.2833994378640967,0.1306624255811825,17.47556290729799,3.4242840099962545e-38,2.0252504770497404,2.541548398678453,152,154,1
turagaS11,Turaga (2010),ideo,ideo_3_Conservative,mt,Z,0.048193576166514235,0.18842291712729278,0.2557734319225942,0.7984715931318341,-0.32407243706311695,0.42045958939614547,152,154,0
turagaS11,Turaga (2010),ideo,ideo_3_Conservative,original,(Intercept),2.418920085281657,0.1345851705177648,17.973154664631995,4.121548834508846e-42,2.1533624083043383,2.6844777622589753,181,183,1
turagaS11,Turaga (2010),ideo,ideo_3_Conservative,original,Z,-0.016414649717358835,0.20221196196484817,-0.08117546339920435,0.9353921025418501,-0.4154106064771186,0.3825813070424009,181,183,0
turagaS11,Turaga (2010),ideo,ideo_3_Liberal,mt,(Intercept),2.3578180282190306,0.07979841345630663,29.54717927456097,9.995517681785107e-100,2.2009068729872854,2.514729183450776,373,375,1
turagaS11,Turaga (2010),ideo,ideo_3_Liberal,mt,Z,0.3453569306176021,0.11638279578406271,2.967422532608507,0.003196748290560022,0.1165082838261878,0.5742055774090163,373,375,1
turagaS11,Turaga (2010),ideo,ideo_3_Liberal,original,(Intercept),2.8279714268573826,0.14330265708878234,19.734256742394727,1.7889067953256975e-41,2.5445437404648636,3.1113991132499015,134,136,1
turagaS11,Turaga (2010),ideo,ideo_3_Liberal,original,Z,0.20557378063901743,0.18955391997053025,1.0845134760124073,0.2800845734751837,-0.16933084482508087,0.5804784061031157,134,136,0
turagaS11,Turaga (2010),ideo,ideo_3_Moderate,mt,(Intercept),2.389373015836034,0.1339787464109304,17.833970535203495,5.3757114233605935e-39,2.1246579528628415,2.654088078809226,151,153,1
turagaS11,Turaga (2010),ideo,ideo_3_Moderate,mt,Z,0.20306947480729565,0.19139043529352642,1.0610220646390067,0.29037397547700905,-0.1750795412746997,0.581218490889291,151,153,0
turagaS11,Turaga (2010),ideo,ideo_3_Moderate,original,(Intercept),2.49592343933343,0.12325599206181512,20.249915623426073,7.609300749766854e-48,2.2526735005086076,2.7391733781582523,176,178,1
turagaS11,Turaga (2010),ideo,ideo_3_Moderate,original,Z,0.2413342336870068,0.16178234248580428,1.4917217168380588,0.13756234366645817,-0.0779487825323738,0.5606172499063874,176,178,0
turagaS11,Turaga (2010),pid,pid_3_Democrat,mt,(Intercept),2.4277262388917134,0.07650445380255752,31.733136023128566,1.3937603743597949e-112,2.2773374038080374,2.5781150739753893,411,413,1
turagaS11,Turaga (2010),pid,pid_3_Democrat,mt,Z,0.29709178742581105,0.11159048340979949,2.662339819201119,0.008064497226047391,0.07773249561601872,0.5164510792356034,411,413,1
turagaS11,Turaga (2010),pid,pid_3_Democrat,original,(Intercept),2.6425058734733224,0.09897660841754309,26.698286754034218,1.796968924202227e-77,2.4476352659468126,2.8373764809998323,268,270,1
turagaS11,Turaga (2010),pid,pid_3_Democrat,original,Z,0.2503522486494172,0.13080313559015783,1.9139621349280156,0.05669002238344148,-0.0071801815516218115,0.5078846788504562,268,270,0
turagaS11,Turaga (2010),pid,pid_3_Independent,mt,(Intercept),2.3701742552997325,0.18653487214505338,12.706333287947553,8.664507165215687e-22,1.9995901738557225,2.7407583367437423,90,92,1
turagaS11,Turaga (2010),pid,pid_3_Independent,mt,Z,0.3092111118441638,0.2571948173778613,1.2022447224894193,0.23242238195096224,-0.20175128384138824,0.8201735075297159,90,92,0
turagaS11,Turaga (2010),pid,pid_3_Independent,original,(Intercept),2.8857352991155905,0.2564441429494178,11.252880513963564,4.672779022896469e-11,2.3564606013443554,3.4150099968868255,24,26,1
turagaS11,Turaga (2010),pid,pid_3_Independent,original,Z,0.22938342059222022,0.5479298213839987,0.4186364962082696,0.6792045175283743,-0.9014881496353155,1.360254990819756,24,26,0
turagaS11,Turaga (2010),pid,pid_3_Republican,mt,(Intercept),2.159763596896836,0.1166685595200636,18.511959055476463,4.494392462914039e-43,1.9295050739097719,2.3900221198839,175,177,1
turagaS11,Turaga (2010),pid,pid_3_Republican,mt,Z,0.07447460678954611,0.16732236909140885,0.4450965354719568,0.6568000471268445,-0.25575490601298906,0.40470411959208125,175,177,0
turagaS11,Turaga (2010),pid,pid_3_Republican,original,(Intercept),2.3846888624170943,0.13941022017720228,17.105552658807593,6.076939863426102e-41,2.1097779664030827,2.659599758431106,199,201,1
turagaS11,Turaga (2010),pid,pid_3_Republican,original,Z,0.0223705051268397,0.19480063977795756,0.11483794484627258,0.908689359840435,-0.36176789130773185,0.40650890156141123,199,201,0
turagaS11,Turaga (2010),white,white_0,mt,(Intercept),2.442384518809404,0.13866916003916768,17.61303319439984,6.018786851925001e-38,2.168326326939822,2.716442710678986,146,148,1
turagaS11,Turaga (2010),white,white_0,mt,Z,0.3480077252433557,0.198648002659248,1.7518813206509445,0.08189386136722016,-0.04458939160598796,0.7406048420926994,146,148,0
turagaS11,Turaga (2010),white,white_0,original,(Intercept),2.78985340968839,0.1524295809039913,18.30257219853931,3.934308865013076e-36,2.4879746122187627,3.091732207158017,117,119,1
turagaS11,Turaga (2010),white,white_0,original,Z,0.16275930146646495,0.19279568536785427,0.8442061405882612,0.40027705946859726,-0.21906245065682284,0.5445810535897527,117,119,0
turagaS11,Turaga (2010),white,white_1,mt,(Intercept),2.3217800679698084,0.06752915033095791,34.38189369466147,2.864158961246261e-137,2.189123567776375,2.4544365681632416,532,534,1
turagaS11,Turaga (2010),white,white_1,mt,Z,0.22076087365451857,0.0981347203384411,2.249569498880435,0.024884327946879368,0.0279817777565671,0.4135399695524701,532,534,1
turagaS11,Turaga (2010),white,white_1,original,(Intercept),2.4621284646053727,0.0866014314862998,28.430574672369904,1.0498957449069356e-95,2.2918446562367367,2.6324122729740087,376,378,1
turagaS11,Turaga (2010),white,white_1,original,Z,0.10214963186356082,0.13234549881673677,0.7718406200199588,0.44069365196797816,-0.1580804263719768,0.36237969009909843,376,378,0
wallaceS12,Wallace (2011),age,age_3_18 - 39,mt,(Intercept),3.4444223441972546,0.07221622167737321,47.695964482678846,3.6314567825263757e-152,3.3023725082090953,3.586472180185414,338,340,1
wallaceS12,Wallace (2011),age,age_3_18 - 39,mt,Z,-1.1375357863809321,0.10829999824890806,-10.503562370947696,1.6052123094891724e-22,-1.3505626746817838,-0.9245088980800804,338,340,1
wallaceS12,Wallace (2011),age,age_3_18 - 39,original,(Intercept),3.2914232617413024,0.1454467055572651,22.629754652266133,4.028851338634915e-48,3.003812406444971,3.579034117037634,137,139,1
wallaceS12,Wallace (2011),age,age_3_18 - 39,original,Z,-0.4921819865437501,0.1837474475882588,-2.678578630635628,0.008298696121653433,-0.8555299245867318,-0.1288340485007684,137,139,1
wallaceS12,Wallace (2011),age,age_3_40 - 59,mt,(Intercept),3.2893756320277028,0.14699348817846594,22.37769626933437,7.202796505635323e-40,2.997595864097486,3.5811553999579195,96,98,1
wallaceS12,Wallace (2011),age,age_3_40 - 59,mt,Z,-1.0841052287306854,0.19941587239785832,-5.43640391155909,4.125425286111164e-7,-1.4799426069089983,-0.6882678505523725,96,98,1
wallaceS12,Wallace (2011),age,age_3_40 - 59,original,(Intercept),3.3075858357197503,0.09513141810488189,34.76859592351661,1.5670390764506435e-81,3.119862491444342,3.4953091799951586,179,181,1
wallaceS12,Wallace (2011),age,age_3_40 - 59,original,Z,-0.7600978639647962,0.15278450984753664,-4.974966799470027,1.523406150396715e-6,-1.061588367453746,-0.4586073604758464,179,181,1
wallaceS12,Wallace (2011),age,age_3_More than 60,mt,(Intercept),3.965617830490253,0.4542320520183809,8.730378697119729,4.88281822471431e-7,2.991386972095642,4.939848688884863,14,16,1
wallaceS12,Wallace (2011),age,age_3_More than 60,mt,Z,-1.2055478204690375,0.629722131093942,-1.914412343067539,0.07623012325839665,-2.5561674643265544,0.14507182338847957,14,16,0
wallaceS12,Wallace (2011),age,age_3_More than 60,original,(Intercept),3.32980125339271,0.18216883090790925,18.27865522766628,1.8415480465297837e-39,2.9697519255311153,3.689850581254305,145,147,1
wallaceS12,Wallace (2011),age,age_3_More than 60,original,Z,-0.688128460463164,0.21560594198291894,-3.191602486158197,0.0017349432546404466,-1.1142648862557807,-0.26199203467054727,145,147,1
wallaceS12,Wallace (2011),educ,educ_3_College,mt,(Intercept),3.4528542226408145,0.10682595328088314,32.32224114641919,7.011558003853278e-68,3.241704707002254,3.664003738279375,144,146,1
wallaceS12,Wallace (2011),educ,educ_3_College,mt,Z,-1.1527958809564682,0.1576925807899827,-7.310400243190761,1.6926357681496908e-11,-1.4644871042123997,-0.8411046577005368,144,146,1
wallaceS12,Wallace (2011),educ,educ_3_College,original,(Intercept),3.2387233326678064,0.15608891459144983,20.749220667879612,7.310037294161341e-37,2.9288051337309686,3.5486415316046442,94,96,1
wallaceS12,Wallace (2011),educ,educ_3_College,original,Z,-0.5168940561027253,0.1939694520202084,-2.664821964073361,0.009066231360831133,-0.9020249500948687,-0.13176316211058198,94,96,1
wallaceS12,Wallace (2011),educ,educ_3_Graduate School,mt,(Intercept),3.489743690831422,0.20064615478599557,17.392527130926084,8.426165438064903e-19,3.082410341227427,3.897077040435417,35,37,1
wallaceS12,Wallace (2011),educ,educ_3_Graduate School,mt,Z,-1.2888257949093314,0.27546061796824634,-4.6788023798665135,4.216399603601804e-5,-1.848040579367407,-0.7296110104512558,35,37,1
wallaceS12,Wallace (2011),educ,educ_3_Graduate School,original,(Intercept),3.0210970560914703,0.22419951374951197,13.475038395787093,1.352639323095596e-18,2.5712078181296283,3.4709862940533123,52,54,1
wallaceS12,Wallace (2011),educ,educ_3_Graduate School,original,Z,-0.7492584667589277,0.2768552115189613,-2.7063188106452256,0.009180609858064305,-1.3048090924181293,-0.19370784109972616,52,54,1
wallaceS12,Wallace (2011),educ,educ_3_Less than College,mt,(Intercept),3.393474899360205,0.08827614719294698,38.44158368107092,2.7806751752178467e-111,3.2196748809774505,3.5672749177429592,269,271,1
wallaceS12,Wallace (2011),educ,educ_3_Less than College,mt,Z,-1.0669791054725957,0.12928083624862197,-8.253188457264244,6.971435660727038e-15,-1.3215100567094837,-0.8124481542357076,269,271,1
wallaceS12,Wallace (2011),educ,educ_3_Less than College,original,(Intercept),3.365030669129413,0.0975211942969123,34.50563432277363,4.965183832730811e-109,3.173155424511669,3.5569059137471575,315,317,1
wallaceS12,Wallace (2011),educ,educ_3_Less than College,original,Z,-0.6749265304786702,0.1305848747247744,-5.168489320843404,4.1994876455979027e-7,-0.9318553443825307,-0.4179977165748098,315,317,1
wallaceS12,Wallace (2011),female,female_0,mt,(Intercept),3.5800377583564247,0.08745788926135752,40.934417564754014,2.0836372976484463e-105,3.4076838492099557,3.7523916675028937,222,224,1
wallaceS12,Wallace (2011),female,female_0,mt,Z,-1.2917918953160974,0.13749806801290745,-9.394982154911675,7.231548296961053e-18,-1.5627603547914002,-1.0208234358407946,222,224,1
wallaceS12,Wallace (2011),female,female_0,original,(Intercept),3.2848912040449534,0.10926698257601095,30.062980843822952,1.1243665348356206e-83,3.069655448105414,3.5001269599844926,242,244,1
wallaceS12,Wallace (2011),female,female_0,original,Z,-0.6487717301399135,0.13585314774270957,-4.775536974444004,3.106561273669232e-6,-0.9163773165834402,-0.3811661436963868,242,244,1
wallaceS12,Wallace (2011),female,female_1,mt,(Intercept),3.2531068235693783,0.09324043187240519,34.889443970198364,2.136482219352873e-93,3.0693837139265217,3.436829933212235,228,230,1
wallaceS12,Wallace (2011),female,female_1,mt,Z,-0.9266110296817653,0.13119332096137876,-7.062943623132652,1.9548858471283963e-11,-1.1851173922904452,-0.6681046670730855,228,230,1
wallaceS12,Wallace (2011),female,female_1,original,(Intercept),3.3267670788600032,0.11484350781758641,28.967828848837748,3.407513872358008e-77,3.100438515703488,3.5530956420165185,221,223,1
wallaceS12,Wallace (2011),female,female_1,original,Z,-0.627426460007162,0.15830631969000009,-3.9633696319629323,9.976956837562756e-5,-0.9394096321943408,-0.31544328781998315,221,223,1
wallaceS12,Wallace (2011),ideo,ideo_3_Conservative,mt,(Intercept),3.4368687864248866,0.14760011173157328,23.28500125172807,5.980218764086913e-42,3.1439981426710495,3.7297394301787237,99,101,1
wallaceS12,Wallace (2011),ideo,ideo_3_Conservative,mt,Z,-1.1688728867742904,0.19103534590701382,-6.118621039601947,1.8959899455161442e-8,-1.547928458475162,-0.7898173150734187,99,101,1
wallaceS12,Wallace (2011),ideo,ideo_3_Conservative,original,(Intercept),3.2863233302917068,0.1385660892479036,23.71664920420944,5.442335877559902e-57,3.012879657968943,3.5597670026144703,178,180,1
wallaceS12,Wallace (2011),ideo,ideo_3_Conservative,original,Z,-0.6276016505545888,0.18188394810117828,-3.450560959923011,6.986171722896629e-4,-0.9865279576712598,-0.2686753434379179,178,180,1
wallaceS12,Wallace (2011),ideo,ideo_3_Liberal,mt,(Intercept),3.462743739645111,0.08636669017380565,40.09350980889314,7.250393327315988e-111,3.2926446821026985,3.6328427971875237,250,252,1
wallaceS12,Wallace (2011),ideo,ideo_3_Liberal,mt,Z,-1.0962345045849764,0.13351161744771514,-8.210779897219625,1.1790646073344234e-14,-1.3591854206513108,-0.8332835885186419,250,252,1
wallaceS12,Wallace (2011),ideo,ideo_3_Liberal,original,(Intercept),3.0871389055959395,0.18798462744809077,16.4222944583509,6.820415339037143e-31,2.714441097963347,3.459836713228532,106,108,1
wallaceS12,Wallace (2011),ideo,ideo_3_Liberal,original,Z,-0.45202737360427236,0.22515984213501358,-2.0075843423856248,0.04723202680284291,-0.8984286600807025,-0.005626087127842183,106,108,1
wallaceS12,Wallace (2011),ideo,ideo_3_Moderate,mt,(Intercept),3.306072970261348,0.12852612737204205,25.722964177480613,1.2513042583298514e-45,3.051049249607987,3.561096690914709,99,101,1
wallaceS12,Wallace (2011),ideo,ideo_3_Moderate,mt,Z,-1.0997474136613163,0.19081275078553098,-5.7634901710389705,9.355625514201444e-8,-1.4783613083488014,-0.7211335189738313,99,101,1
wallaceS12,Wallace (2011),ideo,ideo_3_Moderate,original,(Intercept),3.439992438135261,0.1067260953508979,32.23197126087233,5.536868211922417e-76,3.229373056667045,3.650611819603477,177,179,1
wallaceS12,Wallace (2011),ideo,ideo_3_Moderate,original,Z,-0.7399619792533557,0.15656945864562669,-4.726094001053918,4.650066032331713e-6,-1.0489451049672105,-0.43097885353950094,177,179,1
wallaceS12,Wallace (2011),pid,pid_3_Democrat,mt,(Intercept),3.433522273487763,0.08099954614171932,42.38940138603204,1.3219439134507716e-122,3.2740643094271764,3.5929802375483497,275,277,1
wallaceS12,Wallace (2011),pid,pid_3_Democrat,mt,Z,-1.1381293645451687,0.12404504157109371,-9.17512985710819,1.1073117175689654e-17,-1.3823278906224605,-0.8939308384678768,275,277,1
wallaceS12,Wallace (2011),pid,pid_3_Democrat,original,(Intercept),3.1431294144615407,0.10350202246989909,30.367806729338447,5.8008037673283056e-83,2.939209978302545,3.3470488506205363,233,235,1
wallaceS12,Wallace (2011),pid,pid_3_Democrat,original,Z,-0.44343218568899073,0.14692782698462506,-3.0180272504499284,0.002827032509492472,-0.7329090376363496,-0.15395533374163178,233,235,1
wallaceS12,Wallace (2011),pid,pid_3_Independent,mt,(Intercept),3.544441867803701,0.19982221258528843,17.737977284636745,7.095956461614286e-25,3.144304789102556,3.9445789465048455,57,59,1
wallaceS12,Wallace (2011),pid,pid_3_Independent,mt,Z,-1.1333462268656278,0.28827607295531127,-3.9314613080681164,2.3115880768720298e-4,-1.7106091056986927,-0.5560833480325628,57,59,1
wallaceS12,Wallace (2011),pid,pid_3_Independent,original,(Intercept),3.0488763844348505,0.20962179519039822,14.54465353502757,5.526157984641193e-9,2.592149727696135,3.505603041173566,12,14,1
wallaceS12,Wallace (2011),pid,pid_3_Independent,original,Z,-0.3008707892218867,0.25227172832953537,-1.1926456888933181,0.25605772115263536,-0.850523667468604,0.24878208902483057,12,14,0
wallaceS12,Wallace (2011),pid,pid_3_Republican,mt,(Intercept),3.338440118221947,0.12714884382975467,26.256157882897746,1.236690865751355e-50,3.0866058119501254,3.590274424493769,116,118,1
wallaceS12,Wallace (2011),pid,pid_3_Republican,mt,Z,-1.057835750800383,0.16994022516701887,-6.224751966526654,7.933169233083373e-9,-1.3944237796299332,-0.7212477219708329,116,118,1
wallaceS12,Wallace (2011),pid,pid_3_Republican,original,(Intercept),3.5143674108486533,0.12382156382612122,28.382515147230496,8.043363286605235e-75,3.27031418335209,3.758420638345217,216,218,1
wallaceS12,Wallace (2011),pid,pid_3_Republican,original,Z,-0.8959685219524037,0.15621552959453747,-5.735463844586511,3.255226252751344e-8,-1.2038704980263726,-0.5880665458784349,216,218,1
wallaceS12,Wallace (2011),white,white_0,mt,(Intercept),3.2652287121205887,0.13193296658110215,24.749149486556718,4.1945477684840255e-48,3.0039188479284915,3.526538576312686,116,118,1
wallaceS12,Wallace (2011),white,white_0,mt,Z,-0.8768792564743844,0.18858414740139903,-4.649803647641483,8.864961119112772e-6,-1.250393922469173,-0.5033645904795958,116,118,1
wallaceS12,Wallace (2011),white,white_0,original,(Intercept),2.9217030115121836,0.14227739550534424,20.535257910329392,1.3298848785076996e-39,2.6397708542955955,3.2036351687287716,111,113,1
wallaceS12,Wallace (2011),white,white_0,original,Z,0.13664217695547695,0.18394909590038572,0.7428260317706211,0.4591562106284832,-0.22786523647471027,0.5011495903856642,111,113,0
wallaceS12,Wallace (2011),white,white_1,mt,(Intercept),3.476171522855418,0.07367164523253807,47.18465987671632,8.879279755607143e-150,3.331252621623468,3.621090424087368,334,336,1
wallaceS12,Wallace (2011),white,white_1,mt,Z,-1.195808195899675,0.10985017117151717,-10.885810947281742,8.022985095374703e-24,-1.4118935847364493,-0.9797228070629005,334,336,1
wallaceS12,Wallace (2011),white,white_1,original,(Intercept),3.4862204867682896,0.08662398106917786,40.24544293322418,9.343002184741824e-134,3.3158548310637044,3.6565861424728747,352,354,1
wallaceS12,Wallace (2011),white,white_1,original,Z,-0.9945708392482178,0.11560220573803562,-8.603389813357017,2.5994801103732234e-16,-1.2219287295041352,-0.7672129489923003,352,354,1
