study,study_label,covariate,group,estimate_mt,estimate_original,std.error_mt,std.error_original,conf.low_mt,conf.low_original,conf.high_mt,conf.high_original,p.value_mt,p.value_original,significant_mt,significant_original,group_label,est_diff_in_cates,std.error_diff_in_cates,li_diff_in_cates,ui_diff_in_cates,p_diff_in_cates,diff_in_cates_significant
berganS20,Bergan (2012),age,age_3_18 - 39,0.37258207762596823,-0.2188994010939293,0.08704617172373068,0.21924123569821558,0.2015416363589919,-0.652433863588592,0.5436225188929446,0.21463506140073335,2.2563290258144296e-5,0.31982587877297597,1,0,Age: 18 - 39,0.5914814787198975,0.23588928640834395,0.12913847735954342,1.0538244800802516,0.012160449028550792,TRUE
berganS20,Bergan (2012),age,age_3_40 - 59,-0.154261571587593,-0.20408502385978944,0.2061174497381529,0.17468232763587246,-0.5638125538138593,-0.5496239338609183,0.2552894106386733,0.14145388614133947,0.4561826060167713,0.24478308912366106,0,0,Age: 40 - 59,0.04982345227219645,0.2701820102724204,-0.4797332878617475,0.5793801924061404,0.853694183709548,FALSE
berganS20,Bergan (2012),age,age_3_More than 60,0.15158651543289522,0.1203144437216994,0.5284157894578521,0.23324451486334416,-0.9817526354818829,-0.34145459460789435,1.2849256663476734,0.5820834820512931,0.7784139304108552,0.6069146447598321,0,0,Age: More than 60,0.03127207171119582,0.5776038869867496,-1.1008315467828333,1.163375690205225,0.9568227997301626,FALSE
berganS20,Bergan (2012),educ,educ_3_College,0.03534577686744486,0.1848919125387812,0.1278345044553293,0.27182125904972854,-0.21658487437280985,-0.35813347733883294,0.2872764281076996,0.7279173024163954,0.7824252543476842,0.49883319447786534,0,0,College,-0.14954613567133634,0.3003805210074702,-0.7382919568459779,0.43919968550330524,0.618585797653177,FALSE
berganS20,Bergan (2012),educ,educ_3_Graduate School,0.7557732250927824,-0.3910928328762915,0.255323717464481,0.33124104777036245,0.2431894737343845,-1.0582465497270208,1.2683569764511804,0.27606088397443795,0.004657406782236361,0.2439292819083744,1,0,Graduate School,1.146866057969074,0.4182234240545234,0.32714814682220805,1.96658396911594,0.006102304571032619,TRUE
berganS20,Bergan (2012),educ,educ_3_Less than College,0.3188535294003086,-0.19091683375316632,0.11255017934336022,0.14652721633151108,0.09739181836478084,-0.4793471739793911,0.5403152404358363,0.09751350647305845,0.004914624924897088,0.19366039359987688,1,0,Less than College,0.5097703631534749,0.1847640874090092,0.14763275183181684,0.871907974475133,0.005797253759375703,TRUE
berganS20,Bergan (2012),female,female_0,0.20532979164713866,-0.03958233454366679,0.1089468205990152,0.1639630043837142,-0.009000207449972097,-0.36288087851002043,0.4196597907442494,0.2837162094226869,0.0603653207561542,0.8094821182260961,0,0,Men,0.24491212619080543,0.19685851905662574,-0.14093057116018098,0.6307548235417919,0.21346193362989344,FALSE
berganS20,Bergan (2012),female,female_1,0.2916892039390564,-0.2206554475874373,0.11829681530388068,0.1810151281429055,0.05873895125559847,-0.577712889217898,0.5246394566225143,0.13640199404302336,0.014324290688765345,0.22435961454883746,1,0,Women,0.5123446515264937,0.2162420244254871,0.08851028365253899,0.9361790194004483,0.017821251025703245,TRUE
berganS20,Bergan (2012),ideo,ideo_3_Conservative,-0.48343290987363446,-0.719853037752338,0.18157386393378055,0.21563572566337724,-0.8432336425984552,-1.1459995413961177,-0.1236321771488137,-0.29370653410855835,0.008909834841806675,0.0010680805869616476,1,1,Conservative,0.23642012787870353,0.281900397740433,-0.31610465169254515,0.7889449074499522,0.4016570636617655,FALSE
berganS20,Bergan (2012),ideo,ideo_3_Liberal,0.500678736353796,0.43844220423347996,0.1042431291081294,0.21260361161584168,0.2956229148956607,0.01715395502146494,0.7057345578119313,0.859730453445495,2.3641533284121966e-6,0.04151826716259137,1,1,Liberal,0.062236532120316046,0.23678455532055673,-0.4018611963079751,0.5263342605486072,0.7926736444853973,FALSE
berganS20,Bergan (2012),ideo,ideo_3_Moderate,0.24837655400322375,-0.012536342344986804,0.16669672755144818,0.17847412334612323,-0.08127635598324975,-0.36557579904937554,0.5780294639896972,0.34050311435940195,0.13854224829717007,0.9441075151949881,0,0,Moderate,0.2609128963482106,0.24421468358910967,-0.21774788348644436,0.7395736761828655,0.28535132709936817,FALSE
berganS20,Bergan (2012),pid,pid_3_Democrat,0.5122221936406315,0.16494338170130973,0.09816259564794343,0.17546998005771625,0.31920073348216305,-0.18102391525873945,0.7052436537990999,0.5109106786613589,3.006388411462604e-7,0.348324587006555,1,0,Democrat,0.34727881193932175,0.20106120731209434,-0.04680115439238314,0.7413587782710267,0.08412648750694483,FALSE
berganS20,Bergan (2012),pid,pid_3_Independent,0.0958856624359888,0.8967080987471207,0.20435653369497803,0.4437827071335815,-0.3106445823155362,-0.07021135713998095,0.5024159071875138,1.8636275546342222,0.6401663562471372,0.06621471766256816,0,0,Independent,-0.8008224363111318,0.48857413359145085,-1.7584277381503755,0.15678286552811183,0.10119219045207282,FALSE
berganS20,Bergan (2012),pid,pid_3_Republican,-0.39137286783653286,-0.541767931412616,0.1776029250876229,0.1691660663617591,-0.7428438354124799,-0.8756495484880273,-0.03990190026058582,-0.20788631433720473,0.029366840193725863,0.0016197596885700648,1,1,Republican,0.15039506357608318,0.2452752678277834,-0.33034446136637224,0.6311345885185387,0.5397649427961271,FALSE
berganS20,Bergan (2012),white,white_0,0.35846970560756497,-0.05639546173924895,0.17253017401351486,0.26873411146627374,0.016984162668241987,-0.5890177340486236,0.699955248546888,0.4762268105701257,0.0397984674172403,0.8341718257325016,1,0,Nonwhite,0.4148651673468139,0.31935040881561644,-0.21106163393179433,1.0407919686254221,0.19391278152839225,FALSE
berganS20,Bergan (2012),white,white_1,0.22860916209004728,-0.16506550008095774,0.09137042439612685,0.12671850372016016,0.049052960461130196,-0.41449591216810894,0.4081653637189644,0.08436491200619345,0.012696191637934263,0.193765037487143,1,0,White,0.393674662171005,0.15622462558573977,0.08747439602295504,0.699874928319055,0.011737915334983737,TRUE
brandtS1,Brandt (2013),age,age_3_18 - 39,-0.7850264413656087,-0.4435554068525941,0.055272168052718465,0.19078415058302461,-0.8934665506052301,-0.8205065262560527,-0.6765863321259874,-0.06660428744913544,1.8727991986688345e-42,0.021408913309193936,1,1,Age: 18 - 39,-0.34147103451301464,0.19862931474214518,-0.7307844914076191,0.04784242238158992,0.085589401244177,FALSE
brandtS1,Brandt (2013),age,age_3_40 - 59,-0.7962247390288839,-0.3658724611504098,0.10016254683856561,0.14252564401676468,-0.9933141822553531,-0.6464800809640068,-0.5991352958024148,-0.08526484133681278,3.57984622787496e-14,0.010797585806570293,1,1,Age: 40 - 59,-0.43035227787847413,0.1742013059410904,-0.7717868375230112,-0.08891771823393696,0.013495041211889908,TRUE
brandtS1,Brandt (2013),age,age_3_More than 60,-0.5143878441465478,-0.46836616766276357,0.2475440646399845,0.1742421551232347,-1.0115947308256483,-0.8119641257425552,-0.017180957467447244,-0.12476820958297197,0.04286661392442286,0.007796619643673857,1,1,Age: More than 60,-0.046021676483784246,0.3027183386590152,-0.639349620255454,0.5473062672878855,0.87916481793142,FALSE
brandtS1,Brandt (2013),educ,educ_3_College,-0.7753880684688933,-0.5969140777332993,0.07714686859395749,0.23075412158563413,-0.9269071708063036,-1.0543087787043104,-0.623868966131483,-0.13951937676228826,4.982683491985377e-22,0.011017036961975469,1,1,College,-0.178473990735594,0.24330865985946937,-0.6553589640601539,0.2984109825889659,0.4632357648444106,FALSE
brandtS1,Brandt (2013),educ,educ_3_Graduate School,-0.5799920721435651,0.1539749476411324,0.15239747248199378,0.3005101444923484,-0.88106704281027,-0.4465466575366934,-0.27891710147686005,0.7544965528189582,2.0398367844737922e-4,0.6101778347061114,1,0,Graduate School,-0.7339670197846975,0.3369441148940165,-1.3943774849769697,-0.07355655459242516,0.029383343890465576,TRUE
brandtS1,Brandt (2013),educ,educ_3_Less than College,-0.809897173948255,-0.427750857285997,0.0673858554936755,0.1203046317181899,-0.9421641325962147,-0.6641823407888292,-0.6776302153002953,-0.19131937378316483,8.678265776166978e-31,4.173035351044373e-4,1,1,Less than College,-0.382146316662258,0.1378914715762502,-0.6524136009517084,-0.11187903237280761,0.0055823407709330005,TRUE
brandtS1,Brandt (2013),female,female_0,-0.713534791626113,-0.302050964965421,0.06742050116027039,0.15601915704875036,-0.8458827039050266,-0.6090453178480346,-0.5811868793471994,0.004943387917192621,1.5187248284415494e-24,0.05378121459961646,1,0,Men,-0.411483826660692,0.16996323526840929,-0.7446117677867742,-0.07835588553460981,0.01547716731870988,TRUE
brandtS1,Brandt (2013),female,female_1,-0.8303602927337698,-0.49107642129924745,0.068421533499228665,0.12780608293886836,-0.9646695447299521,-0.7425472224346155,-0.6960510407375874,-0.23960562016387937,3.334202943662747e-31,1.476435251909718e-4,1,1,Women,-0.3392838714345223,0.14496862102732083,-0.6234223686480711,-0.055145374220973487,0.019263341542462294,TRUE
brandtS1,Brandt (2013),pid,pid_3_Democrat,-0.7675620879612953,-0.5313839074284382,0.060398272618235105,0.1404488864865722,-0.8860802029934148,-0.8076972300568065,-0.6490439729291758,-0.25507058480006994,1.8020861711613728e-34,1.843802711599296e-4,1,1,Democrat,-0.2361781805328571,0.1528850582973519,-0.5358328947956669,0.06347653372995266,0.12239252271326403,FALSE
brandtS1,Brandt (2013),pid,pid_3_Independent,-0.7228607392929246,0.4871030927813684,0.1380417736280586,0.5391447923346329,-0.9953126062313692,-0.6256370686273207,-0.45040887235448,1.5998432541900576,4.679530166075968e-7,0.37525405180533267,1,0,Independent,-1.209963832074293,0.5565362866587718,-2.300774953925486,-0.11915271022310026,0.029697856510531518,TRUE
brandtS1,Brandt (2013),pid,pid_3_Republican,-0.7803765428817354,-0.3263011298126758,0.09595437775910562,0.15415828998924921,-0.969069348699936,-0.6297912634364835,-0.5916837370635348,-0.02281099618886806,6.62917541118277e-15,0.03519323201456674,1,1,Republican,-0.45407541306905963,0.18158199520752766,-0.8099761236758138,-0.09817470246230542,0.012396100403559119,TRUE
brandtS1,Brandt (2013),white,white_0,-0.6637290455466139,-0.3846299864850247,0.11271556672915416,0.1982720073609342,-0.8854252257152743,-0.7762164501206741,-0.4420328653779536,0.006956477150624585,9.247189154788598e-9,0.054160220154592195,1,0,Nonwhite,-0.2790990590615892,0.22807145346581353,-0.7261191078545837,0.1679209897314053,0.22105214732517622,FALSE
brandtS1,Brandt (2013),white,white_1,-0.8099448692323599,-0.40967886460527336,0.05267651833948876,0.11264368809687775,-0.9132912249085139,-0.6310363300963557,-0.7065985135562058,-0.188321399114191,6.566564396624827e-49,3.069537125102445e-4,1,1,White,-0.4002660046270865,0.12435198451346553,-0.6439958942734789,-0.15653611498069406,0.0012872160533314095,TRUE
caprarielloS2,Caprariello and Reis (2013),age,age_3_18 - 39,-0.14066558319311057,-0.41774769151208235,0.06165604066801915,0.28143614789858334,-0.2616568237422451,-0.9752185356088314,-0.019674342643976037,0.13972315258466672,0.022732624997813554,0.1404538517229839,1,0,Age: 18 - 39,0.2770821083189718,0.28811069521079863,-0.2876148542941935,0.8417790709321371,0.33618976645884585,FALSE
caprarielloS2,Caprariello and Reis (2013),age,age_3_40 - 59,-0.06519153477588173,-0.15142770178045528,0.1269207291625171,0.23476103248014535,-0.31521768058083777,-0.6153442586884559,0.18483461102907428,0.3124888551275453,0.6079783840816424,0.5199069498295537,0,0,Age: 40 - 59,0.08623616700457355,0.26687377889610825,-0.4368364396317986,0.6093087736409457,0.7465932644655799,FALSE
caprarielloS2,Caprariello and Reis (2013),age,age_3_More than 60,-0.1944166712193189,-0.07330238537072911,0.2887688008089689,0.19954535847401839,-0.7760268915317213,-0.4680790125736265,0.38719354909308346,0.32147424183216833,0.5042247279711002,0.7139575445554336,0,0,Age: More than 60,-0.1211142858485898,0.35100679538888485,-0.809087604810804,0.5668590331136245,0.730058085886117,FALSE
caprarielloS2,Caprariello and Reis (2013),educ,educ_3_College,-0.07055058365589781,-0.49174955287213196,0.0878036364057232,0.30132183512066946,-0.24311293914254847,-1.0917579814826592,0.10201177183075286,0.10825887573839532,0.4221133615105981,0.10676822632017997,0,0,College,0.4211989692162341,0.3138539897572697,-0.19395485070801444,1.0363527891404827,0.17958885198728466,FALSE
caprarielloS2,Caprariello and Reis (2013),educ,educ_3_Graduate School,-0.1821605153594941,-0.7749894559513982,0.1750534442101892,0.36211558300129915,-0.5285080420471491,-1.499328467946321,0.16418701132816085,-0.050650443956475555,0.30000788070682427,0.036415948091186034,0,1,Graduate School,0.5928289405919042,0.4022081597658364,-0.19549905254913513,1.3811569337329435,0.14049892119496854,FALSE
caprarielloS2,Caprariello and Reis (2013),educ,educ_3_Less than College,-0.1498965961985313,-0.0867486795781666,0.07525703437418416,0.17637456477005908,-0.29765205813259993,-0.4340785047792297,-0.002141134264462663,0.26058114562289647,0.04677998388349709,0.6232514660887587,1,0,Less than College,-0.0631479166203647,0.19175924572396738,-0.43899603823934075,0.3127002049986114,0.7419226498980933,FALSE
caprarielloS2,Caprariello and Reis (2013),female,female_0,-0.06183635141492659,-0.3069150579379352,0.07778869904907368,0.19426202611589882,-0.2146005302612427,-0.6898580876621319,0.09092782743138954,0.07602797178626136,0.42696302425016985,0.11562710132651736,0,0,Men,0.24507870652300862,0.20925777522090191,-0.16506653290995915,0.6552239459559763,0.24152607670122078,FALSE
caprarielloS2,Caprariello and Reis (2013),female,female_1,-0.19445454043927626,-0.16952432473630047,0.07628075895028405,0.21884315397375215,-0.3442350977780453,-0.6012888556354727,-0.04467398310050727,0.26224020616287186,0.01102093192331112,0.43954760766717893,1,0,Women,-0.024930215702975794,0.23175651064686562,-0.47917297657083235,0.4293125451648808,0.9143362208572907,FALSE
caprarielloS2,Caprariello and Reis (2013),ideo,ideo_3_Conservative,-0.10242589531459387,-0.11386841625471361,0.12499722783067023,0.20747621656079931,-0.3485616869728138,-0.5238898262257442,0.14370989634362608,0.296152993716317,0.41329427933507756,0.5839572593638835,0,0,Conservative,0.011442520940119744,0.24222032822151027,-0.4633093223740403,0.48619436425427986,0.962321840321651,FALSE
caprarielloS2,Caprariello and Reis (2013),ideo,ideo_3_Liberal,-0.07098199510069807,-0.5838669839971863,0.07062801436158678,0.30151371716009995,-0.20964377597816247,-1.1812777649767945,0.06767978577676632,0.01354379698242203,0.3152292207506552,0.055331856972128036,0,0,Liberal,0.5128849888964883,0.30967537526958977,-0.09407874663190763,1.1198487244248843,0.09768090985598804,FALSE
caprarielloS2,Caprariello and Reis (2013),ideo,ideo_3_Moderate,-0.2806097765592771,-0.1330636200805389,0.11724914596614253,0.2476155428562755,-0.5113541641850767,-0.6228040188444044,-0.0498653889334775,0.35667677868332665,0.0173193560406282,0.5918964731248161,1,0,Moderate,-0.1475461564787382,0.2739722965808729,-0.684531857777249,0.38943954481977267,0.590201486580771,FALSE
caprarielloS2,Caprariello and Reis (2013),pid,pid_3_Democrat,-0.07611515656226017,-0.487145965028084,0.0680340145231348,0.21439816414934976,-0.20966294812357686,-0.9099828929479479,0.057432634999056514,-0.06430903710822006,0.2635719694250878,0.02416834191655578,0,1,Democrat,0.41103080846582385,0.22493376785788666,-0.02983937653563401,0.8519009934672817,0.06764843935982734,FALSE
caprarielloS2,Caprariello and Reis (2013),pid,pid_3_Independent,-0.239420530297865,4.418875555865573e-4,0.16457288571143736,0.43324400655118706,-0.5644513563021677,-0.8727040350697775,0.08561029570643772,0.8735878101809507,0.14769614813193643,0.9991908075496745,0,0,Independent,-0.23986241785345155,0.46344859900955016,-1.1482216719121698,0.6684968362052668,0.6047653550137271,FALSE
caprarielloS2,Caprariello and Reis (2013),pid,pid_3_Republican,-0.18899229716112237,0.052734748250775974,0.10862881443819279,0.21028590217029092,-0.4027016317874792,-0.3626825403016674,0.024717037465234487,0.4681520368032193,0.0828468484195293,0.8023212401864425,0,0,Republican,-0.24172704541189835,0.23668624796937504,-0.7056320914318734,0.22217800060807671,0.3071135663986078,FALSE
caprarielloS2,Caprariello and Reis (2013),white,white_0,-0.06405403489226644,-0.1272793230657273,0.11745105826683917,0.30418438072710124,-0.29515321926734134,-0.7308471277122583,0.16704514948280846,0.4762884815808037,0.5858914389037331,0.6765403785757198,0,0,Nonwhite,0.06322528817346088,0.3260719070486302,-0.5758756496418543,0.702326225988776,0.8462543148222006,FALSE
caprarielloS2,Caprariello and Reis (2013),white,white_1,-0.1466632863082257,-0.28905964809572476,0.06135242418172952,0.16123520279798456,-0.2670625248993101,-0.6063722568608991,-0.026264047717141317,0.028252960669449656,0.01701571472969841,0.0740286658072861,1,0,White,0.14239636178749907,0.1725135083820455,-0.1957301146413101,0.48052283821630826,0.40913232316456577,FALSE
converseS16,Epley et al. (2009),age,age_3_18 - 39,0.09975762669364346,0.23585950241814496,0.06656138946889667,0.1650315208975004,-0.030925291251950843,-0.08984876384044677,0.23044054463923777,0.5615677686767366,0.13439229126356167,0.15473554807890402,0,0,Age: 18 - 39,-0.1361018757245015,0.1779489293527001,-0.4848817772557937,0.21267802580679068,0.44436877817241066,FALSE
converseS16,Epley et al. (2009),age,age_3_40 - 59,-0.15348932891841643,0.29553657448465387,0.1614092709509561,0.17175284598100368,-0.47236792136118255,-0.04302555746659409,0.16538926352434968,0.6340987064359018,0.3431383759121398,0.08676278076212912,0,0,Age: 40 - 59,-0.4490259034030703,0.2356947026377418,-0.9109875205730442,0.012935713766903612,0.056764908945740135,FALSE
converseS16,Epley et al. (2009),age,age_3_More than 60,0.17550747887915982,0.3543462145973579,0.3312196106544407,0.24769617148244708,-0.500019370760755,-0.13629222977764038,0.8510343285190747,0.8449846589723562,0.599968349817591,0.15526565691780445,0,0,Age: More than 60,-0.17883873571819806,0.41359379087353465,-0.989482565830326,0.6318050943939298,0.6654493467216844,FALSE
converseS16,Epley et al. (2009),educ,educ_3_College,0.19180460191793866,0.07434129282272738,0.10563480448426252,0.27340848586737476,-0.016039483669151644,-0.46875107732841137,0.39964868750502897,0.6174336629738661,0.07036806510056079,0.7863105640210681,0,0,College,0.11746330909521129,0.29310563294266256,-0.45702373147240727,0.6919503496628299,0.6886011128636575,FALSE
converseS16,Epley et al. (2009),educ,educ_3_Graduate School,0.21020536860600117,0.6567584632958152,0.19769045758162954,0.3267981716379175,-0.18260135970434668,0.0012843392558606892,0.603012096916349,1.3122325873357696,0.2905199524317098,0.049568715144023126,0,1,Graduate School,-0.4465530946898141,0.38194052155370983,-1.1951565169350853,0.30205032755545713,0.24233546707912887,FALSE
converseS16,Epley et al. (2009),educ,educ_3_Less than College,-0.037511515883082915,0.28868986997773466,0.08266979654410136,0.12515509210960404,-0.1999466947357887,0.042558299037723124,0.12492366296962287,0.5348214409177462,0.6502109069743465,0.02164431094655153,0,1,Less than College,-0.3262013858608176,0.1499936410038992,-0.62018892222846,-0.032213849493175184,0.029647498621059438,TRUE
converseS16,Epley et al. (2009),female,female_0,0.11620334826080808,0.45301707517542783,0.07808367829295046,0.14696826788513398,-0.03722390868434694,0.16360165129950627,0.2696306052059631,0.7424324990513493,0.13735608391720436,0.002276852156329742,0,1,Men,-0.33681372691461975,0.1664233534721419,-0.6630034997200178,-0.010623954109221623,0.042986934196137756,TRUE
converseS16,Epley et al. (2009),female,female_1,0.019113106823334114,0.12864420921059058,0.09588847561429235,0.1539378533062746,-0.16938401439430545,-0.1745540580426854,0.20761022804097368,0.43184247646386653,0.842106709631511,0.40413740225590844,0,0,Women,-0.10953110238725647,0.18136003538866236,-0.46499677174903464,0.24593456697452173,0.5458816177573587,FALSE
converseS16,Epley et al. (2009),white,white_0,0.1280553220351988,0.3946906779141915,0.12908076324944776,0.20548872665581477,-0.12651828218618463,-0.012498951780622047,0.3826289262565822,0.8018803076090051,0.3223997058672724,0.05732971020963982,0,0,Nonwhite,-0.2666353558789927,0.24266738599096532,-0.7422634324212847,0.20899272066329933,0.2718689183098723,FALSE
converseS16,Epley et al. (2009),white,white_1,0.05216730679444931,0.23339395824729567,0.06960536004811,0.12488753809499323,-0.08449502956375313,-0.01213726641762411,0.18882964315265174,0.4789251829122154,0.45382640385214856,0.06238970982643498,0,0,White,-0.18122665145284636,0.14297483456488214,-0.4614573272000153,0.09900402429432262,0.20496144654856133,FALSE
death_penalty,Peffley and Hurwitz (2007),age,age_3_18 - 39,-0.1109325081804104,-0.3841359688223386,0.05383476319049226,0.1383443775644025,-0.2165807408799882,-0.6561523358122102,-0.005284275480832601,-0.11211960183246694,0.039610817661516654,0.005763886911000314,1,1,Age: 18 - 39,0.2732034606419282,0.148449818226424,-0.017758183081862833,0.5641651043657192,0.06571307625612247,FALSE
death_penalty,Peffley and Hurwitz (2007),age,age_3_40 - 59,-0.048246058900564215,-0.4397728055682907,0.11099818644751544,0.15901931741261147,-0.2667928661362927,-0.7524650205937333,0.17030074833516426,-0.1270805905428481,0.6641643357078931,0.005967086488968121,0,1,Age: 40 - 59,0.39152674666772647,0.19392715308849937,0.011429526614267715,0.7716239667211853,0.0434937454346679,TRUE
death_penalty,Peffley and Hurwitz (2007),age,age_3_More than 60,-0.12802321171953635,-0.3318550874521678,0.2303015259306033,0.15597589051353977,-0.5888555006733487,-0.6400825531574075,0.332809077234276,-0.023627621746928174,0.5803854570980116,0.03502704575383012,0,1,Age: More than 60,0.20383187573263145,0.27814972814557287,-0.3413415914326913,0.7490053428979542,0.4636721864586864,FALSE
death_penalty,Peffley and Hurwitz (2007),educ,educ_3_College,-0.09538631635428987,-0.4043779297266203,0.07051354766217344,0.18259844438044506,-0.23388597187807378,-0.76454642065767,0.04311333916949403,-0.0442094387955706,0.17667869820313495,0.027971851215005176,0,1,College,0.3089916133723304,0.19574052287164273,-0.07465981145608935,0.6926430382007501,0.11443296590060974,FALSE
death_penalty,Peffley and Hurwitz (2007),educ,educ_3_Graduate School,0.04290785734763906,0.1584458422030774,0.13005910111506655,0.27817052286966265,-0.21373847360325912,-0.39582102369194766,0.29955418829853725,0.7127127080981024,0.7418533900765438,0.5706743593457253,0,0,Graduate School,-0.11553798485543834,0.30707362240420555,-0.7174022847676812,0.48632631505680457,0.7067273324908139,FALSE
death_penalty,Peffley and Hurwitz (2007),educ,educ_3_Less than College,-0.16991586469241585,-0.4817787669955376,0.07394716208966695,0.10968624719120788,-0.31517949839295856,-0.6971710512124825,-0.02465223099187311,-0.26638648277859284,0.021959545680492396,1.3140882179753795e-5,1,1,Less than College,0.31186290230312175,0.132284751970914,0.052584788440130315,0.5711410161661132,0.018397856129291085,TRUE
death_penalty,Peffley and Hurwitz (2007),female,female_0,-0.16447816610083782,-0.4840215592170984,0.06294042069545601,0.15236224062090084,-0.28804259832134665,-0.783679319614293,-0.040913733880328984,-0.18436379881990367,0.009152351050143994,0.0016212559336204635,1,1,Men,0.31954339311626057,0.1648506867572661,-0.0035639529279810067,0.6426507391605021,0.05257679069711479,FALSE
death_penalty,Peffley and Hurwitz (2007),female,female_1,-0.016510579718312195,-0.3599680956732901,0.07235831944197572,0.1149466585333275,-0.15864534982559533,-0.5857562711025888,0.12562419038897096,-0.13417992024399145,0.8195932573268099,0.0018309328827234787,0,1,Women,0.34345751595497787,0.1358251107139044,0.0772402989557252,0.6096747329542305,0.011449410243473528,TRUE
death_penalty,Peffley and Hurwitz (2007),ideo,ideo_3_Conservative,-0.14211595253216558,-0.33842086303217606,0.10579491810097501,0.19262036630176774,-0.35046685660398896,-0.7177501863586018,0.0662349515396578,0.040908460294249605,0.18037352036794832,0.08012957238666268,0,0,Conservative,0.19630491050001048,0.21976162133143082,-0.23442786730959392,0.6270376883096149,0.37171638298240306,FALSE
death_penalty,Peffley and Hurwitz (2007),ideo,ideo_3_Liberal,-0.11885824489161577,-0.3340131347660337,0.06992063105775934,0.14975119196043174,-0.2561907514209999,-0.6292717031094894,0.018474261637768344,-0.038754566422578074,0.08969293078704253,0.026806609204583578,0,1,Liberal,0.21515488987441794,0.1652704273035118,-0.1087751476404652,0.539084927389301,0.19297266570302798,FALSE
death_penalty,Peffley and Hurwitz (2007),ideo,ideo_3_Moderate,-0.039397062229044925,-0.47844035072670255,0.07197918277660828,0.13292918607035586,-0.18085076619098836,-0.739695400989859,0.1020566417328985,-0.21718530046354612,0.5844143467856802,3.554714021532825e-4,0,1,Moderate,0.4390432884976576,0.15116603872072482,0.14275785260503698,0.7353287243902782,0.0036798380938585055,TRUE
death_penalty,Peffley and Hurwitz (2007),white,white_0,-0.14765035815456562,-0.3675049395046817,0.07644986710972697,0.14862050190573015,-0.29793515281144006,-0.6596122577831018,0.0026344365023088234,-0.07539762122626154,0.05413387904902224,0.01378991330933483,0,1,Nonwhite,0.2198545813501161,0.1671305949483997,-0.10772138474874732,0.5474305474489796,0.18835340488873112,FALSE
death_penalty,Peffley and Hurwitz (2007),white,white_1,-0.08248180287535886,-0.31247765695407,0.05990339150977589,0.08209456052627956,-0.20005329503961308,-0.4737972325746287,0.03508968928889536,-0.15115808133351125,0.16889189359308182,1.5979774572233373e-4,0,1,White,0.22999585407871112,0.10162643938649267,0.0308080328811855,0.42918367527623674,0.02362645769659993,TRUE
dennyS17,Denny (2012),age,age_3_18 - 39,0.08849631979658744,0.5104685379976002,0.11837401034910688,0.2651655837319224,-0.1447135091032165,-0.015811744168078845,0.3217061486963914,1.0367488201632793,0.4554493487685807,0.057147153487419125,0,0,Age: 18 - 39,-0.4219722182010127,0.2903880044389258,-0.9911327069013073,0.14718827049928185,0.14618699638778992,FALSE
dennyS17,Denny (2012),age,age_3_40 - 59,0.1799226886221829,0.3500454900242117,0.266686834396235,0.1952806111858146,-0.3554734718686053,-0.03559624110776877,0.7153188491129712,0.7356872211561922,0.5029394390752142,0.0749264239734122,0,0,Age: 40 - 59,-0.1701228014020288,0.33053953582800066,-0.8179802916249101,0.4777346888208525,0.6067751436756745,FALSE
dennyS17,Denny (2012),age,age_3_More than 60,-0.5623630081586353,-0.4033440613470916,0.6181731295860016,0.4183320291759209,-1.9607677811009916,-1.258929127671208,0.836041764783721,0.45224100497702485,0.3866856590523129,0.34293141679991035,0,0,Age: More than 60,-0.15901894681154366,0.7464179156321176,-1.621998061450494,1.3039601678274066,0.8312935959385855,FALSE
dennyS17,Denny (2012),educ,educ_3_College,0.13198315497600668,0.7493791447636877,0.1634596980766988,0.30961388110576954,-0.19174021156150542,0.13187372996682933,0.45570652151351876,1.366884559560546,0.42105412477313353,0.018103092181837865,0,1,College,-0.6173959897876811,0.3501140218110425,-1.3036194725373242,0.06882749296196222,0.07783067962836923,FALSE
dennyS17,Denny (2012),educ,educ_3_Graduate School,-0.27387808838894595,0.11766034183941623,0.38531075470191534,0.32256312422657046,-1.07095411347937,-0.5324229194380896,0.5231979367014781,0.767743603116922,0.48435572218655787,0.7170328463821511,0,0,Graduate School,-0.3915384302283622,0.5025050714169614,-1.3764483702056065,0.5933715097488822,0.43587775849881594,FALSE
dennyS17,Denny (2012),educ,educ_3_Less than College,0.13123325068636968,0.25725928458865843,0.14782006327395505,0.1929737874452528,-0.16076860001675333,-0.1236268458414061,0.4232351013894927,0.6381454150187229,0.3760289926997349,0.18424178056541335,0,0,Less than College,-0.12602603390228875,0.2430836352930441,-0.6024699590766552,0.3504178912720777,0.6041462791117569,FALSE
dennyS17,Denny (2012),female,female_0,-0.1116094268543918,0.2367272089176448,0.14360336332345428,0.23256208533431788,-0.3952961562221622,-0.22294921021169814,0.1720773025133786,0.6964036280469877,0.4382293555954252,0.3104280226502236,0,0,Men,-0.3483366357720366,0.27332590344285806,-0.8840554065200383,0.18738213497596518,0.202508597714375,FALSE
dennyS17,Denny (2012),female,female_1,0.26740759190091984,0.49118326117193606,0.15386459231041466,0.19159931456357296,-0.03673534725672489,0.11249496370885115,0.5715505310585646,0.869871558635021,0.08437388928402602,0.01137739113090585,0,1,Women,-0.22377566927101622,0.24573280226311078,-0.7054119617067134,0.2578606231646809,0.36248176234756985,FALSE
dennyS17,Denny (2012),ideo,ideo_3_Conservative,0.070295376019829,0.3386064396235634,0.21193519195279084,0.23757974974417154,-0.3530938417377737,-0.1329856363540486,0.4936845937774317,0.8101985156011754,0.7412121011132726,0.1573331518686945,0,0,Conservative,-0.2683110636037344,0.3183718942943448,-0.8923199764206502,0.3556978492131814,0.3993627429149918,FALSE
dennyS17,Denny (2012),ideo,ideo_3_Liberal,0.14456143622545656,0.7941614103702951,0.1444746971569969,0.2907092944788654,-0.14087634567057153,0.21595231592873443,0.42999921812148467,1.3723705048118557,0.31861029285420156,0.007693355002909508,0,1,Liberal,-0.6495999741448385,0.32463030051892205,-1.2858753631619257,-0.013324585127751254,0.045387496007300174,TRUE
dennyS17,Denny (2012),ideo,ideo_3_Moderate,-0.12517112117079304,-0.036292449187466345,0.2297746317685235,0.2407445025598239,-0.5825260852800009,-0.5134898184136584,0.33218384293841485,0.4409049200387257,0.5874558463040778,0.8804534292469511,0,0,Moderate,-0.08887867198332669,0.33279768165829765,-0.74116212803359,0.5634047840669367,0.7894189782815652,FALSE
dennyS17,Denny (2012),pid,pid_3_Democrat,0.07839249563473215,0.5378166177284006,0.13564990936915097,0.2048730440315817,-0.1892862076235165,0.13313345318763964,0.3460711988929808,0.9424997822691616,0.564055854885886,0.009523660482038971,0,1,Democrat,-0.45942412209366845,0.24571093195587634,-0.9410175487271861,0.022169304539849166,0.061515089610082035,FALSE
dennyS17,Denny (2012),pid,pid_3_Independent,-0.2008439314852269,-0.4496736963118179,0.3083411006704348,0.5581683238161492,-0.8250478561766481,-1.7695320512783785,0.4233599932061944,0.8701846586547426,0.5187281901256127,0.44695826584824394,0,0,Independent,0.24882976482659103,0.6376724175267304,-1.0010081735258005,1.4986677031789828,0.6963770808846463,FALSE
dennyS17,Denny (2012),pid,pid_3_Republican,0.17321062008638372,0.12667739891199908,0.20359864918309115,0.2285817463458251,-0.232123153853793,-0.3257499066491035,0.5785443940265604,0.5791047044731017,0.39751490609793017,0.5804478617945218,0,0,Republican,0.04653322117438463,0.306107864504796,-0.5534381932550155,0.6465046356037848,0.8791745015424723,FALSE
dennyS17,Denny (2012),white,white_0,0.30945971985959075,1.0415192385510244,0.2396207113469395,0.28869510079025984,-0.16938406245265825,0.46601607325186434,0.7883035021718398,1.6170224038501844,0.20126372171483914,5.667032883833037e-4,0,1,Nonwhite,-0.7320595186914336,0.37518388361803545,-1.467419930582783,0.0033008931999158886,0.05103302922108624,FALSE
dennyS17,Denny (2012),white,white_1,0.005585849427279546,0.04239171996297853,0.1183199110815541,0.1542071271640315,-0.22752255438495386,-0.2615437889071974,0.23869425323951296,0.3463272288331545,0.9623863503113048,0.7836537197558253,0,0,White,-0.03680587053569898,0.194369337670659,-0.41776977237019064,0.34415803129879263,0.8498102986420442,FALSE
elite_endorsements,Nicholson (2012),age,age_3_18 - 39,0.12000748797090266,0.28219831570092097,0.07206214663328803,0.19847480588915925,-0.02144178640971675,-0.10943828888270946,0.26145676235152204,0.6738349202845514,0.09623060569773158,0.1568047019966295,0,0,Age: 18 - 39,-0.1621908277300183,0.2111520815671419,-0.5760489076016164,0.2516672521415798,0.4424139523021872,FALSE
elite_endorsements,Nicholson (2012),age,age_3_40 - 59,0.06828621017661457,0.09280820892723675,0.13941883200192207,0.12046282637336103,-0.20640885456956048,-0.14408881581173605,0.3429812749227896,0.3297052336662095,0.624746003557495,0.4415485917349117,0,0,Age: 40 - 59,-0.02452199875062218,0.1842522815452734,-0.38565647057935803,0.3366124730781137,0.8941227933857544,FALSE
elite_endorsements,Nicholson (2012),age,age_3_More than 60,0.04919196183339039,0.3912850203199536,0.2827902521563378,0.11229118583279107,-0.5207343427312685,0.1700391949185611,0.6191182663980492,0.6125308457213461,0.8627009749130747,5.896715549115787e-4,0,1,Age: More than 60,-0.34209305848656324,0.30426902098370046,-0.9384603396146162,0.2542742226414897,0.26088104204228085,FALSE
elite_endorsements,Nicholson (2012),educ,educ_3_College,0.0791627433507843,0.32720518441975366,0.09379229905052466,0.16833154684515444,-0.10513245180542799,-0.0050029118149191865,0.2634579385069966,0.6594132806544265,0.3990785494897243,0.05351258971771411,0,0,College,-0.24804244106896936,0.19269796320788,-0.6257304489564142,0.12964556681847542,0.19802165269319885,FALSE
elite_endorsements,Nicholson (2012),educ,educ_3_Graduate School,0.07582810286112163,0.24510247655183162,0.143282983493713,0.23466403501800617,-0.20724037163411396,-0.22258227078877094,0.3588965773563572,0.7127872238924342,0.5974204010125945,0.2997086610314403,0,0,Graduate School,-0.16927437369071,0.2749494911611797,-0.7081753763666222,0.36962662898520227,0.5381214154690899,FALSE
elite_endorsements,Nicholson (2012),educ,educ_3_Less than College,0.1428860219105152,0.18689853331736947,0.0976006476106038,0.1064233428917493,-0.04891458353799677,-0.02217121066408681,0.33468662735902716,0.3959682772988258,0.14388366015981308,0.07964297012125537,0,0,Less than College,-0.04401251140685428,0.14440157314331487,-0.32703959476775146,0.23901457195404288,0.7605242208227452,FALSE
elite_endorsements,Nicholson (2012),female,female_0,0.12176269913065438,0.10585897038443981,0.08023058202997811,0.11841232580330453,-0.03578664474595064,-0.12691205308715015,0.2793120430072594,0.33862999385602977,0.1295979510366832,0.37185380921368105,0,0,Men,0.015903728746214568,0.14303295143083983,-0.26444085605823153,0.2962483135506606,0.9114662641038204,FALSE
elite_endorsements,Nicholson (2012),female,female_1,0.07933164928316488,0.35863027173119333,0.09917357337591365,0.12273280666514474,-0.11556000239811015,0.11727809795409588,0.2742233009644399,0.5999824455082907,0.42416761227519084,0.0036939413380187307,0,1,Women,-0.27929862244802844,0.1577933442450965,-0.5885735771684175,0.029976332272360684,0.0767224923418506,FALSE
elite_endorsements,Nicholson (2012),pid,pid_3_Democrat,0.05470926157369278,0.18635348597161533,0.07027447606655746,0.12360479873918453,-0.08325367466708215,-0.0565993425568691,0.1926721978144677,0.42930631450009976,0.43652031676044745,0.13238560939959987,0,0,Democrat,-0.13164422439792256,0.14218526033940182,-0.41032733466315013,0.147038885867305,0.3545166236250853,FALSE
elite_endorsements,Nicholson (2012),pid,pid_3_Republican,0.22188535365414516,0.27834730177045436,0.12802723963759854,0.11588318930000534,-0.029887521586955373,0.05043679377304855,0.47365822889524567,0.5062578097678602,0.08392995157873269,0.016824877700019725,0,1,Republican,-0.056461948116309196,0.17268435844500785,-0.3949232906685246,0.28199939443590616,0.7436934514557976,FALSE
elite_endorsements,Nicholson (2012),white,white_0,0.06910241545205452,0.2833850562209419,0.11588161417669364,0.19171871565149853,-0.1588279874301392,-0.09522261478789662,0.29703281833424827,0.6619927272297804,0.5513565838107435,0.14132683355358994,0,0,Nonwhite,-0.21428264076888737,0.22401922782488168,-0.6533603273056554,0.22479504576788073,0.3388010891750043,FALSE
elite_endorsements,Nicholson (2012),white,white_1,0.12323953956805499,0.23186691869219647,0.07283608080746637,0.09138384131806548,-0.019746996349542315,0.0524041220465111,0.2662260754856523,0.4113297153378819,0.09105846051890608,0.011417861173837156,0,1,White,-0.10862737912414148,0.1168593219278511,-0.33767165010272965,0.12041689185444666,0.3526005955956576,FALSE
expert_economists,Johnston and Ballard (2016),age,age_3_18 - 39,0.41891967197736546,0.2973157684543272,0.01841133101679436,0.08617822594428629,0.38283025485300803,0.12810295841068492,0.4550090891017229,0.4665285784979695,4.327252996208306e-112,5.958305882354912e-4,1,1,Age: 18 - 39,0.12160390352303824,0.08812300344810334,-0.05111718323524431,0.29432499028132075,0.16760705469505496,FALSE
expert_economists,Johnston and Ballard (2016),age,age_3_40 - 59,0.37462850221371746,0.21805393139728624,0.03488911481901538,0.07003654432916681,0.3062206660479816,0.0805678729175382,0.44303633837945333,0.3555399898770343,1.941802813888834e-26,0.0019179623068894432,1,1,Age: 40 - 59,0.15657457081643122,0.0782455613720407,0.003213270527231471,0.309935871105631,0.045385225047997635,TRUE
expert_economists,Johnston and Ballard (2016),age,age_3_More than 60,0.28574121194986324,0.2297116381696199,0.08699427475307896,0.08593291752045833,0.1148243080267142,0.06094803865683132,0.4566581158730123,0.39847523768240845,0.0010924529980983176,0.007717332130008451,1,1,Age: More than 60,0.05602957378024334,0.1222802933975548,-0.18363980127896407,0.29569894883945075,0.6468043928776341,FALSE
expert_economists,Johnston and Ballard (2016),educ,educ_3_College,0.38918831889196837,0.2921944368951288,0.025951676480183143,0.11310421753314392,0.3383131797669251,0.0698329176239314,0.44006345801701163,0.5145559561663262,6.817421582464451e-50,0.010141419409051404,1,1,College,0.09699388199683956,0.11604332611536448,-0.13045103718927484,0.324438801182954,0.4032438133945545,FALSE
expert_economists,Johnston and Ballard (2016),educ,educ_3_Graduate School,0.3975212842826157,0.09177418136754259,0.04646089448977659,0.14809193590354314,0.30639650776688204,-0.19972730827108567,0.4886460607983493,0.3832756710061709,2.513003840180341e-17,0.5359467835675826,1,0,Graduate School,0.3057471029150731,0.15520900810342575,0.0015374470323586409,0.6099567587977877,0.04884918411000802,TRUE
expert_economists,Johnston and Ballard (2016),educ,educ_3_Less than College,0.41302532898272803,0.26626570348053236,0.022522109546020908,0.0532482105254454,0.36887564514982585,0.16180823389985527,0.4571750128156302,0.37072317306120944,1.646040097933903e-73,6.464124869794588e-7,1,1,Less than College,0.14675962550219568,0.057815372891343704,0.03344149463516202,0.26007775636922936,0.01113546621138444,TRUE
expert_economists,Johnston and Ballard (2016),female,female_0,0.36628639442386535,0.2660068062842436,0.02334456979798523,0.06888419065954299,0.32052403625279463,0.1308344490895262,0.41204875259493606,0.401179163478961,1.456041896130032e-54,1.1978044823270366e-4,1,1,Men,0.10027958813962173,0.07273239073393142,-0.042275897698883846,0.2428350739781273,0.16797267698404791,FALSE
expert_economists,Johnston and Ballard (2016),female,female_1,0.44352755079919276,0.23718677850347308,0.021872392294171695,0.06391114147476844,0.400651845535892,0.11177587421437776,0.4864032560624935,0.36259768279256843,3.738270817045545e-89,2.1732020493206536e-4,1,1,Women,0.20634077229571968,0.06755024462781765,0.07394229282519707,0.3387392517662423,0.002253409054325704,TRUE
expert_economists,Johnston and Ballard (2016),ideo,ideo_3_Conservative,0.45772760695859055,0.22832454694521515,0.035119715493766586,0.07396377267437944,0.38886665872208037,0.08313028739727388,0.5265885551951007,0.3735188064931564,8.107365321855232e-38,0.002094420206276678,1,1,Conservative,0.2294030600133754,0.0818781661042209,0.06892185444910245,0.3898842655776483,0.0050824496354764,TRUE
expert_economists,Johnston and Ballard (2016),ideo,ideo_3_Liberal,0.3855054722203097,0.3037493711917698,0.0234073565418248,0.09595564329843645,0.3396199601517389,0.11526423442799091,0.43139098428888045,0.4922345079555487,8.041695734438634e-60,0.0016339195851096313,1,1,Liberal,0.08175610102853986,0.09876937693988395,-0.11183187777363268,0.2753440798307124,0.4078135343001084,FALSE
expert_economists,Johnston and Ballard (2016),ideo,ideo_3_Moderate,0.4007039931653267,0.22944814822711698,0.02788904019572326,0.07675028214155998,0.3460289679073603,0.07876670969605279,0.45537901842329304,0.3801295867581812,6.979991355729052e-46,0.0028892827971724227,1,1,Moderate,0.1712558449382097,0.08166029862698107,0.011201659629326788,0.3313100302470926,0.035978186221473946,TRUE
expert_economists,Johnston and Ballard (2016),pid,pid_3_Democrat,0.4116012600570622,0.23402298749713618,0.020602268580352898,0.06711194664050385,0.37121612325119463,0.10233302399911834,0.4519863968629298,0.365712950995154,6.386242066514827e-87,5.087405217010895e-4,1,1,Democrat,0.17757827255992603,0.07020304019438782,0.03998031377892591,0.31517623134092615,0.011422664664345545,TRUE
expert_economists,Johnston and Ballard (2016),pid,pid_3_Independent,0.33681498481352773,0.13865694151873492,0.04058735289419512,0.21854397129653474,0.2572228527621729,-0.2957228657216216,0.4164071168648826,0.5730367487590915,1.7840261020677728e-16,0.5274469188577151,1,0,Independent,0.1981580432947928,0.2222809047242217,-0.23751252996468175,0.6338286165542674,0.3726739784696276,FALSE
expert_economists,Johnston and Ballard (2016),pid,pid_3_Republican,0.42479873680000413,0.28349808541748067,0.03216878411230715,0.06848276614438066,0.36172815253301227,0.1490955694251673,0.487869321066996,0.417900601409794,6.307488436669437e-39,3.800642858763217e-5,1,1,Republican,0.14130065138252346,0.0756618789751494,-0.006996631408769355,0.2895979341738163,0.061827938641712064,FALSE
expert_economists,Johnston and Ballard (2016),white,white_0,0.42216145416865647,0.2745337739584961,0.033150414369518766,0.0952612998228952,0.3571652169888026,0.08741177780520012,0.48715769134851034,0.46165577011179204,2.426956450922089e-36,0.0041077829209060675,1,1,Nonwhite,0.14762768021016037,0.1008645885175681,-0.050066913284273096,0.34532227370459384,0.1432971240856584,FALSE
expert_economists,Johnston and Ballard (2016),white,white_1,0.3985475416896722,0.23990060911043615,0.018316139681251627,0.05230224739869231,0.3626447700282006,0.13730691706557435,0.4344503133511438,0.34249430115529794,6.75448187203325e-103,4.876975611113358e-6,1,1,White,0.15864693257923607,0.0554166586486152,0.050030281627950285,0.2672635835305218,0.00419912606177811,TRUE
flavinS4,Flavin (2011),age,age_3_18 - 39,-0.3904407310095753,-0.6537597136309347,0.06992646111498559,0.15333932750859727,-0.5277035766176585,-0.955984827302637,-0.2531778854014921,-0.35153459995923236,3.23694263941457e-8,3.0027544527292017e-5,1,1,Age: 18 - 39,0.26331898262135933,0.16853088537373334,-0.06700155271115799,0.5936395179538767,0.11818494836590872,FALSE
flavinS4,Flavin (2011),age,age_3_40 - 59,-0.566337082693054,-0.7414903638885866,0.14773958666136813,0.1425104782979704,-0.8578948339504224,-1.0219447868990512,-0.27477933143568567,-0.46103594087812205,1.7549417294486519e-4,3.654347419363394e-7,1,1,Age: 40 - 59,0.17515328119553253,0.2052710936580896,-0.2271780623743231,0.5774846247653882,0.39350523028869255,FALSE
flavinS4,Flavin (2011),age,age_3_More than 60,-0.6791046811482251,-0.8448053103410208,0.4901357904929179,0.15279793536604877,-1.6847802533007816,-1.145746477343781,0.32657089100433145,-0.5438641433382605,0.17722608531185974,8.126025246870691e-8,0,1,Age: More than 60,0.1657006291927957,0.5134007228026123,-0.8405647875003243,1.1719660458859158,0.7468837769224135,FALSE
flavinS4,Flavin (2011),educ,educ_3_College,-0.4333525139013417,-0.3889876849867525,0.10741940259997906,0.20143455947375147,-0.6446129528401957,-0.7868989215209565,-0.2220920749624877,0.008923551547451447,6.71517923271418e-5,0.05529719513430532,1,0,College,-0.044364828914589205,0.2282866833727292,-0.49180672832513844,0.40307707049596003,0.8459110566544327,FALSE
flavinS4,Flavin (2011),educ,educ_3_Graduate School,-0.648998469133236,-0.38684427578663194,0.20236410041057548,0.24449012086829236,-1.0504830807194578,-0.8720894874252934,-0.2475138575470141,0.09840093585202941,0.0018013506991892145,0.11684797815733025,1,0,Graduate School,-0.26215419334660406,0.31737461829386054,-0.8842084452025707,0.3599000585093626,0.40879916113296527,FALSE
flavinS4,Flavin (2011),educ,educ_3_Less than College,-0.38299745603834573,-0.8670806297112212,0.08429828845643385,0.10564659301583648,-0.5485881580345788,-1.0746347834430037,-0.2174067540421126,-0.6595264759794388,6.827946990389545e-6,1.8462001971262123e-15,1,1,Less than College,0.4840831736728755,0.13515696079942727,0.21917553050599808,0.748990816839753,3.414479850551443e-4,TRUE
flavinS4,Flavin (2011),female,female_0,-0.30975695905252937,-0.7509732811295893,0.09511114383917511,0.12591213510990346,-0.4966282901500802,-0.998530738396849,-0.12288562795497854,-0.5034158238623295,0.001204088680232259,5.546156346474206e-9,1,1,Men,0.4412163220770599,0.15779732396441595,0.13193356710680465,0.7504990770473152,0.005172418010666417,TRUE
flavinS4,Flavin (2011),female,female_1,-0.5604495838655642,-0.7219935602307609,0.08166600470984585,0.12433187744576223,-0.7208973136077266,-0.966460240464366,-0.40000185412340183,-0.4775268799971558,1.990534086524712e-11,1.3471568801229485e-8,1,1,Women,0.16154397636519668,0.1487539985158604,-0.13001386072588972,0.4531018134562831,0.2774875164339343,FALSE
flavinS4,Flavin (2011),ideo,ideo_3_Conservative,-0.980839897604875,-0.8664073951521096,0.154759493792351,0.1453356616067273,-1.28601889417379,-1.1524878410259767,-0.6756609010359601,-0.5803269492782427,1.5281326562904197e-9,7.454341392106212e-9,1,1,Conservative,-0.11443250245276537,0.21230392236963,-0.5305481902972402,0.3016831853917094,0.5898846175298136,FALSE
flavinS4,Flavin (2011),ideo,ideo_3_Liberal,-0.34496515101888575,-0.7130808764496519,0.07266400115537815,0.1654917458032405,-0.48768386400919905,-1.0393462632340915,-0.20224643802857242,-0.3868154896652124,2.603054776649284e-6,2.535477742951679e-5,1,1,Liberal,0.36811572543076615,0.18074173561442075,0.01386192362650146,0.7223695272350308,0.041680651289800925,TRUE
flavinS4,Flavin (2011),ideo,ideo_3_Moderate,-0.23913756533389513,-0.5880667963266918,0.12650600780452373,0.15000867076094124,-0.4884438904667291,-0.8833780464554672,0.010168759798938859,-0.2927555461979164,0.060017036688064324,1.117513014548414e-4,0,1,Moderate,0.34892923099279666,0.19623040364352992,-0.035682360148522,0.7335408221341153,0.07537743276427596,FALSE
flavinS4,Flavin (2011),pid,pid_3_Democrat,-0.3084417102406622,-0.6792484707551832,0.0698227526569817,0.1193067985891954,-0.4455598963222805,-0.9138005576485537,-0.1713235241590439,-0.44469638386181276,1.1786686300864455e-5,2.4264984177625755e-8,1,1,Democrat,0.37080676051452105,0.1382364965492141,0.0998632272780614,0.6417502937509807,0.007309413288459509,TRUE
flavinS4,Flavin (2011),pid,pid_3_Independent,-0.47183083417331445,0.052877517059851796,0.1599422963071307,0.6009434089368948,-0.7881057230592757,-1.2697900080651348,-0.15555594528735317,1.3755450421848385,0.0037383392861320233,0.931465414948951,1,0,Independent,-0.5247083512331663,0.6218637462440578,-1.7435612938715197,0.6941445914051871,0.3987994003750707,FALSE
flavinS4,Flavin (2011),pid,pid_3_Republican,-0.6894568781532437,-0.7798912226598012,0.1446873694312712,0.13653641104089248,-0.9744701917116201,-1.048410554779629,-0.40444356459486736,-0.5113718905399732,3.263426989753916e-6,2.3596828023251045e-8,1,1,Republican,0.09043434450655741,0.19893875040541675,-0.2994856062880594,0.48035429530117424,0.6494086504475762,FALSE
flavinS4,Flavin (2011),white,white_0,-0.5397028117483839,-0.7076855132924149,0.12058358187446465,0.16911042629151915,-0.7772657397435963,-1.0415553164503943,-0.30213988375317147,-0.37381571013443554,1.1872813464123785e-5,4.605056104773912e-5,1,1,Nonwhite,0.16798270154403105,0.20769866754068272,-0.23910668683570707,0.5750720899237691,0.41864122246861485,FALSE
flavinS4,Flavin (2011),white,white_1,-0.39333509872487,-0.7501165172773399,0.07360963297543481,0.10289037726742874,-0.537836247484465,-0.9521862472989893,-0.248833949965275,-0.5480467872556904,1.2041805398655658e-7,9.813283664338368e-13,1,1,White,0.35678141855246986,0.12651010948146413,0.10882160396880017,0.6047412331361396,0.004799655481797436,TRUE
frame_breadth,Hopkins and Mummolo (2017),age,age_3_18 - 39,-0.17919753708531935,-0.186997857574556,0.045494157174630984,0.07534602043564201,-0.2684220121986274,-0.33486661731149625,-0.08997306197201133,-0.039129097837615784,8.484625855253395e-5,0.013246459262453643,1,1,Age: 18 - 39,0.007800320489236651,0.08801557323859348,-0.16471020305840656,0.18031084403687986,0.9293804781092498,FALSE
frame_breadth,Hopkins and Mummolo (2017),age,age_3_40 - 59,-0.24546189656770961,-0.15835294390055246,0.07459142427031727,0.07205108048303034,-0.39186662584054477,-0.29969997370280566,-0.09905716729487443,-0.017005914098299296,0.001040308399037803,0.028137301172113837,1,1,Age: 40 - 59,-0.08710895266715715,0.10370746729838981,-0.2903755885720012,0.11615768323768688,0.40093714863368035,FALSE
frame_breadth,Hopkins and Mummolo (2017),age,age_3_More than 60,-0.3626336744237054,-0.1408420100169064,0.1512554095519405,0.08323885930891634,-0.6605976660581813,-0.3041823365790961,-0.06466968278922958,0.022498316545283253,0.017276242066389537,0.09094924843410934,1,0,Age: More than 60,-0.221791664406799,0.1726467683386365,-0.5601793303505266,0.11659600153692853,0.1989126062095029,FALSE
frame_breadth,Hopkins and Mummolo (2017),educ,educ_3_College,-0.26659372022273903,0.011948509947055905,0.061466570934949186,0.10267164818426423,-0.38720279723413487,-0.1896679040043635,-0.1459846432113432,0.2135649238984753,1.5797193968120603e-5,0.9073913367888649,1,0,College,-0.27854223016979496,0.11966455901132327,-0.5130847658319886,-0.043999694507601356,0.019928467147367478,TRUE
frame_breadth,Hopkins and Mummolo (2017),educ,educ_3_Graduate School,-0.27306977469389193,-0.14186649306399032,0.09818134279962798,0.1268501438827208,-0.4661383727897308,-0.3911273653032719,-0.08000117659805306,0.10739437917529127,0.005693883079927916,0.26397417677484375,1,0,Graduate School,-0.1312032816299016,0.16040740343576737,-0.44560179236400566,0.1831952291042024,0.4133926942931663,FALSE
frame_breadth,Hopkins and Mummolo (2017),educ,educ_3_Less than College,-0.1585033148515905,-0.20862382121793063,0.054870120983707006,0.05414778765941003,-0.2661318071123746,-0.31481125805475263,-0.05087482259080636,-0.10243638438110861,0.003922756173775281,1.2016295229557389e-4,1,1,Less than College,0.050120506366340134,0.07708899457883207,-0.10097392300817074,0.201214935740851,0.51558614742152,FALSE
frame_breadth,Hopkins and Mummolo (2017),female,female_0,-0.22672670615258592,-0.19654745148374284,0.05934365664472378,0.0644238551047311,-0.3431365271516848,-0.3229046489569165,-0.11031688515348703,-0.07019025401056914,1.3884062621719785e-4,0.0023167736054578057,1,1,Men,-0.03017925466884308,0.08759053996021635,-0.2018567129908671,0.14149820365318094,0.7304332660720705,FALSE
frame_breadth,Hopkins and Mummolo (2017),female,female_1,-0.2074659442423769,-0.12431047712639356,0.04886022172431592,0.061885923929559133,-0.3033057396293086,-0.24570012620975704,-0.11162614885544521,-0.0029208280430300937,2.3055194193523016e-5,0.04474296856776076,1,1,Women,-0.08315546711598334,0.07884915248475721,-0.2376998059861075,0.0713888717541408,0.29160162539918166,FALSE
frame_breadth,Hopkins and Mummolo (2017),ideo,ideo_3_Conservative,-0.25882882868049184,-0.14327331722340014,0.09500311771057879,0.07987905061673244,-0.445407258249082,-0.299984514652311,-0.07225039911190168,0.013437880205510705,0.006628774970103464,0.0731132059251932,1,0,Conservative,-0.1155555114570917,0.12412193642608302,-0.3588345068522144,0.127723483938031,0.35186194657744885,FALSE
frame_breadth,Hopkins and Mummolo (2017),ideo,ideo_3_Liberal,-0.18240882798126923,-0.08696289226146063,0.045241126180473296,0.07580739652665458,-0.2711561492242107,-0.23575402905940868,-0.09366150673832772,0.0618282445364874,5.828774176412345e-5,0.2516392811836223,1,0,Liberal,-0.0954459357198086,0.08828092017093471,-0.2684765392548406,0.07758466781522343,0.2796252621184138,FALSE
frame_breadth,Hopkins and Mummolo (2017),ideo,ideo_3_Moderate,-0.21077827121595544,-0.22130868901359196,0.06710917287286121,0.06821410649466242,-0.34247622041398884,-0.3551463748913787,-0.079080322017922,-0.08747100313580522,0.0017363814336416223,0.0012110904146850755,1,1,Moderate,0.010530417797636527,0.09569119817697297,-0.17702433062923048,0.19808516622450353,0.9123730246204731,FALSE
frame_breadth,Hopkins and Mummolo (2017),pid,pid_3_Democrat,-0.16432287983477922,-0.21245082840615648,0.04172223577764883,0.055052610481606985,-0.2461529791667395,-0.32042994101556105,-0.08249278050281895,-0.1044717157967519,8.517814428650786e-5,1.1814408048897093e-4,1,1,Democrat,0.048127948571377255,0.06907629752038874,-0.08726159456858468,0.1835174917113392,0.48596797652470775,FALSE
frame_breadth,Hopkins and Mummolo (2017),pid,pid_3_Independent,-0.3334627903870817,-0.12993738832484047,0.1131429798437331,0.22181246730393014,-0.555849296281763,-0.5715320886827588,-0.11107628449240037,0.31165731203307784,0.0033816718877425966,0.5597022187051146,1,0,Independent,-0.20352540206224123,0.24900221794067715,-0.6915697492259685,0.28451894510148595,0.41372054973469985,FALSE
frame_breadth,Hopkins and Mummolo (2017),pid,pid_3_Republican,-0.2035776712435395,-0.07794460469637586,0.07772384403519635,0.07022269356184235,-0.35615312238489366,-0.21568925813833784,-0.05100222010218536,0.05980004874558613,0.00898568845729741,0.26719208717515097,1,0,Republican,-0.12563306654716366,0.10474837766136497,-0.330939886763439,0.07967375366911167,0.23038037899084893,FALSE
frame_breadth,Hopkins and Mummolo (2017),white,white_0,-0.2312960476993464,-0.15716861810135777,0.07473470803329706,0.08030403552955066,-0.3780242162056216,-0.3148043730266009,-0.08456787919307118,4.6713682388538347e-4,0.0020463929962650043,0.05068112132782754,1,0,Nonwhite,-0.07412742959798863,0.10969965682331687,-0.28913875697168967,0.14088389777571242,0.4992116191931113,FALSE
frame_breadth,Hopkins and Mummolo (2017),white,white_1,-0.21080370491194533,-0.164715092983376,0.04387608889656409,0.052334486318585303,-0.2968453389325284,-0.2673389674223753,-0.12476207089136226,-0.062091218544376686,1.6529729733438096e-6,0.0016671562364541745,1,1,White,-0.046088611928569334,0.06829355485761,-0.17994397944948493,0.08776675559234626,0.499764497341454,FALSE
free_trade,Hiscox (2006),age,age_3_18 - 39,0.268649722934218,0.35742511729874143,0.03780349926040187,0.09407028058609537,0.1945083149765417,0.17263887686060278,0.34279113089189434,0.5422113577368801,1.6852584722987682e-12,1.6134593133205105e-4,1,1,Age: 18 - 39,-0.08877539436452342,0.10138206076953614,-0.28748423347281427,0.1099334447437674,0.3812193003572205,FALSE
free_trade,Hiscox (2006),age,age_3_40 - 59,0.24753280842914668,0.1404821724953322,0.06104310404047573,0.0919604320599891,0.12771951570148568,-0.040095286561587534,0.36734610115680766,0.3210596315522519,5.4740141658052165e-5,0.12709211142261542,1,0,Age: 40 - 59,0.10705063593381448,0.11037654468027261,-0.10928739163951984,0.3233886635071488,0.33211248530521587,FALSE
free_trade,Hiscox (2006),age,age_3_More than 60,0.1876522088368703,0.21301609138707497,0.11447916179272696,0.11507423994881576,-0.03787939318189626,-0.013199631820803748,0.4131838108556369,0.4392318145949537,0.10250765514567263,0.06487849897313734,0,0,Age: More than 60,-0.025363882550204664,0.16231931242018918,-0.34350973489377545,0.2927819697933661,0.8758287311945082,FALSE
free_trade,Hiscox (2006),educ,educ_3_College,0.22111890619707916,0.2689804738621389,0.051367244175710654,0.10676068787556918,0.12032630216265981,0.05899886634579091,0.3219115102314985,0.47896208137848695,1.8266137345629662e-5,0.012202958040088627,1,1,College,-0.04786156766505975,0.11847547530975254,-0.28007349927217473,0.18435036394205523,0.6862283875120829,FALSE
free_trade,Hiscox (2006),educ,educ_3_Graduate School,0.20153214099473202,-0.02987465767997348,0.07803514173385166,0.15034096555426946,0.04807583431849033,-0.3263135735493316,0.3549884476709737,0.2665642581893846,0.010196156374580056,0.8426873544020141,1,0,Graduate School,0.23140679867470548,0.1693868037044573,-0.10059133658603081,0.5634049339354418,0.17189370888789104,FALSE
free_trade,Hiscox (2006),educ,educ_3_Less than College,0.2877111073201625,0.2545815761459007,0.044664543629799734,0.07224928752538252,0.20010085861445404,0.11281168753932277,0.3753213560258709,0.3963514647524786,1.579585146540153e-10,4.4401689216647946e-4,1,1,Less than College,0.03312953117426176,0.084940455647375,-0.13335376189459322,0.19961282424311674,0.696512576528927,FALSE
free_trade,Hiscox (2006),female,female_0,0.21168287773232342,0.12869508442679353,0.041289913508699254,0.08630336269646835,0.13068753217538345,-0.04076251618070306,0.2926782232892634,0.29815268503429015,3.351743067426457e-7,0.13638113060972706,1,0,Men,0.08298779330552988,0.09567197797826713,-0.10452928353187368,0.27050487014293345,0.38571189215636936,FALSE
free_trade,Hiscox (2006),female,female_1,0.3039419096007888,0.29847217560151584,0.04563838322428265,0.07519925887340267,0.21442164330309776,0.15089227043120979,0.39346217589847987,0.4460520807718219,3.810070680565491e-11,7.770599327228227e-5,1,1,Women,0.005469733999272974,0.08796471200677869,-0.16694110153401326,0.1778805695325592,0.9504186908194898,FALSE
free_trade,Hiscox (2006),ideo,ideo_3_Conservative,0.3168660193610596,0.12933990608692839,0.07285802154840816,0.11288622421123798,0.17377731680677483,-0.09254639992148808,0.4599547219153444,0.3512262120953449,1.607069904858271e-5,0.2525429715450976,1,0,Conservative,0.18752611327413124,0.13435620908844592,-0.07581205653922277,0.4508642830874853,0.16279330199479608,FALSE
free_trade,Hiscox (2006),ideo,ideo_3_Liberal,0.21421016869790832,0.2059790880752314,0.04300315135336163,0.13335701271634548,0.1298528188542707,-0.05664228663067178,0.29856751854154595,0.4686004627811346,7.10085946983058e-7,0.1236906724271877,1,0,Liberal,0.008231080622676912,0.14011910600252794,-0.26640236714227783,0.28286452838763165,0.9531564457168274,FALSE
free_trade,Hiscox (2006),ideo,ideo_3_Moderate,0.2775785195992181,0.2785185839605939,0.056182684861760764,0.07566799810268497,0.16732274587542062,0.13001581193234546,0.38783429332301556,0.4270213559888424,9.190753441132642e-7,2.460894254673275e-4,1,1,Moderate,-9.400643613758364e-4,0.09424510605407507,-0.18566047222736298,0.1837803435046113,0.9920414922972572,FALSE
free_trade,Hiscox (2006),pid,pid_3_Democrat,0.22401904858149682,0.16870782431050213,0.0382611564337885,0.08794494004466312,0.14897709987526742,-0.003961791338269155,0.2990609972877262,0.3413774399592734,5.675775448408559e-9,0.055477992655997475,1,0,Democrat,0.05531122427099469,0.09590739581028267,-0.13266727151715932,0.2432897200591487,0.5641320647094238,FALSE
free_trade,Hiscox (2006),pid,pid_3_Independent,0.3318142651680421,0.3220134274756726,0.0842020935795682,0.13542570392391895,0.16630876054965443,0.05544795086026044,0.4973197697864297,0.5885789040910847,9.500354799822447e-5,0.018078820099377526,1,1,Independent,0.009800837692369502,0.159468222058413,-0.30275687754211994,0.32235855292685894,0.9509932652292591,FALSE
free_trade,Hiscox (2006),pid,pid_3_Republican,0.29525066272573725,0.2652691848494375,0.06590359745428644,0.08986097748292958,0.16587810024000635,0.08879817329179285,0.4246232252114681,0.4417401964070822,8.59782547593496e-6,0.0032774412024479506,1,1,Republican,0.029981477876299734,0.11143733410129751,-0.18843569696224338,0.24839865271484285,0.787896294653538,FALSE
free_trade,Hiscox (2006),white,white_0,0.2092349829456874,0.12575532365560008,0.05792512376051958,0.11762197645817506,0.0955085835842222,-0.1054722239623038,0.3229613823071526,0.3569828712735039,3.252117034047094e-4,0.28564127732871053,1,0,Nonwhite,0.08347965929008733,0.13111159105357162,-0.17349905917491304,0.3404583777550877,0.5243157554303152,FALSE
free_trade,Hiscox (2006),white,white_1,0.27201998259713284,0.26456834948108277,0.036406333726155975,0.06502929433700018,0.2006265937988425,0.13698416033772093,0.34341337139542316,0.3921525386244446,1.1247326963576753e-13,5.042888951563314e-5,1,1,White,0.0074516331160500715,0.07452670834907742,-0.13862071524814165,0.1535239814802418,0.9203553798837406,FALSE
gashS5,Gash and Murakami (2009),age,age_3_18 - 39,-0.7147390474321148,-0.7281277232739354,0.06033597125136264,0.21905435869707462,-0.8331199706577311,-1.1608015186970886,-0.5963581242064985,-0.29545392785078217,1.2561695099065546e-30,0.0011045815270416914,1,1,Age: 18 - 39,0.013388675841820574,0.22721188677318774,-0.4319466222336274,0.45872397391726855,0.9530110903827406,FALSE
gashS5,Gash and Murakami (2009),age,age_3_40 - 59,-0.5041418613059826,-0.5052635159561721,0.1232096780000609,0.17956895025253194,-0.746574882608829,-0.8593441275482507,-0.26170884000313616,-0.15118290436409354,5.464608543315393e-5,0.00538300773856083,1,1,Age: 40 - 59,0.0011216546501895408,0.2177742699394834,-0.42571591443119794,0.427959223731577,0.9958904834289154,FALSE
gashS5,Gash and Murakami (2009),age,age_3_More than 60,-0.6988230580618792,-0.9221215514830519,0.259343418661944,0.20457722486392083,-1.2190000814551187,-1.3267955230704238,-0.1786460346686396,-0.5174475798956799,0.009419778629629633,1.4313594331126068e-05,1,1,Age: More than 60,0.2232984934211727,0.33031931480960597,-0.42412736360565495,0.8707243504480003,0.4990355772541421,FALSE
gashS5,Gash and Murakami (2009),educ,educ_3_College,-0.6184726470516055,-0.4111495081646633,0.0863741003003308,0.2221790204164224,-0.7881281416706325,-0.8530546437716438,-0.4488171524325786,0.030755627442317135,2.530601739495799e-12,0.06779463409467053,1,0,College,-0.20732313888694226,0.23837785617773444,-0.6745437369953018,0.2598974592214172,0.3844508031081864,FALSE
gashS5,Gash and Murakami (2009),educ,educ_3_Graduate School,-0.42036482802955943,-0.09771118685713555,0.16822095558027556,0.35628689563612476,-0.7525380686808594,-0.8129869761124314,-0.08819158737825944,0.6175646023981604,0.013448934968603866,0.7850013781423757,1,0,Graduate School,-0.3226536411724239,0.3940033526486391,-1.0949002123637566,0.44959293001890877,0.41283724904007923,FALSE
gashS5,Gash and Murakami (2009),educ,educ_3_Less than College,-0.7538333862398034,-0.8364441593677623,0.07342471703382206,0.14164696870770654,-0.8979645661893003,-1.1150141696985605,-0.6097022062903066,-0.5578741490369641,2.7017889595052575e-23,8.228350966447968e-9,1,1,Less than College,0.08261077312795884,0.15954639706235563,-0.23010016511425818,0.39532171137017585,0.6046081017285911,FALSE
gashS5,Gash and Murakami (2009),female,female_0,-0.7236612785607555,-0.6380909477333788,0.07382042890561781,0.16088246614279111,-0.8685817834872659,-0.9549125876117924,-0.578740773634245,-0.3212693078549652,2.0115704713759143e-21,9.484387206879844e-5,1,1,Men,-0.08557033082737664,0.17701023596390042,-0.43251039331662144,0.26136973166186817,0.6287973795603007,FALSE
gashS5,Gash and Murakami (2009),female,female_1,-0.6283821614666452,-0.740283855794485,0.0759764839270953,0.17420110105548609,-0.7775280748787408,-1.0834716707577916,-0.47923624805454956,-0.39709604083117833,5.841904191310765e-16,3.084812379169364e-5,1,1,Women,0.1119016943278398,0.19004854568995744,-0.26059345522447674,0.48439684388015636,0.5559915251835827,FALSE
gashS5,Gash and Murakami (2009),ideo,ideo_3_Conservative,-0.6428078749360342,-0.5724697162111967,0.10859207357244616,0.19972539341056775,-0.8564003007495032,-0.9666346482050818,-0.42921544912256515,-0.1783047842173116,7.855020226571053e-9,0.004659922213769968,1,1,Conservative,-0.07033815872483751,0.22733779099782248,-0.5159202290805696,0.37524391163089454,0.7570177849851963,FALSE
gashS5,Gash and Murakami (2009),ideo,ideo_3_Liberal,-0.7183077296211146,-0.6151096496643603,0.07012570540229193,0.23694850794292852,-0.8559415331407151,-1.0838503198901945,-0.580673926101514,-0.14636897943852611,2.4628914610122043e-23,0.010509164941334964,1,1,Liberal,-0.10319807995675423,0.24710768902352898,-0.587529150442871,0.38113299052936256,0.6762221104427729,FALSE
gashS5,Gash and Murakami (2009),ideo,ideo_3_Moderate,-0.6379000786711899,-0.8565660878115634,0.1151345116333336,0.18558283390541144,-0.8644923606703697,-1.2227232303516946,-0.4113077966720101,-0.49040894527143225,6.70336137914172e-8,7.359829595946822e-6,1,1,Moderate,0.21866600914037349,0.21839630035650734,-0.2093907395583809,0.6467227578391279,0.3167132327966295,FALSE
gashS5,Gash and Murakami (2009),pid,pid_3_Democrat,-0.6520128392979343,-0.8916203624391262,0.06574031878527307,0.1486629641059632,-0.7810238113453586,-1.184351820720655,-0.52300186725051,-0.5988889041575975,3.846384357991709e-22,6.648180232901747e-9,1,1,Democrat,0.23960752314119194,0.16254988899030423,-0.07899025927980435,0.5582053055621883,0.14046670617134754,FALSE
gashS5,Gash and Murakami (2009),pid,pid_3_Independent,-1.0335583694038428,-1.6166180360153444,0.15909615326441162,0.504941312456541,-1.3476850739812678,-2.7074774207996404,-0.7194316648264178,-0.5257586512310484,9.290834712409478e-10,0.006946215893708016,1,1,Independent,0.5830596666115015,0.5294122354166622,-0.45458831480515616,1.6207076480281593,0.27075134192733696,FALSE
gashS5,Gash and Murakami (2009),pid,pid_3_Republican,-0.6065501646777772,-0.383546843867509,0.10304468647325347,0.19801946197108894,-0.809149285585719,-0.7738446830148304,-0.40395104376983554,0.006750995279812433,8.585194718463685e-9,0.054060058965473876,1,0,Republican,-0.22300332081026825,0.223226151536263,-0.6605265778213437,0.21451993620080723,0.3177938331663205,FALSE
gashS5,Gash and Murakami (2009),white,white_0,-0.6261686514549775,-0.8221342222718432,0.10574935061379699,0.2621074141734735,-0.834126932163715,-1.3415695958703235,-0.4182103707462399,-0.30269884867336294,7.410458387105982e-9,0.0021928911451280756,1,1,Nonwhite,0.19596557081686572,0.28263620029986347,-0.3580013817708667,0.7499325234045982,0.48809046190464406,FALSE
gashS5,Gash and Murakami (2009),white,white_1,-0.6901971682920446,-0.6330747932883186,0.06122188426677123,0.12550152242535248,-0.8103160588049168,-0.8798350717779511,-0.5700782777791724,-0.3863145147986862,4.892322058587897e-28,7.048292255767176e-7,1,1,White,-0.05712237500372597,0.13963792910328907,-0.3308127160461725,0.21656796603872058,0.6824846791986259,FALSE
immigration,Brader (2005),age,age_3_18 - 39,0.34602340269755394,0.08939095004900814,0.06521607863380711,0.2288843495144681,0.21808266016753275,-0.3651280064921861,0.47396414522757513,0.5439099065902023,1.3183147272919772e-7,0.6970225254406778,1,0,Age: 18 - 39,0.2566324526485458,0.2379940805251931,-0.2098359451808327,0.7231008504779243,0.28089345699445945,FALSE
immigration,Brader (2005),age,age_3_40 - 59,0.2552414728034241,0.7209436724882035,0.1296511221548119,0.33084694395346465,2.5818009848138646e-4,0.06493529872885961,0.5102247655083667,1.3769520462475473,0.04976973052798654,0.031560845886026485,1,1,Age: 40 - 59,-0.4657021996847794,0.35534365591543765,-1.1621757652790372,0.2307713659094784,0.19000358964395506,FALSE
immigration,Brader (2005),age,age_3_More than 60,0.4302677211481697,0.553574034665343,0.3605729534559749,0.3004137088718651,-0.2926375251165104,-0.0447517208565168,1.15317296741285,1.151899790187203,0.23797269190007758,0.06927172704024874,0,0,Age: More than 60,-0.12330631351717336,0.46931998811271014,-1.0431734902180851,0.7965608631837385,0.7927556158964082,FALSE
immigration,Brader (2005),educ,educ_3_College,0.3012982390820086,0.8333549479483336,0.09045184131694162,0.3796375039823918,0.12368362896423873,0.07284964156903528,0.47891284919977845,1.5938602543276321,9.144498605992306e-4,0.03231571120519639,1,1,College,-0.5320567088663251,0.39026423103790303,-1.296974601700615,0.23286118396796485,0.17278032750325142,FALSE
immigration,Brader (2005),educ,educ_3_Graduate School,0.5087145616083767,1.1088912883210245,0.1579333431661717,0.5024546224766477,0.19734160489476105,0.0779395607768576,0.8200875183219923,2.1398430158651913,0.0014842731336491154,0.036004513457283414,1,1,Graduate School,-0.6001767267126478,0.5266911699770506,-1.6324914198676668,0.43213796644237135,0.2544850613004733,FALSE
immigration,Brader (2005),educ,educ_3_Less than College,0.2699719034655172,0.23313587786744405,0.08585402336612166,0.203381794770074,0.10146116336442493,-0.16802698172716224,0.4384826435666095,0.6342987374620503,0.0017212582897960316,0.2531064715810823,1,0,Less than College,0.03683602559807314,0.22076020423085105,-0.39585397469439493,0.4695260258905412,0.8674802859057258,FALSE
immigration,Brader (2005),female,female_0,0.19463059354234835,0.3362020692989226,0.08524965824338285,0.24908467904737616,0.027298248637073752,-0.15651204586573308,0.36196293844762295,0.8289161844635783,0.02268065383608762,0.17940634492775426,1,0,Men,-0.14157147575657425,0.2632692187984535,-0.6575791446015431,0.3744361930883946,0.5907537115463188,FALSE
immigration,Brader (2005),female,female_1,0.4217117310086511,0.6084086759689133,0.08023342781828591,0.25286753815499974,0.26424101089023544,0.10859700509381437,0.5791824511270668,1.1082203468440124,1.8469985196758177e-7,0.01739505456759648,1,1,Women,-0.18669694496026223,0.2652911509870662,-0.706667600894912,0.3332737109743875,0.4815924738354328,FALSE
immigration,Brader (2005),pid,pid_3_Democrat,0.3049025810357765,0.5506024952379184,0.06799152417577652,0.3111664919127743,0.17148667246669397,-0.06631533958152458,0.43831848960485903,1.1675203300573613,8.122169854271721e-6,0.07968976410854056,1,0,Democrat,-0.24569991420214188,0.3185081365507761,-0.869975861841663,0.3785760334373792,0.44046478198721256,FALSE
immigration,Brader (2005),pid,pid_3_Independent,0.4658408720861712,0.4584384186207677,0.15535791552126646,0.25171637261539065,0.15996363638655575,-0.046667436269623275,0.7717181077857866,0.9635442735111586,0.002967988996590598,0.07432397419455399,1,0,Independent,0.0074024534654035246,0.2957992801846603,-0.5723641356965306,0.5871690426273377,0.9800348165060973,FALSE
immigration,Brader (2005),pid,pid_3_Republican,0.2587351761763066,0.5548038965805725,0.1267253894685035,0.2818361478473218,0.009590701499629456,-0.003408106278737333,0.5078796508529837,1.1130158994398824,0.04184859834349273,0.05139192992358452,1,0,Republican,-0.2960687204042659,0.30901608140897996,-0.9017402399658666,0.3096027991573348,0.33801166192712656,FALSE
immigration,Brader (2005),white,white_1,0.30649739278647103,0.47154906911988964,0.06841276306752636,0.175099384902543,0.17228501358960738,0.12685998100053147,0.4407097719833347,0.8162381572392479,8.120247025312645e-6,0.007510530650217469,1,1,White,-0.1650516763334186,0.187989629351681,-0.5335113498627133,0.20340799719587616,0.3799530090701963,FALSE
jacobsenS7,"Jacobsen, Snyder and Saultz (2014)",age,age_3_18 - 39,0.46979311304823385,0.42820685252129664,0.05381636881866709,0.16965333140300273,0.36414401873269603,0.09350289372175563,0.5754422073637717,0.7629108113208376,1.6532562182796837e-17,0.01244361904511319,1,1,Age: 18 - 39,0.0415862605269372,0.1779844218154046,-0.3072632062312558,0.3904357272851302,0.815255833474675,FALSE
jacobsenS7,"Jacobsen, Snyder and Saultz (2014)",age,age_3_40 - 59,0.4607701935605323,0.47380583408119953,0.13268064644364808,0.1437054280493579,0.19916126214127622,0.19042497479476894,0.7223791249797884,0.7571866933676301,6.294396120949075e-4,0.0011570761828223403,1,1,Age: 40 - 59,-0.013035640520667247,0.19558988724255028,-0.3963918195160658,0.3703205384747313,0.9468620717411103,FALSE
jacobsenS7,"Jacobsen, Snyder and Saultz (2014)",age,age_3_More than 60,0.5539190795761268,0.8690092771402068,0.3436449361009971,0.1905643213838458,-0.14371722970558976,0.49251250452390605,1.2515553888578435,1.2455060497565076,0.1159675328835577,1.0450686018474895e-5,0,1,Age: More than 60,-0.31509019756407997,0.3929460557027441,-1.0852644667414584,0.45508407161329845,0.4226303051876318,FALSE
jacobsenS7,"Jacobsen, Snyder and Saultz (2014)",educ,educ_3_College,0.4430371473371582,0.5142001917586029,0.0827607211433177,0.1868430177958086,0.28021135523928364,0.14316698802183725,0.6058629394350328,0.8852333954953685,1.6547836897203651e-7,0.007120378881129175,1,1,College,-0.07116304442144467,0.20435178067050663,-0.47169253453563764,0.3293664456927483,0.7276614921092327,FALSE
jacobsenS7,"Jacobsen, Snyder and Saultz (2014)",educ,educ_3_Graduate School,0.48869419644955653,1.030383714644925,0.16324638414295098,0.2661668114590802,0.16500677257909963,0.49778515511481436,0.8123816203200134,1.5629822741750359,0.0034380230822540696,2.7352138071196736e-4,1,1,Graduate School,-0.5416895181953685,0.31224053781986966,-1.153680972322313,0.07030193593157608,0.08276793271625398,FALSE
jacobsenS7,"Jacobsen, Snyder and Saultz (2014)",educ,educ_3_Less than College,0.4663001973040158,0.48252558842447996,0.07125442117420085,0.12180201705840983,0.32634268659110577,0.2430432175488431,0.6062577080169258,0.7220079593001169,1.3489924819125543e-10,8.876675054467536e-5,1,1,Less than College,-0.016225391120464172,0.14111315989789033,-0.2928071845203292,0.2603564022794009,0.9084598512144654,FALSE
jacobsenS7,"Jacobsen, Snyder and Saultz (2014)",female,female_0,0.5016213218474246,0.4172616855415859,0.06679534176218015,0.1386783068863585,0.3703958613472988,0.1442287876121206,0.6328467823475503,0.6902945834710512,2.6377122767270613e-13,0.002871047238739949,1,1,Men,0.0843596363058387,0.15392625013945305,-0.21733581396748924,0.38605508657916665,0.5836559880584955,FALSE
jacobsenS7,"Jacobsen, Snyder and Saultz (2014)",female,female_1,0.41516416838826853,0.6767186978407811,0.07970771084719394,0.13578714188792504,0.25854000210810674,0.4093779890909933,0.5717883346684303,0.9440594065905689,2.84276720134465e-7,1.1184667563923684e-6,1,1,Women,-0.26155452945251256,0.1574530630714797,-0.5701625330726128,0.047053474167587594,0.09668157280757338,FALSE
jacobsenS7,"Jacobsen, Snyder and Saultz (2014)",ideo,ideo_3_Conservative,0.5061582170022478,0.6282759078595219,0.13234818397992643,0.15172997869957128,0.24516528503393703,0.3291245509121177,0.7671511489705587,0.9274272648069262,1.7557190960341677e-4,5.057126900588893e-5,1,1,Conservative,-0.12211769085727409,0.20134057772579475,-0.5167452231998317,0.2725098414852836,0.5441675153206162,FALSE
jacobsenS7,"Jacobsen, Snyder and Saultz (2014)",ideo,ideo_3_Liberal,0.5197470159787191,0.4258906413786306,0.0635277297102842,0.18178104103042006,0.3949633205870169,0.06652197732887954,0.6445307113704213,0.7852593054283816,1.9184470818700803e-15,0.020533916829691686,1,1,Liberal,0.0938563746000885,0.19256198825377294,-0.28356512237730647,0.47127787157748346,0.6259687800472165,FALSE
jacobsenS7,"Jacobsen, Snyder and Saultz (2014)",ideo,ideo_3_Moderate,0.2693633080893496,0.5613120575149758,0.10663944803060427,0.16926698562213763,0.059257795526065304,0.2274281580928978,0.4794688206526339,0.8951959569370538,0.012206517236696813,0.0010934014729338556,1,1,Moderate,-0.2919487494256262,0.20005820227592994,-0.684062825886449,0.10016532703519648,0.14447730942589393,FALSE
jacobsenS7,"Jacobsen, Snyder and Saultz (2014)",pid,pid_3_Democrat,0.4864232996505815,0.5699919055454833,0.05854949360909688,0.13815895458040706,0.3714566091479533,0.29807442067271284,0.6013899901532097,0.8419093904182537,5.57562237287091e-16,4.830925352676555e-5,1,1,Democrat,-0.08356860589490178,0.15005312370168325,-0.37767272835020094,0.21053551656039737,0.577577443578225,FALSE
jacobsenS7,"Jacobsen, Snyder and Saultz (2014)",pid,pid_3_Independent,0.24580624307105825,1.588184578456058,0.172493141722679,0.5638998766609624,-0.09603467660088594,0.2878291310347598,0.5876471627430024,2.888540025877356,0.15698250350195525,0.022617897562251386,0,1,Independent,-1.3423783353849998,0.5896922543493418,-2.4981751539097097,-0.18658151686029,0.022821786870619802,TRUE
jacobsenS7,"Jacobsen, Snyder and Saultz (2014)",pid,pid_3_Republican,0.45767835250516214,0.4342296760818337,0.12226033810750003,0.13531017666142256,0.21672090895526422,0.16766537920688523,0.6986357960550601,0.7007939729567823,2.3196079277680806e-4,0.0015152755423343306,1,1,Republican,0.02344867642332843,0.18236346723591765,-0.3339837193590702,0.38088107220572703,0.8976883358679435,FALSE
jacobsenS7,"Jacobsen, Snyder and Saultz (2014)",white,white_0,0.4316386355633188,0.6764655434473362,0.11004233564241568,0.20491704928926016,0.21473294895909964,0.27152435302187417,0.6485443221675379,1.0814067338727984,1.1805988818957639e-4,0.001206798929685263,1,1,Nonwhite,-0.24482690788401745,0.23259473924200252,-0.7007125967983424,0.2110587810303075,0.29252892001477887,FALSE
jacobsenS7,"Jacobsen, Snyder and Saultz (2014)",white,white_1,0.4626205519473551,0.4927997285416801,0.058771930148164744,0.10777826002682246,0.3472492753095757,0.28090062803498883,0.5779918285851344,0.7046988290483713,1.1823414094424395e-14,6.4855137524008955e-6,1,1,White,-0.030179176594325008,0.12276112213461603,-0.2707909759781724,0.2104326227895224,0.8058087253856457,FALSE
melloS6,Murtagh et al. (2012),age,age_3_18 - 39,-0.3924351217682652,-0.36266023501556555,0.10598797195921825,0.23675121187116963,-0.6010293554444391,-0.8339956912068991,-0.18384088809209134,0.10867522117576806,2.5490504429467696e-4,0.12961288195212814,1,0,Age: 18 - 39,-0.02977488675269968,0.2593927264255794,-0.5381846305468353,0.47863485704143593,0.9086140333033835,FALSE
melloS6,Murtagh et al. (2012),age,age_3_40 - 59,-0.4249575852815163,-0.3988725090879348,0.21914158749634705,0.24525094150653656,-0.8624878815894477,-0.8850024220984458,0.012572711026415051,0.08725740392257625,0.05675480163809279,0.10678214463974713,0,0,Age: 40 - 59,-0.02608507619358147,0.3288936905449263,-0.670716709661637,0.618546557274474,0.9367848007808662,FALSE
melloS6,Murtagh et al. (2012),age,age_3_More than 60,-1.5480597749540939,-0.6489659296699636,1.153855630010127,0.3061449620914149,-4.751676591000627,-1.258332233825715,1.6555570410924394,-0.039599625514212144,0.25081535976844566,0.03716235880440098,0,1,Age: More than 60,-0.8990938452841303,1.1937786866584699,-3.238900071134731,1.4407123805664703,0.4513600695127837,FALSE
melloS6,Murtagh et al. (2012),educ,educ_3_College,-0.21631138269560626,-0.6064167079911003,0.15822619981026484,0.3202031481113067,-0.5292133092643613,-1.2505823536704286,0.09659054387314878,0.03774893768822807,0.17384869250614118,0.06440890859507574,0,0,College,0.390105325295494,0.3571632489027801,-0.309934642553955,1.0901452931449431,0.27473089981250937,FALSE
melloS6,Murtagh et al. (2012),educ,educ_3_Graduate School,-0.8944345366401434,-0.7798605906968785,0.30493518399470426,0.5464311261522407,-1.514829833207898,-1.9010446504907343,-0.2740392400723889,0.3413234690969773,0.006058820538930824,0.1649889538242397,1,0,Graduate School,-0.11457394594326487,0.6257574946142396,-1.3410586353871745,1.1119107435006448,0.8547223786478865,FALSE
melloS6,Murtagh et al. (2012),educ,educ_3_Less than College,-0.48659488943001505,-0.3390047561453873,0.12565567500481403,0.17817225115076055,-0.734421497526702,-0.6904427491715193,-0.23876828133332803,0.012433236880744769,1.472106100195109e-4,0.058586675668620726,1,0,Less than College,-0.14759013328462778,0.218024539309329,-0.5749182303309126,0.27973796376165705,0.49844227277535746,FALSE
melloS6,Murtagh et al. (2012),female,female_0,-0.46753381126743226,-0.500712550069853,0.13242370598999267,0.1898618297594159,-0.7286596170287056,-0.8765022946148779,-0.20640800550615884,-0.1249228055248281,5.145998812998216e-4,0.009427925870883811,1,1,Men,0.03317873880242078,0.23148121372525557,-0.42052444009908013,0.4868819177039217,0.8860277337185892,FALSE
melloS6,Murtagh et al. (2012),female,female_1,-0.34396392704145007,-0.36525165202852616,0.13653411698254664,0.22695485378685049,-0.613543117676161,-0.81387154079129,-0.0743847364067392,0.08336823673423766,0.012711443373023297,0.10974345150965883,1,0,Women,0.021287724987076095,0.2648585863392282,-0.4978351042378112,0.5404105542119634,0.9359398621320559,FALSE
melloS6,Murtagh et al. (2012),white,white_0,-0.06435213516708936,-0.22327888069994897,0.19151628658999478,0.24863055574900603,-0.4454094713144546,-0.7189148351444858,0.3167052009802758,0.27235707374458795,0.7377292434944003,0.37216030775887443,0,0,Nonwhite,0.15892674553285963,0.31384015243636465,-0.4561999532424151,0.7740534443081344,0.6125801408387396,FALSE
melloS6,Murtagh et al. (2012),white,white_1,-0.5124113940407486,-0.5268384936126299,0.10865838696041458,0.1856894108368764,-0.7262893645376705,-0.8930559019427676,-0.2985334235438269,-0.1606210852824922,3.779414840951847e-6,0.0050320772667354794,1,1,White,0.014427099571881263,0.21514460800537266,-0.40725633211864914,0.43611053126241167,0.9465357796995273,FALSE
mental_illness,"McGinty, Webster and Barry (2013)",age,age_3_18 - 39,0.0028164526184409587,0.0750281721132902,0.04481049940437691,0.0799523115938416,-0.08506773166936046,-0.08191471474147503,0.09070063690624239,0.23197105896805542,0.949890703914388,0.3483183198912453,0,0,Age: 18 - 39,-0.07221171949484924,0.09165343957576497,-0.2518524610633486,0.10742902207365009,0.430768129291941,FALSE
mental_illness,"McGinty, Webster and Barry (2013)",age,age_3_40 - 59,0.05016286561511653,0.14336163427597823,0.08800324059782609,0.0700846164251707,-0.12271361581806335,0.005855819448917471,0.22303934704829642,0.28086744910303896,0.568910478927455,0.041024238978246495,0,1,Age: 40 - 59,-0.0931987686608617,0.11250077250926846,-0.3137002827790279,0.12730274545730447,0.40742826204667737,FALSE
mental_illness,"McGinty, Webster and Barry (2013)",age,age_3_More than 60,-0.06546599610188189,0.12910053719098083,0.19930347916283783,0.08007915277570579,-0.4618028214269929,-0.02804964208277702,0.3308708292232292,0.28625071646473865,0.7433708011814748,0.10725510992791802,0,0,Age: More than 60,-0.19456653329286272,0.21478954237971307,-0.6155540363571004,0.22642096977137488,0.3650166659487877,FALSE
mental_illness,"McGinty, Webster and Barry (2013)",educ,educ_3_College,0.0016442844642741937,-0.012219338848098258,0.061544517578022956,0.09556620265507623,-0.11913334402421073,-0.19992282423676805,0.12242191295275913,0.17548414654057154,0.9786910234387917,0.8983026835446188,0,0,College,0.013863623312372451,0.1136689347791325,-0.20892748885472723,0.23665473547947213,0.9029267951904204,FALSE
mental_illness,"McGinty, Webster and Barry (2013)",educ,educ_3_Graduate School,-0.04586772989480386,0.024371134082939467,0.10326551639075301,0.12377316513312948,-0.24908151609126492,-0.21895421752895777,0.15734605630165718,0.26769648569483673,0.6572368430555346,0.8440043002324862,0,0,Graduate School,-0.07023886397774333,0.1611941788109044,-0.38617945444711593,0.2457017264916293,0.66302487417324385,FALSE
mental_illness,"McGinty, Webster and Barry (2013)",educ,educ_3_Less than College,0.013082794635787143,0.15929513566256828,0.05745108501704693,0.05435038016712438,-0.09963145284335162,0.05270418770770231,0.1257970421149259,0.26588608361743427,0.8199017513849223,0.0034192167669553366,0,1,Less than College,-0.14621234102678113,0.07908597216919636,-0.30122084647840597,0.008796164424843739,0.06448999301755538,FALSE
mental_illness,"McGinty, Webster and Barry (2013)",female,female_0,-0.04371782129663352,0.08730355985939343,0.0602745807822056,0.06374916825048677,-0.16197862052417256,-0.03774653736443652,0.0745429779309055,0.2123536570832234,0.4684091571708512,0.1710588992913739,0,0,Men,-0.13102138115602696,0.08773244292221379,-0.302976969283566,0.040934206971512066,0.13532729210673194,FALSE
mental_illness,"McGinty, Webster and Barry (2013)",female,female_1,0.041303058394368396,0.14250882740035486,0.049315947611004066,0.0617997863976383,-0.05544233222730411,0.021283794888368818,0.1380484490160409,0.2637338599123409,0.40245097275754704,0.02125036609309582,0,1,Women,-0.10120576900598646,0.07906501304347592,-0.25617319457119925,0.05376165655922635,0.20053378302536798,FALSE
mental_illness,"McGinty, Webster and Barry (2013)",ideo,ideo_3_Conservative,0.02507095421469623,0.0648870825145048,0.0897180105509395,0.07373885523568283,-0.15119809691595973,-0.07980011782648937,0.2013400053453522,0.20957428285549895,0.7800209593937961,0.37907737341006476,0,0,Conservative,-0.03981612829980857,0.11613242522520349,-0.2674356817412074,0.18780342514159026,0.7317104902529823,FALSE
mental_illness,"McGinty, Webster and Barry (2013)",ideo,ideo_3_Liberal,-0.05321704789102229,-0.0321587217279245,0.04681761857823536,0.08519308693965937,-0.14507124017907969,-0.19937677741136947,0.03863714439703511,0.13505933395552047,0.2558971851121768,0.7059126558327407,0,0,Liberal,-0.021058326163097787,0.09720983217579118,-0.21158959722764853,0.16947294490145293,0.8284986266883101,FALSE
mental_illness,"McGinty, Webster and Barry (2013)",ideo,ideo_3_Moderate,0.07776763566268557,0.2682064417357629,0.0705116045507565,0.07266540042438083,-0.06064679921912475,0.12561331722510005,0.2161820705444959,0.4107995662464258,0.27040750375329636,2.353828797536159e-4,0,1,Moderate,-0.19043880607307734,0.1012528853670742,-0.3888944613925428,0.008016849246388097,0.059995932540847716,FALSE
mental_illness,"McGinty, Webster and Barry (2013)",pid,pid_3_Democrat,-0.010496436469478431,0.0905531737070791,0.04260012035250275,0.059176648284904716,-0.09405847440947426,-0.025524091364502594,0.07306560147051741,0.2066304387786608,0.8054105111082178,0.1261725039730589,0,0,Democrat,-0.10104961017655753,0.07291533416424172,-0.2439636651384713,0.041864444785356225,0.16579315371854106,FALSE
mental_illness,"McGinty, Webster and Barry (2013)",pid,pid_3_Independent,0.08379505440173447,0.07486071532868742,0.10415298110733934,0.1950729892742881,-0.1210146242055395,-0.31274515920834023,0.28860473300900846,0.4624665898657151,0.42160565084743973,0.7020734643453,0,0,Independent,0.008934339073047054,0.22113641630892072,-0.42449303689243756,0.4423617150385316,0.9677726877650339,FALSE
mental_illness,"McGinty, Webster and Barry (2013)",pid,pid_3_Republican,0.02263472085006153,0.14438821480289457,0.08139218627000942,0.06702739244933296,-0.13721080910789898,0.012896917056341078,0.18248025080802202,0.2758795125494481,0.7810348157382205,0.03140676473511793,0,1,Republican,-0.12175349395283304,0.1054388890512832,-0.3284137164933481,0.08490672858768201,0.24820083316096328,FALSE
mental_illness,"McGinty, Webster and Barry (2013)",white,white_0,0.09309867656153739,0.044410076726337115,0.07741077198297376,0.08753552731509284,-0.058954643070883966,-0.12745229310577252,0.24515199619395875,0.21627244655844677,0.22962062932676144,0.6120769739299736,0,0,Nonwhite,0.048688599835200276,0.1168541662129824,-0.18034556594224524,0.2777227656126458,0.6769262211346949,FALSE
mental_illness,"McGinty, Webster and Barry (2013)",white,white_1,-0.012830398376622023,0.14864794689175595,0.04535780584145258,0.05082829862713393,-0.10178605364743015,0.04897206621435435,0.07612525689418612,0.24832382756915755,0.7773063314222222,0.0034848737977458085,0,1,White,-0.16147834526837798,0.0681237586461582,-0.29500091221484803,-0.027955778321907904,0.017770410844514233,TRUE
parmerS15,Parmer (2011),age,age_3_18 - 39,-0.03367502980624111,0.18632363018515818,0.04439977617564566,0.16915915136968684,-0.12076451838642419,-0.14762786139524914,0.053414458773941964,0.5202751217655655,0.4482958654056658,0.2722679803662394,0,0,Age: 18 - 39,-0.21999865999139928,0.17488898940916794,-0.5627810792333685,0.12278375925056989,0.20841592822199037,FALSE
parmerS15,Parmer (2011),age,age_3_40 - 59,-0.03563013664184057,0.017425529385313138,0.09179313959141633,0.1760946554767069,-0.21604219549383633,-0.32981485675131916,0.1447819222101552,0.3646659155219455,0.6980894064265337,0.921272737043484,0,0,Age: 40 - 59,-0.053055666027153704,0.19858325247489866,-0.4422788408779551,0.33616750882364765,0.7893375814612679,FALSE
parmerS15,Parmer (2011),age,age_3_More than 60,-0.31836080352475804,-0.2775445110323321,0.21160972962869312,0.18880901395645724,-0.7391699574904933,-0.6507178921778627,0.10244835044097717,0.0956288701131986,0.1362108865965968,0.14373506526246574,0,0,Age: More than 60,-0.040816292492425965,0.2835974637135147,-0.5966673213709148,0.5150347363860628,0.8855610096454801,FALSE
parmerS15,Parmer (2011),educ,educ_3_College,0.06354994645434048,0.09738011709375405,0.06161969544709932,0.1849009013201359,-0.057426937144283194,-0.27019070940496964,0.18452683005296416,0.46495094359247774,0.30273656911216024,0.5997847202527633,0,0,College,-0.03383017063941357,0.1948982559593387,-0.41583075231971744,0.3481704110408903,0.86219663437175,FALSE
parmerS15,Parmer (2011),educ,educ_3_Graduate School,-0.14214962493210867,0.24086466692883565,0.08535550209576537,0.17738288779637137,-0.3102051018719079,-0.11371867338523836,0.025905852007690577,0.5954480072429097,0.09700917528627383,0.17942322722077295,0,0,Graduate School,-0.3830142918609443,0.19685083342724327,-0.7688419253783412,0.0028133416564524727,0.05168979432761168,FALSE
parmerS15,Parmer (2011),educ,educ_3_Less than College,-0.0910042450095847,-0.044230642101532165,0.05896317335352765,0.13187265233333284,-0.20669747155599344,-0.3035561815983826,0.02468898153682403,0.21509489739531829,0.12301991000598421,0.7375128881254294,0,0,Less than College,-0.04677360290805254,0.14445432581043127,-0.32990408149649786,0.23635687568039276,0.7460931659637278,FALSE
parmerS15,Parmer (2011),female,female_0,-0.06288497956534723,-0.10250144299858471,0.05560760518821237,0.11516875311778954,-0.17200648746668112,-0.329248214867101,0.04623652833598664,0.12424532886993156,0.25838198681006475,0.3742553121911958,0,0,Men,0.03961646343323748,0.12789076373794342,-0.2110494334931316,0.2902823603596066,0.7567374035947535,FALSE
parmerS15,Parmer (2011),female,female_1,-0.027636258062537507,0.11921266418647714,0.05585605454326658,0.1671797519075674,-0.13723414720274138,-0.21007363233081894,0.08196163107766635,0.4484989607037732,0.6208579452218327,0.47647166388211804,0,0,Women,-0.14684892224901464,0.17626391654849882,-0.49232619868407235,0.19862835418604308,0.40477728506859845,FALSE
parmerS15,Parmer (2011),ideo,ideo_3_Conservative,-0.16172423443639192,-0.16396243822625475,0.08967210377565739,0.1628139921988294,-0.33795020354155064,-0.48494865950780963,0.014501734668766808,0.1570237830553001,0.07197442922075983,0.31508468179578075,0,0,Conservative,0.002238203789862836,0.18587491022532532,-0.3620766202517748,0.36655302783150046,0.9903925436190253,FALSE
parmerS15,Parmer (2011),ideo,ideo_3_Liberal,0.009532642337764559,0.2924962451947029,0.04780289907203174,0.1702255929961037,-0.08425854851105521,-0.044007578437666395,0.10332383318658434,0.6290000688270723,0.8419731200833799,0.08792402617706416,0,0,Liberal,-0.28296360285693833,0.17681026460747692,-0.6295117214875932,0.06358451577371643,0.10951431974124534,FALSE
parmerS15,Parmer (2011),ideo,ideo_3_Moderate,-0.041960703333719214,-0.03591956951494661,0.09252758401630047,0.19495751178150406,-0.2237651263127779,-0.4208699173508617,0.13984371964533948,0.34903077832096846,0.6503959042785966,0.8540503976359527,0,0,Moderate,-0.006041133818772602,0.21580033643145424,-0.4290097932244229,0.41692752558687773,0.9776668656159039,FALSE
parmerS15,Parmer (2011),pid,pid_3_Democrat,0.008797176103713214,-0.0019057680661044851,0.045329182807096344,0.12546088356717144,-0.08012963182392183,-0.24893276282682883,0.09772398403134824,0.24512122669461986,0.8461491103699333,0.9878919197681488,0,0,Democrat,0.010702944169817699,0.13339853117412692,-0.25075817693147107,0.2721640652711065,0.9360520648741634,FALSE
parmerS15,Parmer (2011),pid,pid_3_Independent,-0.11576281664833794,0.5044687893424333,0.13786723421278452,0.7756170662463452,-0.38714648355753084,-1.1250421999216067,0.15562085026085498,2.1339797786064736,0.40180791202296906,0.5236434565979139,0,0,Independent,-0.6202316059907713,0.7877748458297397,-2.164270303817061,0.9238070918355183,0.43109403402474805,FALSE
parmerS15,Parmer (2011),pid,pid_3_Republican,-0.11219365104753741,-0.008295146103502807,0.08029377881987758,0.16580530138958266,-0.2699431464290911,-0.33498659960884747,0.04555584433401631,0.3183963074018419,0.16293772035482146,0.9601423485223675,0,0,Republican,-0.1038985049440346,0.1842240182117027,-0.4649775806389719,0.2571805707509027,0.5727683228487632,FALSE
parmerS15,Parmer (2011),white,white_0,0.05146775238953175,0.19542607837074233,0.0876775881411007,0.19213584321341032,-0.1208285299782238,-0.18434483857719058,0.2237640347572873,0.5751969953186753,0.5574827244689387,0.3108000669861562,0,0,Nonwhite,-0.14395832598121058,0.21119550589339886,-0.5579015175322724,0.26998486556985113,0.49546954628688084,FALSE
parmerS15,Parmer (2011),white,white_1,-0.07266297057118969,-0.07718139836113316,0.044054268646088454,0.1217050188570072,-0.1590722695602614,-0.3164995676585489,0.013746328417882037,0.16213677093628256,0.09926011939139173,0.5263621668643589,0,0,White,0.004518427789943477,0.1294329563941356,-0.24917016674256226,0.25820702232244924,0.9721519792637103,FALSE
patriot_act,Chong and Druckman (2010),age,age_3_18 - 39,0.5351681602469559,0.678471020654638,0.061358294190894835,0.12150812469550407,0.41476985639440167,0.4390541720150553,0.6555664640995101,0.9178878692942207,1.048541662360517e-17,6.63786727826022e-8,1,1,Age: 18 - 39,-0.14330286040768214,0.13612150687174515,-0.41010101387630266,0.12349529306093837,0.2924524068178716,FALSE
patriot_act,Chong and Druckman (2010),age,age_3_40 - 59,0.7388467670482356,0.8774118559956566,0.12235729319533657,0.09352774175577747,0.4980463014458015,0.6935120325788233,0.9796472326506698,1.06131167941249,4.6555392888924475e-9,6.159208176255251e-19,1,1,Age: 40 - 59,-0.13856508894742103,0.15400891427454763,-0.4404225609255344,0.16329238303069232,0.368268625358549,FALSE
patriot_act,Chong and Druckman (2010),age,age_3_More than 60,1.1862849708285472,0.8074139806670904,0.3062821993903042,0.10862442013498774,0.5690137575480085,0.5937645290804381,1.803556184109086,1.0210634322537426,3.529473791157856e-4,8.447556963994905e-13,1,1,Age: More than 60,0.37887099016145687,0.3249739225122908,-0.25807789796263303,1.0158198782855468,0.24367492007860198,FALSE
patriot_act,Chong and Druckman (2010),educ,educ_3_College,0.536769564937631,0.8158150074190746,0.08747719974330868,0.11865409791022812,0.36493509833120485,0.5822440447050061,0.708604031544057,1.0493859701331432,1.6296718519980781e-9,4.0426298017116634e-11,1,1,College,-0.2790454424814437,0.1474145699238061,-0.5679779995321037,0.00988711456921626,0.05836719653357426,FALSE
patriot_act,Chong and Druckman (2010),educ,educ_3_Graduate School,0.5295781794917971,0.8012410297963454,0.16303259289916097,0.1668946645490584,0.20781502244127759,0.4714182346375851,0.8513413365423166,1.1310638249551057,0.001391910938284947,3.848547368737472e-6,1,1,Graduate School,-0.2716628503045483,0.23330978419767628,-0.7289500273319938,0.18562432672289725,0.24426726452320724,FALSE
patriot_act,Chong and Druckman (2010),educ,educ_3_Less than College,0.681343029744925,0.8057604693891355,0.07527207123753298,0.07968874004106359,0.5335474722771962,0.6492131966738021,0.8291385872126538,0.9623077421044689,1.4884836113455189e-18,4.4025521178812815e-22,1,1,Less than College,-0.12441743964421048,0.10961833787154615,-0.33926938187244093,0.09043450258401997,0.25637292502713366,FALSE
patriot_act,Chong and Druckman (2010),female,female_0,0.4960925955011319,0.7280069744728621,0.07311453753118849,0.09021981468615203,0.352575489195412,0.5507442078021643,0.6396097018068518,0.90526974114356,2.2440975787994653e-11,5.434868283712307e-15,1,1,Men,-0.23191437897173023,0.11612644212410533,-0.4595222055349767,-0.004306552408483766,0.04581594702723884,TRUE
patriot_act,Chong and Druckman (2010),female,female_1,0.7384146523665231,0.8783377401702865,0.07965940893478188,0.08336928084738453,0.581963592488691,0.7145068308529914,0.8948657122443553,1.0421686494875817,3.485857774315794e-19,2.1178660799177815e-23,1,1,Women,-0.1399230878037634,0.1153085357675176,-0.36592781790809786,0.08608164230057108,0.2249513740725706,FALSE
patriot_act,Chong and Druckman (2010),pid,pid_3_Democrat,0.5555527613205463,0.7466667639412009,0.06987772847807355,0.09328078035589184,0.41838997624267493,0.5632998199770858,0.6927155463984177,0.930033707905316,6.235406024888011e-15,1.2407939424936399e-14,1,1,Democrat,-0.1911140026206546,0.11655128022059436,-0.4195545118530195,0.03732650661171033,0.10105886989438063,FALSE
patriot_act,Chong and Druckman (2010),pid,pid_3_Independent,0.6087872314807574,0.8916057296697819,0.12084952835644186,0.12661681970287872,0.3708272935863349,0.6420097096934699,0.8467471693751799,1.141201749646094,8.791033804167734e-7,2.631346397638825e-11,1,1,Independent,-0.2828184981890245,0.17503264705661553,-0.625882486419991,0.06024549004194196,0.10613663845816616,FALSE
patriot_act,Chong and Druckman (2010),pid,pid_3_Republican,0.688331112117713,0.8095427961564782,0.10586349620478148,0.10050396998403714,0.48005965398696127,0.6118335296758277,0.8966025702484648,1.0072520626371286,3.0198447492194554e-10,1.4658897911115174e-14,1,1,Republican,-0.12121168403876514,0.14597303795993294,-0.4073188384402337,0.1648954703627034,0.4063294185489988,FALSE
patriot_act,Chong and Druckman (2010),white,white_0,0.5160157408420333,0.850037878440538,0.09458341037494725,0.11723073969171896,0.33012316440202666,0.6191827101283954,0.70190831728204,1.0808930467526807,8.166772870716538e-8,4.857058136821522e-12,1,1,Nonwhite,-0.33402213759850474,0.15062890773959442,-0.6292547967681098,-0.03878947842889968,0.026587794454769904,TRUE
patriot_act,Chong and Druckman (2010),white,white_1,0.6427825374775162,0.7882172970059642,0.06428360808770507,0.0723823471698195,0.5166294323168422,0.6461037257423354,0.7689356426381903,0.930330868269593,1.8576548593028032e-22,1.3033689639838226e-25,1,1,White,-0.14543475952844798,0.09680695455692188,-0.3351763904600149,0.044306871403118925,0.13301519102451356,FALSE
pedullaS18,Pedulla (2014),age,age_3_18 - 39,0.03736528654459933,0.2036784160928903,0.09171161549632262,0.20530340067984998,-0.14318075580191084,-0.20513288289904366,0.2179113288911095,0.6124897150848243,0.6840153857264737,0.3242634989273062,0,0,Age: 18 - 39,-0.16631312954829097,0.22485663598759179,-0.6070321360839709,0.27440587698738894,0.4595180121092783,FALSE
pedullaS18,Pedulla (2014),age,age_3_40 - 59,-0.013870167905147581,-0.13036175160146873,0.13765748593928143,0.25212896983895855,-0.28985681032885147,-0.6304000973417436,0.26211647451855635,0.3696765941388061,0.9201153123751367,0.6062340151384992,0,0,Age: 40 - 59,0.11649158369632115,0.2872605104555409,-0.44653901679653896,0.6795221841891813,0.6850909673083401,FALSE
pedullaS18,Pedulla (2014),educ,educ_3_College,0.23940971635320793,-0.09481600198929516,0.11367487084611577,0.3236343705223157,0.014360326344589863,-0.7409728709241796,0.46445910636182597,0.5513408669455893,0.0372631005070244,0.7704622635906467,1,0,College,0.3342257183425031,0.34301775762379505,-0.3380890866001352,1.0065405232851414,0.3298735745641631,FALSE
pedullaS18,Pedulla (2014),educ,educ_3_Graduate School,-0.06241575557316484,0.2970414849086535,0.2791725504091556,0.31006761226461466,-0.6317919259974167,-0.34438224094700404,0.5069604148510871,0.938465210764311,0.8245555434760978,0.3480307105774054,0,0,Graduate School,-0.3594572404818184,0.41722803965868827,-1.1772241982128473,0.45830971724921066,0.38894255408973333,FALSE
pedullaS18,Pedulla (2014),educ,educ_3_Less than College,-0.08991631454467426,0.09369398103157982,0.1064050738647512,0.16500266724620324,-0.2998176340377453,-0.23190667884368915,0.11998500494839677,0.4192946409068488,0.3991638461244582,0.5708598288528437,0,0,Less than College,-0.18361029557625408,0.19633624205053032,-0.5684293299952935,0.20120873884278534,0.34969405116489855,FALSE
pedullaS18,Pedulla (2014),female,female_0,-0.08058709447191614,0.1059321910638583,0.11788016466589413,0.20411378086261792,-0.3132368564737593,-0.2977420570262443,0.15206266752992706,0.5096064391539609,0.49510938268856775,0.6046202535482806,0,0,Men,-0.18651928553577446,0.23570780377342435,-0.6485065809316861,0.27546800986013725,0.4287597894941952,FALSE
pedullaS18,Pedulla (2014),female,female_1,0.1337563754204036,0.04908217288793434,0.098927944307171,0.18386221823744567,-0.06155419186373273,-0.3145407161963383,0.32906694270453996,0.4127050619722069,0.17818479862253006,0.7899143680022442,0,0,Women,0.08467420253246927,0.20878710079896418,-0.3245485150335005,0.49389692009843905,0.6850711831856878,FALSE
pedullaS18,Pedulla (2014),ideo,ideo_3_Conservative,-0.06830006922989383,-0.13495736120190188,0.13298107920509672,0.2581923006790034,-0.3337314142505665,-0.6474650274056126,0.19713127579077883,0.3775503050018089,0.6092161598217963,0.6023866216362248,0,0,Conservative,0.06665729197200805,0.2904259484902634,-0.5025775670689081,0.6358921510129243,0.8184681807104548,FALSE
pedullaS18,Pedulla (2014),ideo,ideo_3_Liberal,0.010928011076783048,0.4481152067001546,0.09634048479113741,0.27007064263581626,-0.17903397806252458,-0.09066098358123231,0.20089000021609066,0.9868913969815415,0.9098014063474646,0.10160405050166188,0,0,Liberal,-0.43718719562337155,0.28673967465893896,-0.9991969579548918,0.12482256670814879,0.1273381071571547,FALSE
pedullaS18,Pedulla (2014),ideo,ideo_3_Moderate,0.10692931768735947,0.05892978789637863,0.20884173014172225,0.180565993139046,-0.30948926505813346,-0.2991802720617013,0.5233479004328524,0.4170398478544586,0.6102321110222952,0.7448130658716602,0,0,Moderate,0.04799952979098084,0.2760777899920201,-0.4931129385933785,0.5891119981753402,0.8619736524017558,FALSE
pedullaS18,Pedulla (2014),pid,pid_3_Democrat,0.026946671644324707,0.2621400194415901,0.08916190535381661,0.16281599266438526,-0.1488155751254169,-0.059659206209504045,0.20270891841406632,0.5839392450926842,0.7627806806605006,0.10956433680550488,0,0,Democrat,-0.2351933477972654,0.18563106645605446,-0.5990302380511321,0.12864354245660134,0.20515762717819033,FALSE
pedullaS18,Pedulla (2014),pid,pid_3_Independent,0.03219860406552174,-2.0166494125247647,0.23965799746463534,0.7514112923907087,-0.44993109887343063,-4.407975503742032,0.5143283070044741,0.3746766786925022,0.893697683687364,0.07480592573043297,0,0,Independent,2.0488480165902865,0.7887045619755437,0.5029870751182208,3.594708958062352,0.009383999291752858,TRUE
pedullaS18,Pedulla (2014),pid,pid_3_Republican,0.012273092417487409,-0.09024256931037888,0.17548949251722104,0.2382060064880694,-0.33683141162950003,-0.5618738842293681,0.36137759646447487,0.38138874560861036,0.9444146057373051,0.7054742521923454,0,0,Republican,0.10251566172786629,0.29586933519874264,-0.4773882352616693,0.6824195587174019,0.7289747628758474,FALSE
pedullaS18,Pedulla (2014),white,white_0,0.301861913114264,0.21417430400606416,0.18300138217930179,0.2163679248187118,-0.06361708452415243,-0.21714727111427282,0.6673409107526804,0.6454958791264012,0.10386894601429345,0.3255567257251597,0,0,Nonwhite,0.08768760910819987,0.2833806358414255,-0.46773843714099406,0.6431136553573937,0.756991395735763,FALSE
pedullaS18,Pedulla (2014),white,white_1,-0.040167179460154245,0.01123615591652627,0.08383769808254825,0.1744947768449051,-0.20520714147784494,-0.33287059381277373,0.12487278255753645,0.35534290564582627,0.6322409227930004,0.9487226608150436,0,0,White,-0.051403335376680515,0.19359025483203884,-0.43084023484747663,0.3280335640941156,0.7906039277622035,FALSE
piazzaS8,Piazza (2015),age,age_3_18 - 39,-0.10560693809368857,0.2179283420069831,0.0797709447793011,0.19766166786897332,-0.2622472366355996,-0.17293400951401475,0.05103336044822249,0.608790693527981,0.1860099169637939,0.27216343089203376,0,0,Age: 18 - 39,-0.3235352801006717,0.21315144516452764,-0.7413121126231459,0.09424155242180249,0.12904824345535978,FALSE
piazzaS8,Piazza (2015),age,age_3_40 - 59,0.1419263175439865,-0.2520582550904285,0.14459069893579019,0.1763405272010884,-0.14333232688806152,-0.6001428092170988,0.4271849619760345,0.09602629903624177,0.3275922008992487,0.15471834888865466,0,0,Age: 40 - 59,0.393984572634415,0.22804046077899887,-0.052974730492422795,0.8409438757612528,0.08404275624843781,FALSE
piazzaS8,Piazza (2015),age,age_3_More than 60,0.43554311423980613,0.06103595064064591,0.4044878698871585,0.20562191143676045,-0.41105972715039524,-0.3457920371217609,1.2821459556300074,0.46786393840305274,0.2950627669863223,0.7670692608462355,0,0,Age: More than 60,0.3745071635991602,0.45375192269428216,-0.5148466048816329,1.2638609320799532,0.4091691425332761,FALSE
piazzaS8,Piazza (2015),educ,educ_3_College,-0.007096769910204729,0.2226310249217354,0.1126917927815463,0.24015521263505235,-0.22888789967785772,-0.2547817370820905,0.21469435985744828,0.7000437869255612,0.9498294678063608,0.35650545865660344,0,0,College,-0.2297277948319401,0.2652809196231538,-0.7496783972933216,0.29022280762944136,0.38650149339173934,FALSE
piazzaS8,Piazza (2015),educ,educ_3_Graduate School,-0.1081458751978363,-0.07831946800652034,0.2063362703203785,0.29940718853271153,-0.5177201346818443,-0.6785947390303703,0.30142838428617175,0.5219558030173296,0.6014000493568347,0.7946390574566871,0,0,Graduate School,-0.029826407191315962,0.36361974780639594,-0.7425211128918521,0.68286829850922,0.9346257455916126,FALSE
piazzaS8,Piazza (2015),educ,educ_3_Less than College,-0.043938988454506056,-0.02550870089092741,0.09620207320467189,0.13464220837334295,-0.23298363552896223,-0.29048234878993784,0.14510565861995012,0.23946494700808305,0.6480738004164237,0.849865272965189,0,0,Less than College,-0.018430287563578646,0.1654791925425301,-0.3427695049469376,0.30590892981978035,0.9113187801896945,FALSE
piazzaS8,Piazza (2015),female,female_0,-0.11952034328028885,-0.1569001626283086,0.0998990156057874,0.17048704872035733,-0.31585159859134143,-0.4928638095626373,0.07681091203076373,0.17906348430602007,0.23217158528773993,0.35840318664299253,0,0,Men,0.03737981934801976,0.19759971432262458,-0.3499156207243244,0.42467525942036394,0.8499600500961838,FALSE
piazzaS8,Piazza (2015),female,female_1,0.060356556715415344,0.17207926891179642,0.0936364601401002,0.14502610658485637,-0.12371222398765713,-0.11377576141981094,0.24442533741848782,0.4579342992434038,0.519558208712775,0.23671861215985032,0,0,Women,-0.11172271219638108,0.1726278026817543,-0.4500732054526195,0.22662778105985731,0.5175100149963564,FALSE
piazzaS8,Piazza (2015),ideo,ideo_3_Conservative,0.12467971573289037,-0.06501236933365949,0.14778925898869003,0.1988365232705279,-0.166899705055577,-0.45756954242309517,0.41625913652135776,0.32754480375577616,0.3999706178355741,0.7441046262468723,0,0,Conservative,0.18969208506654986,0.24774508685085417,-0.2958882851611243,0.675272455294224,0.4438700286470003,FALSE
piazzaS8,Piazza (2015),ideo,ideo_3_Liberal,-0.16207200844128244,0.34339407392064997,0.08666646445885808,0.19894576363737954,-0.3323609894975833,-0.05050469246733863,0.008216972615018442,0.7372928403086385,0.06207806757411776,0.08690881478348199,0,0,Liberal,-0.5054660823619324,0.21700343990604987,-0.9307928245777901,-0.0801393401460746,0.019843185752731383,TRUE
piazzaS8,Piazza (2015),ideo,ideo_3_Moderate,0.1073774041383423,-0.05911279917323343,0.14903945846555197,0.1749087359027765,-0.18665806426789205,-0.4047159028639175,0.40141287254457664,0.28649030451745067,0.4721493601898443,0.7358630905910262,0,0,Moderate,0.16649020331157574,0.22979518287991202,-0.2839083551330518,0.6168887617562033,0.4687492307040465,FALSE
piazzaS8,Piazza (2015),pid,pid_3_Democrat,-0.06772641237386388,0.22816001655982363,0.08158138710890651,0.1367451478203046,-0.22797757213368636,-0.04124893452946274,0.0925247473859586,0.49756896764910996,0.4068048959935512,0.09655289637081726,0,0,Democrat,-0.2958864289336875,0.15923177501682953,-0.6079807079666734,0.01620785009929837,0.06313888443843678,FALSE
piazzaS8,Piazza (2015),pid,pid_3_Independent,0.09907638306152221,-0.2548132871459589,0.224238099481274,0.669273253088038,-0.3459741721666727,-1.7688145704883198,0.5441269382897171,1.2591879961964019,0.6595916171231773,0.7122336266662159,0,0,Independent,0.35388967020748113,0.7058395090656364,-1.0295557675611662,1.7373351079761286,0.6161078425872657,FALSE
piazzaS8,Piazza (2015),pid,pid_3_Republican,0.036545092588318256,-0.230600049387936,0.14145122535813429,0.17841682028338024,-0.24230894789344062,-0.5824857512993882,0.31539913307007716,0.12128565252351625,0.7963846695093423,0.19772850553644844,0,0,Republican,0.2671451419762543,0.22768621151784685,-0.17911983259872555,0.7134101165512341,0.24067392010362415,FALSE
piazzaS8,Piazza (2015),white,white_0,-0.22211498982940217,-0.037736790766809,0.13437660383135527,0.2128000504851974,-0.4870600840666828,-0.45967998113321573,0.042830104407878405,0.3842063995995977,0.09988343998819561,0.8595872913299611,0,0,Nonwhite,-0.18437819906259317,0.2516762466816278,-0.6776636425585836,0.3089072444333973,0.4638019929697235,FALSE
piazzaS8,Piazza (2015),white,white_1,0.025965576126077645,0.041734314726730344,0.0799088874263046,0.13369851594785898,-0.13094468953352664,-0.22126296144850882,0.18287584178568192,0.3047315909019695,0.7453310447925064,0.7551194740659539,0,0,White,-0.0157687386006527,0.1557585421618016,-0.3210554812377838,0.2895180040364784,0.9193612501479975,FALSE
polarization,Levendusky and Malhotra (2015),age,age_3_18 - 39,0.33778795671760786,0.2009487174635875,0.06539196132641197,0.14728614797826373,0.2094980460784386,-0.08874903759869068,0.46607786735677714,0.4906464725258657,2.7863295537361715e-7,0.17335434743890318,1,0,Age: 18 - 39,0.13683923925402036,0.16114998601424066,-0.17901473333389134,0.45269321184193206,0.395802220681496,FALSE
polarization,Levendusky and Malhotra (2015),age,age_3_40 - 59,0.4459299755732758,0.03801975061164329,0.08956912864872392,0.1282062588387256,0.2700067626123311,-0.21403219861917486,0.6218531885342204,0.29007169984246145,8.481458787809589e-7,0.7669648532179825,1,0,Age: 40 - 59,0.4079102249616325,0.1563952480490183,0.10137553878555661,0.7144449111377084,0.009101952017413683,TRUE
polarization,Levendusky and Malhotra (2015),age,age_3_More than 60,0.12592556790074858,0.252154311405969,0.16501444600651827,0.14016036725173908,-0.200041845178716,-0.023635162516084496,0.45189298098021313,0.5279437853280224,0.4465526512597884,0.07298776520095535,0,0,Age: More than 60,-0.12622874350522043,0.2165056487461251,-0.5505798150476257,0.29812232803718475,0.5598747990513999,FALSE
polarization,Levendusky and Malhotra (2015),educ,educ_3_College,0.35652843869677736,0.14043284490636984,0.08557880782852223,0.15680152252208546,0.1885048683684431,-0.16856948052447654,0.5245520090251117,0.44943517033721625,3.48865757355381e-5,0.3714273771847666,1,0,College,0.21609559379040752,0.1786349624642254,-0.1340289326394742,0.5662201202202892,0.22639213954360007,FALSE
polarization,Levendusky and Malhotra (2015),educ,educ_3_Graduate School,0.46846499735243197,0.06922264804309851,0.12559960910707751,0.21430667219557545,0.22108706515017784,-0.35488395604238465,0.7158429295546861,0.4933292521285817,2.3751070410356568e-4,0.7472250333796978,1,0,Graduate School,0.39924234930933344,0.24840010377492297,-0.08762185408951556,0.8861065527081824,0.10799840559183331,FALSE
polarization,Levendusky and Malhotra (2015),educ,educ_3_Less than College,0.34512489010916925,0.17982316745840018,0.07132527178661084,0.1008882031460193,0.2051665730931213,-0.018257548050376687,0.4850832071252172,0.37790388296717703,1.504740176291087e-6,0.07511854436647251,1,0,Less than College,0.16530172265076906,0.123554538279524,-0.07686517237709797,0.40746861767863607,0.18093403524422283,FALSE
polarization,Levendusky and Malhotra (2015),female,female_0,0.2994482418327941,0.14416186218173344,0.07248899990313146,0.11761187278907831,0.15719380692860638,-0.08686529032376195,0.4417026767369818,0.3751890146872288,3.926302624927657e-5,0.22082404725693455,1,0,Men,0.15528637965106068,0.1381564610429441,-0.11550028399310974,0.4260730432952311,0.26101757839843237,FALSE
polarization,Levendusky and Malhotra (2015),female,female_1,0.4202081245334728,0.17697144307658724,0.07058048105243803,0.11074103888636956,0.28170841755782017,-0.040600524244416736,0.5587078315091254,0.3945434103975912,3.6056413268858994e-9,0.11065634070358416,1,0,Women,0.24323668145688554,0.13132091226924208,-0.014152306590828945,0.5006256695046001,0.06399264069122082,FALSE
polarization,Levendusky and Malhotra (2015),ideo,ideo_3_Conservative,0.13482930582536218,-3.6925928239200234e-4,0.11816693851667762,0.13157708180830122,-0.09748365852513147,-0.25906885643189775,0.3671422701758558,0.25833033786711374,0.25455654876038736,0.9977622650133113,0,0,Conservative,0.1351985651077542,0.1768500885371355,-0.2114276084250314,0.48182473864053976,0.44458054531021657,FALSE
polarization,Levendusky and Malhotra (2015),ideo,ideo_3_Liberal,0.47540289031258975,0.06845318805834091,0.06730903169690527,0.13539681181798977,0.3433104308615277,-0.19793997404386546,0.6074953497636518,0.3348463501605473,3.1578611297355867e-12,0.6135077837872323,1,0,Liberal,0.40694970225424887,0.15120450521876366,0.11058887202547207,0.7033105324830257,0.007115579307116463,TRUE
polarization,Levendusky and Malhotra (2015),ideo,ideo_3_Moderate,0.3368490559819189,0.4034722545820516,0.09480126213686844,0.14841067302730157,0.15068994496243565,0.11157162790964453,0.5230081670014022,0.6953728812544586,4.0855473091347476e-4,0.0068857886857926764,1,1,Moderate,-0.06662319860013272,0.1761051026266981,-0.41178919974846095,0.2785428025481955,0.7051966175776148,FALSE
polarization,Levendusky and Malhotra (2015),pid,pid_3_Democrat,0.41195928023308903,0.18073311554640611,0.06199968477960605,0.11328797508040958,0.29031809764535177,-0.041884185886647746,0.5336004628208263,0.40335041697945995,4.6233721497001565e-11,0.11131215810971638,1,0,Democrat,0.23122616468668292,0.12914381986990325,-0.02189572225832745,0.48434805163169325,0.07338083672109053,FALSE
polarization,Levendusky and Malhotra (2015),pid,pid_3_Independent,0.2215679305714295,0.2026764073827161,0.14356125101521794,0.26666406306977214,-0.061002711516184555,-0.3392501706231821,0.5041385726590436,0.7446029853886142,0.1238470914666799,0.4524666933423416,0,0,Independent,0.0188915231887134,0.30285236556106643,-0.5746991133109769,0.6124821596884036,0.9502612927954504,FALSE
polarization,Levendusky and Malhotra (2015),pid,pid_3_Republican,0.3301843136637923,0.13628350561995844,0.10575791375880263,0.11523326049476124,0.12240758187944636,-0.09007129525777113,0.5379610454481383,0.362638306497688,0.00189811493513023,0.23745268676323844,1,0,Republican,0.19390080804383386,0.15640793025568694,-0.11265873525731257,0.5004603513449803,0.21508188970637393,FALSE
polarization,Levendusky and Malhotra (2015),white,white_0,0.39946164853750366,0.11198728222844374,0.10989906554839868,0.16830870810404922,0.1835096905941015,-0.2193552765385388,0.6154136064809058,0.44332984099542627,3.0875593445058903e-4,0.5063746329937917,1,0,Nonwhite,0.2874743663090599,0.20101150671557405,-0.10650818685346519,0.681456919471585,0.15267717002003556,FALSE
polarization,Levendusky and Malhotra (2015),white,white_1,0.3474021953905101,0.18484264909673953,0.0564690097178342,0.08542718144790168,0.23663624385825086,0.017146556056436585,0.4581681469227693,0.3525387421370425,9.77352513630351e-10,0.030788812664798843,1,1,White,0.16255954629377056,0.10240386901209139,-0.038152036969928554,0.36327112955746965,0.11241402389295375,FALSE
shaferS9,Shafer (2017),age,age_3_18 - 39,-0.053096981328508416,-0.25353104738113874,0.06460740351431718,0.11875271195190837,-0.1799624891926095,-0.4872508019141363,0.07376852653559267,-0.019811292848141204,0.4114704207594012,0.033597449223081784,0,1,Age: 18 - 39,0.2004340660526303,0.13518995223312538,-0.06453824032429545,0.46540637242955607,0.13817787983048677,FALSE
shaferS9,Shafer (2017),age,age_3_40 - 59,-0.015018713979129872,-0.058523368318328425,0.13817291888617397,0.1488203776089705,-0.2879363659937609,-0.35123579331357485,0.2578989380355012,0.23418905667691797,0.9135831537668434,0.6943796599072212,0,0,Age: 40 - 59,0.043504654339198555,0.2030745190938582,-0.35452140308476354,0.4415307117631606,0.830367702056301,FALSE
shaferS9,Shafer (2017),age,age_3_More than 60,-0.34245968688674494,-0.07696038588493911,0.3248822199093939,0.15014629585354608,-1.0059576961497017,-0.3728121298292294,0.3210383223762118,0.21889135805935114,0.3002512973797739,0.6087488145676918,0,0,Age: More than 60,-0.26549930100180585,0.35789993988794744,-0.9669831831821828,0.4359845811785711,0.4581930699428843,FALSE
shaferS9,Shafer (2017),educ,educ_3_College,-0.05386402710375013,-0.28023362483791203,0.09166807846894429,0.17441210600403756,-0.23428051488115537,-0.6245554216672022,0.1265524606736551,0.06408817199137817,0.5572574762797111,0.1099909212274257,0,0,College,0.2263695977341619,0.1970345637977057,-0.15981814730934127,0.612557342777665,0.25060436033043804,FALSE
shaferS9,Shafer (2017),educ,educ_3_Graduate School,-0.06808299656701462,-0.36703003371546594,0.175001628946012,0.28140097236407485,-0.41586196010036924,-0.9274886427003689,0.27969596696634,0.19342857526943702,0.6981848128010781,0.19606910718977744,0,0,Graduate School,0.29894703714845133,0.33137905392647327,-0.3505559085474363,0.9484499828443389,0.3669877320593635,FALSE
shaferS9,Shafer (2017),educ,educ_3_Less than College,-0.046798087226017575,-0.07331239865884255,0.08203200303625649,0.09471742309597636,-0.20800667643476456,-0.25931824508933266,0.1144105019827294,0.11269344777164757,0.5686299074770351,0.4392188770123604,0,0,Less than College,0.026514311432824976,0.12530219375606555,-0.2190779883290635,0.27210661119471347,0.83241682267054,FALSE
shaferS9,Shafer (2017),female,female_0,-0.0072661567925424,0.006811562837635369,0.07555332518515546,0.1225002825208699,-0.15576690671508098,-0.23397189292469572,0.1412345931299962,0.24759501859996647,0.9234284320373172,0.95568309812668,0,0,Men,-0.01407771963017777,0.14392575921018028,-0.29617220768213115,0.2680167684217756,0.922081284549632,FALSE
shaferS9,Shafer (2017),female,female_1,-0.10140505154218951,-0.2748902708995907,0.08839452925432519,0.10412400701039635,-0.2751718779169486,-0.47952992899929753,0.07236177483256956,-0.07025061279988393,0.25197827492834385,0.008583215549283332,0,1,Women,0.17348521935740122,0.13658477820751044,-0.09422094592931926,0.44119138464412166,0.20402582411462722,FALSE
shaferS9,Shafer (2017),ideo,ideo_3_Conservative,-0.06481804035327714,-0.15492495200517012,0.1265859783497427,0.10891038504069069,-0.31473306097615594,-0.3691932512377597,0.18509698026960164,0.05934334722741949,0.6092942117130369,0.15585234880599536,0,0,Conservative,0.09010691165189298,0.16698946638777257,-0.23719244246814125,0.41740626577192724,0.589475413267917,FALSE
shaferS9,Shafer (2017),ideo,ideo_3_Liberal,-0.08507949894745637,-0.13520142267231053,0.07700318131463074,0.16746833686752358,-0.23640372460377654,-0.4651772293124906,0.0662447267088638,0.19477438396786959,0.26979169004373904,0.4203168421448038,0,0,Liberal,0.05012192372485416,0.18432344882230328,-0.31115203596686025,0.41139588341656863,0.7856806479375634,FALSE
shaferS9,Shafer (2017),ideo,ideo_3_Moderate,0.03148800386870182,-0.11546973887325133,0.12323760196805458,0.1387609094783449,-0.2114533363507771,-0.38848844690161466,0.27442934408818076,0.15754896915511196,0.7985820318738984,0.4059573175705746,0,0,Moderate,0.14695774274195317,0.18558581987343237,-0.21679046420997428,0.5107059496938806,0.42844308110403423,FALSE
shaferS9,Shafer (2017),pid,pid_3_Democrat,-0.063649672550403,-0.15720490952581806,0.07313680197860573,0.1158880509993243,-0.20732894625899645,-0.38494711398589027,0.08002960115819045,0.07053729493425415,0.38454687804744914,0.17560522586436234,0,0,Democrat,0.09355523697541505,0.13703660886084337,-0.17503651639183793,0.36214699034266806,0.4947948426949523,FALSE
shaferS9,Shafer (2017),pid,pid_3_Independent,0.03146759518376289,-0.6080524218864072,0.16587629804972048,0.4237931596570734,-0.2969011042792744,-1.4791717374570006,0.3598362946468002,0.26306689368418623,0.8498554178860067,0.1632684677811913,0,0,Independent,0.63952001707017,0.45509953683431215,-0.2524750751250817,1.5315151092654218,0.15995257270254432,FALSE
shaferS9,Shafer (2017),pid,pid_3_Republican,-0.06700003379091196,-0.07421548067080935,0.11393551562700023,0.1083229075987388,-0.29173350764969774,-0.287197510870129,0.15773344006787385,0.1387665495285103,0.5571918927823547,0.4936751190028543,0,0,Republican,0.007215446879897391,0.1572105404603499,-0.30091721242238845,0.31534810618218323,0.9633925749574694,FALSE
shaferS9,Shafer (2017),white,white_0,-0.2567776951127894,-0.0718154922891317,0.12618117967969492,0.17856725199018073,-0.5055863516737605,-0.4237368311281838,-0.00796903855181827,0.2801058465499204,0.04316464117586656,0.6879448458442892,1,0,Nonwhite,-0.18496220282365772,0.21865029976810954,-0.6135167903691524,0.24359238472183697,0.3975934419430923,FALSE
shaferS9,Shafer (2017),white,white_1,0.013801540967188167,-0.17257334388426782,0.06515937661412845,0.08378909766241532,-0.11415237352801919,-0.337105219318269,0.1417554554623955,-0.008041468450266653,0.8323216344577448,0.03983542793066392,0,1,White,0.18637488485145598,0.10614309797543882,-0.021665587180404094,0.3944153568833161,0.07910835038226138,FALSE
superordinate_id,Transue (2007),age,age_3_18 - 39,-0.07617265712206316,0.19095597396398337,0.1130161426173618,0.15701845828837538,-0.29875776843761304,-0.1192006251718988,0.14641245419348675,0.5011125730998656,0.5009352689717352,0.22576967587530003,0,0,Age: 18 - 39,-0.2671286310860465,0.1934617397196824,-0.6463136409366239,0.11205637876453095,0.16734577195837363,FALSE
superordinate_id,Transue (2007),age,age_3_40 - 59,0.08135629570842513,0.18778945048411905,0.19439787659125596,0.16472704372133315,-0.3050305337276853,-0.13830418525009247,0.46774312514453553,0.5138830862183306,0.6766099496565937,0.25651790136667957,0,0,Age: 40 - 59,-0.10643315477569391,0.2548048927245299,-0.6058507445157725,0.3929844349643846,0.6761631689740117,FALSE
superordinate_id,Transue (2007),age,age_3_More than 60,-0.5025534524457965,0.15245643470655723,0.45019948942428867,0.2602167040501002,-1.43879454354188,-0.3684238914571747,0.4336876386502869,0.6733367608702892,0.2769083211055145,0.5602274729207383,0,0,Age: More than 60,-0.6550098871523538,0.5199926089326536,-1.6741954006603548,0.36417562635564726,0.20779481890534757,FALSE
superordinate_id,Transue (2007),pid,pid_3_Democrat,0.08770321810955965,0.1626629192511307,0.11200174549989968,0.14489585138931912,-0.13317307593738803,-0.12343894921553067,0.30857951215650736,0.44876478771779205,0.43453676191823887,0.26323991495740034,0,0,Democrat,-0.07495970114157104,0.18313710368153133,-0.4339084243573724,0.2839890220742304,0.6823127658464432,FALSE
superordinate_id,Transue (2007),pid,pid_3_Independent,-0.21345675270550485,0.6237035565480267,0.22480755388667104,0.2628507278543796,-0.6618212811835823,0.09491609826001435,0.2349077757725726,1.152491014836039,0.34562865625866857,0.021794372305468705,0,1,Independent,-0.8371603092535316,0.345874169920342,-1.5150736822974018,-0.15924693620966135,0.015502645372197189,TRUE
superordinate_id,Transue (2007),pid,pid_3_Republican,-0.1083729729489853,0.015568553028914342,0.1857165625616566,0.17547478775927627,-0.477276110018616,-0.3317178300214906,0.2605301641206454,0.3628549360793193,0.5609736418189959,0.929444480815651,0,0,Republican,-0.12394152597789965,0.25550350829074886,-0.6247284022277674,0.3768453502719681,0.6276143676742378,FALSE
superordinate_id,Transue (2007),white,white_1,-0.07517906033674246,0.17575150746048895,0.09503686184001578,0.10487822722785112,-0.26206929327576367,-0.030536062448268647,0.11171117260227875,0.3820390773692466,0.4294290095837153,0.09469770355663346,0,0,White,-0.25093056779723144,0.14153249681559008,-0.528334261555788,0.026473125961325117,0.0762363746894551,FALSE
system_threat,Craig and Richeson (2014),age,age_3_18 - 39,-0.2472935103746356,0.2288501116105256,0.08259293091828589,0.16125304031420346,-0.40954888762508923,-0.0892699047034462,-0.08503813312418196,0.5469701279244974,0.0028828421322673256,0.15751471917051418,1,0,Age: 18 - 39,-0.4761436219851612,0.18117432281713342,-0.8312452947067427,-0.1210419492635797,0.00858641283799037,TRUE
system_threat,Craig and Richeson (2014),age,age_3_40 - 59,-0.12546351510201376,-0.13958650354219904,0.15686157031957104,0.1568800644974038,-0.43531021539300774,-0.4486574971778032,0.18438318518898023,0.1694844900934051,0.4250221397299473,0.37450163733865793,0,0,Age: 40 - 59,0.01412298844018528,0.2218488379050729,-0.4207007338537576,0.4489467107341282,0.9492406273603583,FALSE
system_threat,Craig and Richeson (2014),age,age_3_More than 60,-0.34288129958553804,-0.18160215872780325,0.4291947686388127,0.15059939371299166,-1.2268244722372046,-0.4787584129774922,0.5410618730661284,0.1155540955218857,0.43187641678816446,0.22944446944146707,0,0,Age: More than 60,-0.1612791408577348,0.4548497848890825,-1.0527847192403366,0.7302264375248669,0.722906725653244,FALSE
system_threat,Craig and Richeson (2014),educ,educ_3_College,-0.07188573493945342,-0.2008381243090723,0.10862958549350436,0.2427434008743222,-0.28569430600296303,-0.6819976567700914,0.1419228361240562,0.2803214081519467,0.5086599378535754,0.40985289551658777,0,0,College,0.1289523893696189,0.26594124447426815,-0.39229244979994665,0.6501972285391844,0.6277540046044756,FALSE
system_threat,Craig and Richeson (2014),educ,educ_3_Graduate School,-0.4029387694508304,0.030578953587168268,0.23081426296125582,0.27994236077663687,-0.8629509321469984,-0.5264185330063441,0.05707339324533761,0.5875764401806806,0.08506566855584581,0.9132878203818773,0,0,Graduate School,-0.4335177230379987,0.3628263349641871,-1.1446573395678055,0.27762189349180805,0.2321513744305941,FALSE
system_threat,Craig and Richeson (2014),educ,educ_3_Less than College,-0.29492183233646546,0.04059161139906435,0.10734906164606071,0.1103922309281834,-0.5060693473573008,-0.17640910889382794,-0.08377431731563009,0.25759233169195667,0.006326826469134782,0.7132826820681181,1,0,Less than College,-0.3355134437355298,0.15398138097052874,-0.6373169504377661,-0.0337099370332935,0.029337451002820095,TRUE
system_threat,Craig and Richeson (2014),female,female_0,-0.12424950677859761,-8.395055187124489e-4,0.10300196044431863,0.14529084757880614,-0.3268750337517573,-0.28678143760699876,0.07837602019456211,0.2851024265695739,0.2285751298843949,0.9953936849587777,0,0,Men,-0.12341000125988516,0.17809782212464267,-0.4724817326241848,0.22566173010441448,0.48835109481073313,FALSE
system_threat,Craig and Richeson (2014),female,female_1,-0.30454696305818,-0.004984811952988791,0.10253566691739127,0.12393819824754164,-0.5061621506670996,-0.2488513031548229,-0.10293177544926047,0.23888167924884535,0.003167533781229688,0.9679435097704934,1,0,Women,-0.29956215110519124,0.16085471698101098,-0.6148373963879727,0.01571309417759026,0.06255870337837285,FALSE
system_threat,Craig and Richeson (2014),ideo,ideo_3_Conservative,0.08357248551572799,-0.19879702652024916,0.15864854145154378,0.16070851807657213,-0.22969883051489204,-0.5154245629691443,0.396843801546348,0.11783050992864597,0.5990642324124593,0.21733101376556094,0,0,Conservative,0.28236951203597715,0.2258242402557133,-0.1602459988652209,0.7249850229371753,0.21115527216269458,FALSE
system_threat,Craig and Richeson (2014),ideo,ideo_3_Liberal,-0.25931553582041417,0.048913900306898274,0.09422487792505878,0.17765021945024212,-0.4446810779512739,-0.3022045747293679,-0.07394999368955446,0.4000323753431645,0.006252984820658237,0.7834483513501381,1,0,Liberal,-0.30822943612731246,0.20109183994063862,-0.7023694424109641,0.08591057015633924,0.12533021014762682,FALSE
system_threat,Craig and Richeson (2014),ideo,ideo_3_Moderate,-0.34974738926293736,0.1215962826255306,0.12843951927130406,0.15078055766192516,-0.602915971627339,-0.17553353702418592,-0.09657880689853571,0.4187261022752471,0.007001929888628093,0.4208414578665963,1,0,Moderate,-0.47134367188846793,0.19806939864472964,-0.859559693232138,-0.08312765054479787,0.01732723047485505,TRUE
system_threat,Craig and Richeson (2014),pid,pid_3_Democrat,-0.29355383799260665,0.13852246811194527,0.08352729183690194,0.1356759383981002,-0.4577374453533841,-0.1284892341259634,-0.12937023063182915,0.40553417034985395,4.885444266230325e-4,0.3080974648137574,1,0,Democrat,-0.43207630610455194,0.15932598263250117,-0.7443552320642542,-0.11979738014484964,0.006689855137207864,TRUE
system_threat,Craig and Richeson (2014),pid,pid_3_Independent,-0.4002779621877328,-8.726166926550003e-4,0.22486205598696704,0.5574077980868665,-0.8467468455361766,-1.182524361684254,0.046190921160710996,1.1807791282989442,0.07829010647375881,0.9987702724706395,0,0,Independent,-0.39940534549507783,0.6010544048509543,-1.5774719790029483,0.7786612880127926,0.5063653527823724,FALSE
system_threat,Craig and Richeson (2014),pid,pid_3_Republican,0.09855276110122875,-0.19024025375493936,0.13962285026557575,0.13490621113510437,-0.1768665862625155,-0.45575967659842204,0.373972108464973,0.07527916908854332,0.4811506678467068,0.15956208602008956,0,0,Republican,0.2887930148561681,0.19415000932040344,-0.09174100341182262,0.6693270331241588,0.13688976866085067,FALSE
system_threat,Craig and Richeson (2014),white,white_0,-0.3574310348467074,0.22917781575179302,0.14275397119091368,0.18934809599680424,-0.639698967721013,-0.1451275820381383,-0.07516310197240184,0.6034832135417243,0.01345086633375251,0.22815475415519493,1,0,Nonwhite,-0.5866088505985004,0.23713160427996774,-1.0513867949872373,-0.12183090620976367,0.013369605005695106,TRUE
system_threat,Craig and Richeson (2014),white,white_1,-0.18784798172172398,-0.1282155022960884,0.08315237815969186,0.10492644703233209,-0.3511722805681814,-0.3344077246076119,-0.024523682875266573,0.0779767200154351,0.02425727827569549,0.22234735933634042,1,0,White,-0.05963247942563557,0.13388008545127686,-0.32203744691013825,0.20277248805886708,0.6560183567414002,FALSE
thompsonS10,Thompson and Schlehofer (2014),age,age_3_18 - 39,-0.05469737667672128,-0.022673247209983954,0.06330223164075752,0.1970794622223523,-0.1789194939743104,-0.4128117266775613,0.06952474062086784,0.3674652322575934,0.38776053256142584,0.908597623238937,0,0,Age: 18 - 39,-0.03202412946673733,0.2069963452830791,-0.4377369662215723,0.37368870728809767,0.8770509938874654,FALSE
thompsonS10,Thompson and Schlehofer (2014),age,age_3_40 - 59,-9.085074654876914e-4,-0.23202795909454343,0.11514551771576902,0.19691960331221164,-0.2275486533569901,-0.6211014993974656,0.22573163842601474,0.15704558120837875,0.9937101921814986,0.24053544202300756,0,0,Age: 40 - 59,0.23111945162905576,0.22811361296220634,-0.21598322977686865,0.6782221330349801,0.3109756545290609,FALSE
thompsonS10,Thompson and Schlehofer (2014),age,age_3_More than 60,-0.3344443107327091,-0.06199044698472818,0.2402563440701565,0.22261077042425634,-0.8144115339196155,-0.50270718341407294,0.14552291245419735,0.37872628944461656,0.1687316116508556,0.7811268263494049,0,0,Age: More than 60,-0.2724538637479809,0.3275342210744373,-0.9144209370538781,0.36951320955791617,0.40550305904598216,FALSE
thompsonS10,Thompson and Schlehofer (2014),educ,educ_3_College,-0.1417264967595977,-0.09542078477700122,0.09163048157950167,0.25565298916396945,-0.3218131809422536,-0.6048204853592299,0.03836018742305819,0.4139789158052275,0.12264859632522968,0.7100344005464791,0,0,College,-0.046305711982596476,0.27157797411234236,-0.5785985412427875,0.4859871172775946,0.8646121063143812,FALSE
thompsonS10,Thompson and Schlehofer (2014),educ,educ_3_Graduate School,-0.14344197245721024,-0.24026138310246412,0.13862157627735117,0.29628776066895285,-0.4168862116789522,-0.8345393725259155,0.1300022667645317,0.3540166063209872,0.30209675811579884,0.42104651437883434,0,0,Graduate School,0.09681941064525387,0.3271121803477213,-0.5443204628362799,0.7379592841267877,0.7672436099910769,FALSE
thompsonS10,Thompson and Schlehofer (2014),educ,educ_3_Less than College,0.03110046239975941,-0.0688886928350627,0.07833720558281979,0.14502514877191622,-0.1227001911734237,-0.35442705822110465,0.18490111597294254,0.21664967255097922,0.6914813667857174,0.6351667082371145,0,0,Less than College,0.0999891552348221,0.16483025072735102,-0.22307813619078593,0.42305644666043013,0.5441038148156403,FALSE
thompsonS10,Thompson and Schlehofer (2014),female,female_0,0.030426831832692323,-0.06848326666220461,0.0788666820267761,0.17458417530271225,-0.12445836616814945,-0.4127141757500097,0.1853120298335341,0.27574764242560046,0.6997795733563568,0.6952739317689856,0,0,Men,0.09891009849489693,0.19157136477052297,-0.2765697764553281,0.4743899734451219,0.6056383243906008,FALSE
thompsonS10,Thompson and Schlehofer (2014),female,female_1,-0.11396014409796067,-0.14675683759099176,0.0741846108562655,0.16046428162321924,-0.25959913441083643,-0.4632456230702765,0.03167884621491508,0.16973194788829302,0.12492713204934912,0.3615552749519517,0,0,Women,0.03279669349303109,0.1767827541496946,-0.31369750464037033,0.37929089162643254,0.852821385824532,FALSE
thompsonS10,Thompson and Schlehofer (2014),ideo,ideo_3_Conservative,-0.07948572322255319,-0.07149707982389328,0.11758280198984933,0.16769364582494004,-0.3109163299111571,-0.40279102240356435,0.15194488346605073,0.25979686275577774,0.4995844687562274,0.6704481961794682,0,0,Conservative,-0.007988643398659914,0.20480936056207136,-0.40941499010031973,0.39343770330299993,0.9688861908866058,FALSE
thompsonS10,Thompson and Schlehofer (2014),ideo,ideo_3_Liberal,-0.036384076674234406,0.028439492119109466,0.0717136317717637,0.24561764954984308,-0.17717110482060633,-0.458629524104958,0.10440295147213752,0.515508508343177,0.6120592149075984,0.9080441123132152,0,0,Liberal,-0.06482356879334387,0.25587277063471536,-0.5663341992373859,0.4366870616506982,0.8000031901755852,FALSE
thompsonS10,Thompson and Schlehofer (2014),ideo,ideo_3_Moderate,-0.09880201854007879,-0.23546452987926453,0.11554245088508583,0.2039585767481449,-0.32614011196438847,-0.6387785855589967,0.12853607488423086,0.16784952580046764,0.39314186024050657,0.25031639782323856,0,0,Moderate,0.13666251133918572,0.23441236952358419,-0.32278573292703927,0.5961107556054107,0.5598930133114586,FALSE
thompsonS10,Thompson and Schlehofer (2014),pid,pid_3_Democrat,-0.09206019571031139,-0.0764756528571883,0.0693756000665527,0.16982819354779144,-0.22823413561285488,-0.41129986222423565,0.044113744192232116,0.258348556509859,0.1848825589250717,0.6529591249304298,0,0,Democrat,-0.015584542853123093,0.1834518716402217,-0.3751502112679576,0.3439811255617114,0.9322998135292325,FALSE
thompsonS10,Thompson and Schlehofer (2014),pid,pid_3_Independent,-0.10979246244264484,-0.7128701326965781,0.1394565939843424,0.5315414328070193,-0.3849725121731228,-1.897218250574349,0.1653875872878331,0.47147798518119277,0.43214887484057796,0.20954078938422693,0,0,Independent,0.6030776702539332,0.549531105940558,-0.4740032973895604,1.680158637897427,0.2724488943424299,FALSE
thompsonS10,Thompson and Schlehofer (2014),pid,pid_3_Republican,-0.03215952732788124,-0.1214869634419635,0.10557963541648739,0.17138036219891448,-0.2398398841324884,-0.45968569487787625,0.17552082947672593,0.21671176799394928,0.7608596078518619,0.47933048489260366,0,0,Republican,0.08932743611408225,0.2012915496540019,-0.3052040012077615,0.48385887343592593,0.657207855989423,FALSE
thompsonS10,Thompson and Schlehofer (2014),white,white_0,-0.14471749580249818,-0.21131509466225032,0.12341727461885638,0.25095974203564525,-0.38758098287637077,-0.7096015454388198,0.09814599127137438,0.2869713561143191,0.24188250536372494,0.40190956236691044,0,0,Nonwhite,0.06659759885975214,0.2796651851713828,-0.48154616407615813,0.6147413617956624,0.8117776928150828,FALSE
thompsonS10,Thompson and Schlehofer (2014),white,white_1,-0.022211565789433663,-0.0717872014426342,0.060887788133716175,0.12835948644089784,-0.14168875175009538,-0.3243794460199404,0.09726562017122806,0.18080504313467197,0.715338682921809,0.5763941421383487,0,0,White,0.04957563565320054,0.14206857676202483,-0.2288787748003681,0.3280300461067692,0.7271225888718065,FALSE
turagaS11,Turaga (2010),age,age_3_18 - 39,0.31237600692579126,0.11602653274080847,0.09967545966873573,0.20184770804476107,0.11655727736906749,-0.28272120408358753,0.508194736482515,0.5147742695652044,0.0018227277837402703,0.5662503917577417,1,0,Age: 18 - 39,0.19634947418498278,0.22511706844017151,-0.2448799799577534,0.6375789283277189,0.38309354425684117,FALSE
turagaS11,Turaga (2010),age,age_3_40 - 59,0.19472644952343587,0.00970737133893618,0.20216001842752102,0.17958175128063275,-0.20528168594177693,-0.3445468496448655,0.5947345849886487,0.36396159232273784,0.3372486751891415,0.9569483894975593,0,0,Age: 40 - 59,0.1850190781844997,0.27040391721207496,-0.3449725995511672,0.7150107559201666,0.49382852649872255,FALSE
turagaS11,Turaga (2010),age,age_3_More than 60,-0.790093497833443,0.29992258958477874,0.45574068683060537,0.1764475817984568,-1.719582756694397,-0.04874015722036246,0.13939576102751117,0.6485853363899199,0.09291771553733433,0.09125835907245883,0,0,Age: More than 60,-1.0900160874182216,0.4887057629651558,-2.047879382829927,-0.1321527920065163,0.02571998296263027,TRUE
turagaS11,Turaga (2010),educ,educ_3_College,0.23492903370987994,-0.007932708022455074,0.14933854978811606,0.2587331392735591,-0.059252622343512584,-0.5217254454232793,0.5291106897632725,0.5058600293783692,0.11700592122191414,0.9756065476660176,0,0,College,0.24286174173233502,0.29873874842605963,-0.3426662051827418,0.8283896886474118,0.4162427409649978,FALSE
turagaS11,Turaga (2010),educ,educ_3_Graduate School,0.27451371552946635,0.5207608377736119,0.256888463008204,0.35646672439390015,-0.23568894583373412,-0.19861813638934323,0.7847163768926668,1.240139811936567,0.28804108586136246,0.1514852383862966,0,0,Graduate School,-0.24624712224414558,0.4393861718657452,-1.1074440191010062,0.6149497746127149,0.5751831783678953,FALSE
turagaS11,Turaga (2010),educ,educ_3_Less than College,0.25128410284390884,0.1119402594679236,0.12082251131131296,0.13016496155364465,0.013640234119991379,-0.14404866154831522,0.4889279715678263,0.36792918048416245,0.0382859114078086,0.39037460727430184,1,0,Less than College,0.13934384337598524,0.1775978503694066,-0.20874794334805166,0.4874356301000221,0.4326862477860681,FALSE
turagaS11,Turaga (2010),female,female_0,0.29371300041655496,0.16267982896721675,0.12112777352747946,0.15079097814611292,0.05537642997328773,-0.13435052187608235,0.5320495708598222,0.4597101798105159,0.01588722982463409,0.28173173133166807,1,0,Men,0.1310331714493382,0.19341627803777495,-0.24806273350470068,0.5101290764033771,0.4981096162708676,FALSE
turagaS11,Turaga (2010),female,female_1,0.2588804934464004,0.08436179783886838,0.12067617601573495,0.157668251385891,0.02157908773948433,-0.22615955236168483,0.49618189915331645,0.3948831480394216,0.03258687911349418,0.5930828420465606,1,0,Women,0.17451869560753203,0.1985497845701807,-0.21463888215002214,0.5636762733650862,0.3794192040408227,FALSE
turagaS11,Turaga (2010),ideo,ideo_3_Conservative,0.048193576166514235,-0.016414649717358835,0.18842291712729278,0.20221196196484817,-0.32407243706311695,-0.4154106064771186,0.42045958939614547,0.3825813070424009,0.7984715931318341,0.9353921025418501,0,0,Conservative,0.06460822588387308,0.27639260710162245,-0.47712128403530696,0.6063377358030531,0.8151749842536782,FALSE
turagaS11,Turaga (2010),ideo,ideo_3_Liberal,0.3453569306176021,0.20557378063901743,0.11638279578406271,0.18955391997053025,0.1165082838261878,-0.16933084482508087,0.5742055774090163,0.5804784061031157,0.003196748290560022,0.2800845734751837,1,0,Liberal,0.13978314997858465,0.22243121123329126,-0.2961820240386662,0.5757483239958355,0.5297202169981512,FALSE
turagaS11,Turaga (2010),ideo,ideo_3_Moderate,0.20306947480729565,0.2413342336870068,0.19139043529352642,0.16178234248580428,-0.1750795412746997,-0.0779487825323738,0.581218490889291,0.5606172499063874,0.29037397547700905,0.13756234366645817,0,0,Moderate,-0.03826475887971115,0.25060691343624103,-0.5294543092147436,0.4529247914553213,0.8786440396739197,FALSE
turagaS11,Turaga (2010),pid,pid_3_Democrat,0.29709178742581105,0.2503522486494172,0.11159048340979949,0.13080313559015783,0.07773249561601872,-0.0071801815516218115,0.5164510792356034,0.5078846788504562,0.008064497226047391,0.05669002238344148,1,0,Democrat,0.04673953877639386,0.1719357329581316,-0.2902544978215441,0.38373357537433184,0.7857426809717203,FALSE
turagaS11,Turaga (2010),pid,pid_3_Independent,0.3092111118441638,0.22938342059222022,0.2571948173778613,0.5479298213839987,-0.20175128384138824,-0.9014881496353155,0.8201735075297159,1.360254990819756,0.23242238195096224,0.6792045175283743,0,0,Independent,0.07982769125194356,0.6052902305901956,-1.1065411607048399,1.266196543208727,0.8950765741473272,FALSE
turagaS11,Turaga (2010),pid,pid_3_Republican,0.07447460678954611,0.0223705051268397,0.16732236909140885,0.19480063977795756,-0.25575490601298906,-0.36176789130773185,0.40470411959208125,0.40650890156141123,0.6568000471268445,0.908689359840435,0,0,Republican,0.052104101662706404,0.2567957640933028,-0.451215595960167,0.5554237992855798,0.8392124603411322,FALSE
turagaS11,Turaga (2010),white,white_0,0.3480077252433557,0.16275930146646495,0.198648002659248,0.19279568536785427,-0.04458939160598796,-0.21906245065682284,0.7406048420926994,0.5445810535897527,0.08189386136722016,0.40027705946859726,0,0,Nonwhite,0.18524842377689077,0.2768234189099059,-0.35732547728652486,0.7278223248403064,0.5033720723569013,FALSE
turagaS11,Turaga (2010),white,white_1,0.22076087365451857,0.10214963186356082,0.0981347203384411,0.13234549881673677,0.0279817777565671,-0.1580804263719768,0.4135399695524701,0.36237969009909843,0.024884327946879368,0.44069365196797816,1,0,White,0.11861124179095775,0.16475968679551112,-0.20431774432824404,0.44154022791015957,0.4715837902632962,FALSE
wallaceS12,Wallace (2011),age,age_3_18 - 39,-1.1375357863809321,-0.4921819865437501,0.10829999824890806,0.1837474475882588,-1.3505626746817838,-0.8555299245867318,-0.9245088980800804,-0.1288340485007684,1.6052123094891724e-22,0.008298696121653433,1,1,Age: 18 - 39,-0.645353799837182,0.21328857005454702,-1.063399397144094,-0.22730820253026984,0.002480330086476693,TRUE
wallaceS12,Wallace (2011),age,age_3_40 - 59,-1.0841052287306854,-0.7600978639647962,0.19941587239785832,0.15278450984753664,-1.4799426069089983,-1.061588367453746,-0.6882678505523725,-0.4586073604758464,4.125425286111164e-7,1.523406150396715e-6,1,1,Age: 40 - 59,-0.3240073647658892,0.25121663283618567,-0.816391965124813,0.1683772355930347,0.19713648807350628,FALSE
wallaceS12,Wallace (2011),age,age_3_More than 60,-1.2055478204690375,-0.688128460463164,0.629722131093942,0.21560594198291894,-2.5561674643265544,-1.1142648862557807,0.14507182338847957,-0.26199203467054727,0.07623012325839665,0.0017349432546404466,0,1,Age: More than 60,-0.5174193600058735,0.665609408442998,-1.8220138005541497,0.7871750805424026,0.4369453147693089,FALSE
wallaceS12,Wallace (2011),educ,educ_3_College,-1.1527958809564682,-0.5168940561027253,0.1576925807899827,0.1939694520202084,-1.4644871042123997,-0.9020249500948687,-0.8411046577005368,-0.13176316211058198,1.6926357681496908e-11,0.009066231360831133,1,1,College,-0.6359018248537429,0.24998219607249061,-1.1258669291558245,-0.1459367205516613,0.010965747300934796,TRUE
wallaceS12,Wallace (2011),educ,educ_3_Graduate School,-1.2888257949093314,-0.7492584667589277,0.27546061796824634,0.2768552115189613,-1.848040579367407,-1.3048090924181293,-0.7296110104512558,-0.19370784109972616,4.216399603601804e-5,0.009180609858064305,1,1,Graduate School,-0.5395673281504036,0.39054751336637256,-1.305040454348494,0.2259057980476865,0.16710487194180493,FALSE
wallaceS12,Wallace (2011),educ,educ_3_Less than College,-1.0669791054725957,-0.6749265304786702,0.12928083624862197,0.1305848747247744,-1.3215100567094837,-0.9318553443825307,-0.8124481542357076,-0.4179977165748098,6.971435660727038e-15,4.1994876455979027e-7,1,1,Less than College,-0.39205257499392543,0.1837551200049349,-0.7522126102035979,-0.03189253978425299,0.03287881473242625,TRUE
wallaceS12,Wallace (2011),female,female_0,-1.2917918953160974,-0.6487717301399135,0.13749806801290745,0.13585314774270957,-1.5627603547914002,-0.9163773165834402,-1.0208234358407946,-0.3811661436963868,7.231548296961053e-18,3.106561273669232e-6,1,1,Men,-0.6430201651761839,0.19329199791735974,-1.021872481094209,-0.2641678492581588,8.788798493963467e-4,TRUE
wallaceS12,Wallace (2011),female,female_1,-0.9266110296817653,-0.627426460007162,0.13119332096137876,0.15830631969000009,-1.1851173922904452,-0.9394096321943408,-0.6681046670730855,-0.31544328781998315,1.9548858471283963e-11,9.976956837562756e-5,1,1,Women,-0.2991845696746034,0.2056029628158793,-0.7021663767937268,0.10379723744452007,0.14562583019254588,FALSE
wallaceS12,Wallace (2011),ideo,ideo_3_Conservative,-1.1688728867742904,-0.6276016505545888,0.19103534590701382,0.18188394810117828,-1.547928458475162,-0.9865279576712598,-0.7898173150734187,-0.2686753434379179,1.8959899455161442e-8,6.986171722896629e-4,1,1,Conservative,-0.5412712362197015,0.2637731486764423,-1.0582666076255283,-0.02427586481387467,0.04016644415147802,TRUE
wallaceS12,Wallace (2011),ideo,ideo_3_Liberal,-1.0962345045849764,-0.45202737360427236,0.13351161744771514,0.22515984213501358,-1.3591854206513108,-0.8984286600807025,-0.8332835885186419,-0.005626087127842183,1.1790646073344234e-14,0.04723202680284291,1,1,Liberal,-0.644207130980704,0.2617676574822972,-1.1572717396460064,-0.13114252231540158,0.013855490120025089,TRUE
wallaceS12,Wallace (2011),ideo,ideo_3_Moderate,-1.0997474136613163,-0.7399619792533557,0.19081275078553098,0.15656945864562669,-1.4783613083488014,-1.0489451049672105,-0.7211335189738313,-0.43097885353950094,9.355625514201444e-8,4.650066032331713e-6,1,1,Moderate,-0.3597854344079606,0.24682686491329456,-0.8435660896380179,0.12399522082209669,0.1449389902468078,FALSE
wallaceS12,Wallace (2011),pid,pid_3_Democrat,-1.1381293645451687,-0.44343218568899073,0.12404504157109371,0.14692782698462506,-1.3823278906224605,-0.7329090376363496,-0.8939308384678768,-0.15395533374163178,1.1073117175689654e-17,0.002827032509492472,1,1,Democrat,-0.694697178856178,0.19228873778980993,-1.0715831049242055,-0.31781125278815053,3.029300532879822e-4,TRUE
wallaceS12,Wallace (2011),pid,pid_3_Independent,-1.1333462268656278,-0.3008707892218867,0.28827607295531127,0.25227172832953537,-1.7106091056986927,-0.850523667468604,-0.5560833480325628,0.24878208902483057,2.3115880768720298e-4,0.25605772115263536,1,0,Independent,-0.8324754376437411,0.38307195036038183,-1.5832964603500894,-0.08165441493739278,0.02976851324927525,TRUE
wallaceS12,Wallace (2011),pid,pid_3_Republican,-1.057835750800383,-0.8959685219524037,0.16994022516701887,0.15621552959453747,-1.3944237796299332,-1.2038704980263726,-0.7212477219708329,-0.5880665458784349,7.933169233083373e-9,3.255226252751344e-8,1,1,Republican,-0.16186722884797933,0.23083104604086271,-0.6142960790880703,0.29056162139211156,0.4831552346442638,FALSE
wallaceS12,Wallace (2011),white,white_0,-0.8768792564743844,0.13664217695547695,0.18858414740139903,0.18394909590038572,-1.250393922469173,-0.22786523647471027,-0.5033645904795958,0.5011495903856642,8.864961119112772e-6,0.4591562106284832,1,0,Nonwhite,-1.0135214334298612,0.2634411709161685,-1.5298661284255515,-0.497176738434171,1.1945589605768567e-4,TRUE
wallaceS12,Wallace (2011),white,white_1,-1.195808195899675,-0.9945708392482178,0.10985017117151717,0.11560220573803562,-1.4118935847364493,-1.2219287295041352,-0.9797228070629005,-0.7672129489923003,8.022985095374703e-24,2.5994801103732234e-16,1,1,White,-0.20123735665145714,0.1594707812670106,-0.5138000879347979,0.11132537463188358,0.206982114143182,FALSE
