appendix_table,study_label,sample,covariate_class,cate,se,p_value,ci_low,ci_high,n,prop,n_deposit_formula,prop_deposit_formula
1,Bergan (2012),original,Age: 18 - 39,-0.2188994010939293,0.2192412356982156,0.31982587877297597,-0.652433863588592,0.21463506140073335,139,0.351010101010101,139,0.1755050505050505
1,Bergan (2012),original,Age: 40 - 59,-0.20408502385978944,0.17468232763587246,0.24478308912366104,-0.5496239338609183,0.14145388614133947,134,0.3383838383838384,134,0.1691919191919192
1,Bergan (2012),original,Age: More than 60,0.1203144437216994,0.23324451486334416,0.6069146447598321,-0.34145459460789435,0.5820834820512931,123,0.3106060606060606,123,0.1553030303030303
1,Bergan (2012),original,Party ID: Democrat,0.16494338170130973,0.17546998005771625,0.348324587006555,-0.18102391525873943,0.5109106786613589,206,0.5202020202020202,206,0.2601010101010101
1,Bergan (2012),original,Party ID: Independent,0.8967080987471207,0.4437827071335815,0.06621471766256816,-0.07021135713998095,1.8636275546342225,14,0.03535353535353535,14,0.017676767676767676
1,Bergan (2012),original,Party ID: Republican,-0.541767931412616,0.1691660663617591,0.00161975968857006,-0.8756495484880273,-0.20788631433720473,176,0.4444444444444444,176,0.2222222222222222
1,Bergan (2012),original,Race: White,-0.16506550008095774,0.12671850372016016,0.193765037487143,-0.41449591216810894,0.08436491200619345,285,0.7196969696969697,285,0.35984848484848486
1,Bergan (2012),original,Race: Nonwhite,-0.05639546173924895,0.26873411146627374,0.8341718257325016,-0.5890177340486236,0.4762268105701257,111,0.2803030303030303,111,0.14015151515151514
1,Bergan (2012),original,Education: Less than College,-0.19091683375316632,0.14652721633151108,0.19366039359987688,-0.4793471739793911,0.09751350647305844,283,0.7146464646464646,283,0.3573232323232323
1,Bergan (2012),original,Education: College,0.1848919125387812,0.27182125904972854,0.49883319447786534,-0.35813347733883294,0.7279173024163954,66,0.16666666666666666,66,0.08333333333333333
1,Bergan (2012),original,Education: Graduate School,-0.3910928328762915,0.33124104777036245,0.2439292819083744,-1.0582465497270208,0.27606088397443795,47,0.11868686868686869,47,0.059343434343434344
1,Bergan (2012),original,Gender: Male,-0.03958233454366679,0.1639630043837142,0.8094821182260961,-0.3628808785100204,0.2837162094226869,204,0.5151515151515151,204,0.25757575757575757
1,Bergan (2012),original,Gender: Female,-0.2206554475874373,0.1810151281429055,0.22435961454883743,-0.577712889217898,0.13640199404302336,192,0.48484848484848486,192,0.24242424242424243
1,Bergan (2012),original,Ideology: Liberal,0.43844220423348,0.21260361161584168,0.04151826716259137,0.01715395502146494,0.859730453445495,113,0.28535353535353536,113,0.14267676767676768
1,Bergan (2012),original,Ideology: Moderate,-0.0125363423449868,0.17847412334612325,0.944107515194988,-0.36557579904937554,0.34050311435940195,134,0.3383838383838384,134,0.1691919191919192
1,Bergan (2012),original,Ideology: Conservative,-0.719853037752338,0.21563572566337724,0.00106808058696164,-1.1459995413961177,-0.29370653410855835,149,0.37626262626262624,149,0.18813131313131312
1,Bergan (2012),mt,Age: 18 - 39,0.37258207762596823,0.08704617172373068,2.2563290258144296e-5,0.2015416363589919,0.5436225188929446,480,0.817717206132879,480,0.4088586030664395
1,Bergan (2012),mt,Age: 40 - 59,-0.154261571587593,0.2061174497381529,0.4561826060167713,-0.5638125538138593,0.2552894106386733,91,0.15502555366269166,91,0.07751277683134583
1,Bergan (2012),mt,Age: More than 60,0.15158651543289522,0.5284157894578521,0.7784139304108552,-0.9817526354818829,1.2849256663476734,16,0.027257240204429302,16,0.013628620102214651
1,Bergan (2012),mt,Party ID: Democrat,0.5122221936406315,0.09816259564794344,3.006388411462604e-7,0.31920073348216305,0.7052436537990999,375,0.6388415672913118,375,0.3194207836456559
1,Bergan (2012),mt,Party ID: Independent,0.0958856624359888,0.20435653369497803,0.6401663562471372,-0.3106445823155362,0.5024159071875138,84,0.14310051107325383,84,0.07155025553662692
1,Bergan (2012),mt,Party ID: Republican,-0.39137286783653286,0.1776029250876229,0.02936684019372586,-0.7428438354124799,-0.03990190026058582,128,0.21805792163543442,128,0.10902896081771721
1,Bergan (2012),mt,Race: White,0.22860916209004728,0.09137042439612685,0.01269619163793426,0.04905296046113019,0.4081653637189644,461,0.7853492333901193,461,0.39267461669505965
1,Bergan (2012),mt,Race: Nonwhite,0.35846970560756497,0.17253017401351486,0.0397984674172403,0.01698416266824198,0.699955248546888,126,0.21465076660988075,126,0.10732538330494037
1,Bergan (2012),mt,Education: Less than College,0.3188535294003086,0.11255017934336022,0.00491462492489708,0.09739181836478084,0.5403152404358363,311,0.5298126064735945,311,0.26490630323679726
1,Bergan (2012),mt,Education: College,0.03534577686744486,0.1278345044553293,0.7824252543476842,-0.21658487437280985,0.2872764281076996,223,0.3798977853492334,223,0.1899488926746167
1,Bergan (2012),mt,Education: Graduate School,0.7557732250927824,0.255323717464481,0.00465740678223636,0.2431894737343845,1.2683569764511804,53,0.09028960817717206,53,0.04514480408858603
1,Bergan (2012),mt,Gender: Male,0.20532979164713863,0.1089468205990152,0.0603653207561542,-0.00900020744997209,0.4196597907442494,327,0.5570698466780238,327,0.2785349233390119
1,Bergan (2012),mt,Gender: Female,0.2916892039390564,0.11829681530388068,0.01432429068876534,0.05873895125559847,0.5246394566225143,260,0.44293015332197616,260,0.22146507666098808
1,Bergan (2012),mt,Ideology: Liberal,0.500678736353796,0.1042431291081294,2.364153328412197e-6,0.2956229148956607,0.7057345578119313,336,0.5724020442930153,336,0.28620102214650767
1,Bergan (2012),mt,Ideology: Moderate,0.24837655400322375,0.16669672755144818,0.13854224829717007,-0.08127635598324975,0.5780294639896972,138,0.23509369676320271,138,0.11754684838160136
1,Bergan (2012),mt,Ideology: Conservative,-0.48343290987363446,0.18157386393378055,0.00890983484180667,-0.8432336425984552,-0.1236321771488137,113,0.19250425894378195,113,0.09625212947189098
2,Brader (2005),original,Age: 18 - 39,0.08939095004900814,0.2288843495144681,0.6970225254406778,-0.3651280064921861,0.5439099065902023,95,0.3392857142857143,95,0.16964285714285715
2,Brader (2005),original,Age: 40 - 59,0.7209436724882035,0.33084694395346465,0.03156084588602648,0.06493529872885961,1.3769520462475473,107,0.3821428571428571,107,0.19107142857142856
2,Brader (2005),original,Age: More than 60,0.553574034665343,0.3004137088718651,0.06927172704024874,-0.0447517208565168,1.151899790187203,78,0.2785714285714286,78,0.1392857142857143
2,Brader (2005),original,Party ID: Democrat,0.5506024952379184,0.3111664919127743,0.07968976410854056,-0.06631533958152458,1.1675203300573611,108,0.38571428571428573,108,0.19285714285714287
2,Brader (2005),original,Party ID: Independent,0.4584384186207677,0.25171637261539065,0.07432397419455399,-0.04666743626962327,0.9635442735111586,54,0.19285714285714287,54,0.09642857142857143
2,Brader (2005),original,Party ID: Republican,0.5548038965805725,0.2818361478473218,0.05139192992358452,-0.00340810627873733,1.1130158994398824,118,0.42142857142857143,118,0.21071428571428572
2,Brader (2005),original,Race: White,0.4715490691198896,0.175099384902543,0.00751053065021746,0.12685998100053147,0.8162381572392479,280,1,280,0.5
2,Brader (2005),original,Education: Less than College,0.23313587786744405,0.203381794770074,0.2531064715810823,-0.16802698172716224,0.6342987374620503,193,0.6892857142857143,193,0.34464285714285714
2,Brader (2005),original,Education: College,0.8333549479483336,0.3796375039823918,0.03231571120519639,0.07284964156903528,1.593860254327632,58,0.20714285714285716,58,0.10357142857142858
2,Brader (2005),original,Education: Graduate School,1.1088912883210245,0.5024546224766477,0.03600451345728341,0.0779395607768576,2.1398430158651913,29,0.10357142857142858,29,0.05178571428571429
2,Brader (2005),original,Gender: Male,0.3362020692989226,0.24908467904737616,0.17940634492775426,-0.15651204586573308,0.8289161844635783,134,0.4785714285714286,134,0.2392857142857143
2,Brader (2005),original,Gender: Female,0.6084086759689133,0.25286753815499974,0.01739505456759648,0.10859700509381436,1.1082203468440124,146,0.5214285714285715,146,0.26071428571428573
2,Brader (2005),mt,Age: 18 - 39,0.34602340269755394,0.06521607863380711,1.3183147272919772e-7,0.21808266016753275,0.47396414522757513,1297,0.7589233469865418,1297,0.3794616734932709
2,Brader (2005),mt,Age: 40 - 59,0.2552414728034241,0.1296511221548119,0.04976973052798654,2.5818009848138646e-4,0.5102247655083667,356,0.2083089526038619,356,0.10415447630193095
2,Brader (2005),mt,Age: More than 60,0.4302677211481697,0.3605729534559749,0.2379726919000776,-0.2926375251165104,1.15317296741285,56,0.032767700409596257,56,0.016383850204798128
2,Brader (2005),mt,Party ID: Democrat,0.3049025810357765,0.06799152417577652,8.122169854271721e-6,0.17148667246669397,0.43831848960485903,1044,0.6108835576360445,1044,0.30544177881802226
2,Brader (2005),mt,Party ID: Independent,0.4658408720861712,0.15535791552126646,0.00296798899659059,0.15996363638655575,0.7717181077857866,270,0.15798712697483908,270,0.07899356348741954
2,Brader (2005),mt,Party ID: Republican,0.2587351761763066,0.1267253894685035,0.04184859834349273,0.00959070149962945,0.5078796508529837,395,0.23112931538911644,395,0.11556465769455822
2,Brader (2005),mt,Race: White,0.30649739278647103,0.06841276306752636,8.120247025312645e-6,0.17228501358960738,0.4407097719833347,1293,0.7565827969572849,1293,0.37829139847864246
2,Brader (2005),mt,Race: Nonwhite,0.33658325845701065,0.10795725338615306,0.00194958516440724,0.12437053982675678,0.5487959770872646,416,0.24341720304271502,416,0.12170860152135751
2,Brader (2005),mt,Education: Less than College,0.2699719034655172,0.08585402336612166,0.00172125828979603,0.10146116336442491,0.4384826435666095,852,0.49853715623171446,852,0.24926857811585723
2,Brader (2005),mt,Education: College,0.3012982390820086,0.09045184131694162,9.144498605992306e-4,0.12368362896423872,0.4789128491997785,649,0.37975424224692805,649,0.18987712112346403
2,Brader (2005),mt,Education: Graduate School,0.5087145616083767,0.1579333431661717,0.00148427313364911,0.19734160489476105,0.8200875183219923,208,0.12170860152135751,208,0.060854300760678756
2,Brader (2005),mt,Gender: Male,0.19463059354234835,0.08524965824338285,0.02268065383608762,0.02729824863707375,0.36196293844762295,825,0.48273844353423057,825,0.24136922176711528
2,Brader (2005),mt,Gender: Female,0.4217117310086511,0.08023342781828591,1.8469985196758177e-7,0.26424101089023544,0.5791824511270668,884,0.5172615564657694,884,0.2586307782328847
3,Brandt (2013),original,Age: 18 - 39,-0.4435554068525941,0.1907841505830246,0.02140891330919393,-0.8205065262560527,-0.06660428744913544,153,0.2448,153,0.1224
3,Brandt (2013),original,Age: 40 - 59,-0.3658724611504098,0.14252564401676468,0.01079758580657029,-0.6464800809640068,-0.08526484133681278,271,0.4336,271,0.2168
3,Brandt (2013),original,Age: More than 60,-0.4683661676627636,0.1742421551232347,0.00779661964367385,-0.8119641257425552,-0.12476820958297195,201,0.3216,201,0.1608
3,Brandt (2013),original,Party ID: Democrat,-0.5313839074284382,0.1404488864865722,1.843802711599296e-4,-0.8076972300568065,-0.25507058480006994,324,0.5184,324,0.2592
3,Brandt (2013),original,Party ID: Independent,0.4871030927813684,0.5391447923346329,0.37525405180533267,-0.6256370686273207,1.5998432541900576,26,0.0416,26,0.0208
3,Brandt (2013),original,Party ID: Republican,-0.3263011298126758,0.1541582899892492,0.03519323201456674,-0.6297912634364835,-0.02281099618886806,275,0.44,275,0.22
3,Brandt (2013),original,Race: White,-0.40967886460527336,0.11264368809687776,3.069537125102445e-4,-0.6310363300963557,-0.188321399114191,464,0.7424,464,0.3712
3,Brandt (2013),original,Race: Nonwhite,-0.3846299864850247,0.1982720073609342,0.05416022015459219,-0.7762164501206741,0.00695647715062458,161,0.2576,161,0.1288
3,Brandt (2013),original,Education: Less than College,-0.427750857285997,0.1203046317181899,4.173035351044373e-4,-0.6641823407888292,-0.19131937378316485,450,0.72,450,0.36
3,Brandt (2013),original,Education: College,-0.5969140777332993,0.23075412158563413,0.01101703696197546,-1.0543087787043104,-0.13951937676228826,110,0.176,110,0.088
3,Brandt (2013),original,Education: Graduate School,0.1539749476411324,0.3005101444923484,0.6101778347061114,-0.4465466575366934,0.7544965528189582,65,0.104,65,0.052
3,Brandt (2013),original,Gender: Male,-0.302050964965421,0.15601915704875036,0.05378121459961646,-0.6090453178480346,0.00494338791719262,311,0.4976,311,0.2488
3,Brandt (2013),original,Gender: Female,-0.49107642129924745,0.12780608293886836,1.476435251909718e-4,-0.7425472224346155,-0.23960562016387937,314,0.5024,314,0.2512
3,Brandt (2013),mt,Age: 18 - 39,-0.7850264413656087,0.05527216805271846,1.872799198668834e-42,-0.8934665506052301,-0.6765863321259874,1210,0.7697201017811705,1210,0.3848600508905852
3,Brandt (2013),mt,Age: 40 - 59,-0.7962247390288839,0.1001625468385656,3.57984622787496e-14,-0.9933141822553532,-0.5991352958024148,310,0.19720101781170485,310,0.09860050890585242
3,Brandt (2013),mt,Age: More than 60,-0.5143878441465478,0.2475440646399845,0.04286661392442286,-1.0115947308256483,-0.01718095746744724,52,0.03307888040712468,52,0.01653944020356234
3,Brandt (2013),mt,Party ID: Democrat,-0.7675620879612953,0.0603982726182351,1.8020861711613728e-34,-0.8860802029934148,-0.6490439729291758,1029,0.6545801526717557,1029,0.32729007633587787
3,Brandt (2013),mt,Party ID: Independent,-0.7228607392929246,0.1380417736280586,4.679530166075968e-7,-0.9953126062313692,-0.45040887235448,176,0.11195928753180662,176,0.05597964376590331
3,Brandt (2013),mt,Party ID: Republican,-0.7803765428817354,0.09595437775910562,6.629175411182771e-15,-0.969069348699936,-0.5916837370635348,367,0.23346055979643765,367,0.11673027989821882
3,Brandt (2013),mt,Race: White,-0.8099448692323599,0.05267651833948876,6.566564396624827e-49,-0.913291224908514,-0.7065985135562058,1225,0.7792620865139949,1225,0.38963104325699743
3,Brandt (2013),mt,Race: Nonwhite,-0.6637290455466139,0.11271556672915416,9.247189154788598e-9,-0.8854252257152743,-0.4420328653779536,347,0.22073791348600508,347,0.11036895674300254
3,Brandt (2013),mt,Education: Less than College,-0.809897173948255,0.0673858554936755,8.678265776166978e-31,-0.9421641325962148,-0.6776302153002953,831,0.5286259541984732,831,0.2643129770992366
3,Brandt (2013),mt,Education: College,-0.7753880684688933,0.07714686859395749,4.982683491985377e-22,-0.9269071708063036,-0.623868966131483,586,0.3727735368956743,586,0.18638676844783714
3,Brandt (2013),mt,Education: Graduate School,-0.5799920721435651,0.15239747248199378,2.039836784473792e-4,-0.88106704281027,-0.27891710147686005,155,0.09860050890585242,155,0.04930025445292621
3,Brandt (2013),mt,Gender: Male,-0.713534791626113,0.06742050116027039,1.5187248284415494e-24,-0.8458827039050266,-0.5811868793471994,779,0.4955470737913486,779,0.2477735368956743
3,Brandt (2013),mt,Gender: Female,-0.8303602927337698,0.068421533499228665,3.334202943662747e-31,-0.964669544729952,-0.6960510407375874,793,0.5044529262086515,793,0.2522264631043257
4,Caprariello and Reis (2013),original,Age: 18 - 39,-0.4177476915120823,0.28143614789858334,0.1404538517229839,-0.9752185356088314,0.13972315258466672,117,0.2932330827067669,117,0.14661654135338345
4,Caprariello and Reis (2013),original,Age: 40 - 59,-0.15142770178045528,0.23476103248014535,0.5199069498295537,-0.6153442586884559,0.3124888551275453,150,0.37593984962406013,150,0.18796992481203006
4,Caprariello and Reis (2013),original,Age: More than 60,-0.07330238537072911,0.19954535847401841,0.7139575445554336,-0.4680790125736265,0.32147424183216833,132,0.3308270676691729,132,0.16541353383458646
4,Caprariello and Reis (2013),original,Party ID: Democrat,-0.487145965028084,0.21439816414934976,0.02416834191655578,-0.909982892947948,-0.06430903710822006,197,0.49373433583959897,197,0.24686716791979949
4,Caprariello and Reis (2013),original,Party ID: Independent,4.418875555865573e-4,0.43324400655118706,0.9991908075496744,-0.8727040350697775,0.8735878101809507,46,0.11528822055137844,46,0.05764411027568922
4,Caprariello and Reis (2013),original,Party ID: Republican,0.05273474825077597,0.21028590217029092,0.8023212401864425,-0.3626825403016674,0.4681520368032193,156,0.39097744360902253,156,0.19548872180451127
4,Caprariello and Reis (2013),original,Race: White,-0.28905964809572476,0.16123520279798456,0.0740286658072861,-0.6063722568608991,0.02825296066944965,298,0.7468671679197995,298,0.37343358395989973
4,Caprariello and Reis (2013),original,Race: Nonwhite,-0.1272793230657273,0.30418438072710124,0.6765403785757198,-0.7308471277122583,0.4762884815808037,101,0.2531328320802005,101,0.12656641604010024
4,Caprariello and Reis (2013),original,Education: Less than College,-0.0867486795781666,0.17637456477005908,0.6232514660887587,-0.4340785047792297,0.26058114562289647,258,0.6466165413533834,258,0.3233082706766917
4,Caprariello and Reis (2013),original,Education: College,-0.491749552872132,0.30132183512066946,0.10676822632017996,-1.0917579814826592,0.10825887573839532,79,0.19799498746867167,79,0.09899749373433583
4,Caprariello and Reis (2013),original,Education: Graduate School,-0.7749894559513982,0.36211558300129915,0.03641594809118603,-1.499328467946321,-0.05065044395647555,62,0.15538847117794485,62,0.07769423558897243
4,Caprariello and Reis (2013),original,Gender: Male,-0.3069150579379352,0.1942620261158988,0.11562710132651736,-0.6898580876621319,0.07602797178626136,213,0.5338345864661654,213,0.2669172932330827
4,Caprariello and Reis (2013),original,Gender: Female,-0.16952432473630047,0.21884315397375215,0.439547607667179,-0.6012888556354727,0.26224020616287186,186,0.46616541353383456,186,0.23308270676691728
4,Caprariello and Reis (2013),original,Ideology: Liberal,-0.5838669839971863,0.30151371716009995,0.05533185697212803,-1.1812777649767945,0.01354379698242203,114,0.2857142857142857,114,0.14285714285714285
4,Caprariello and Reis (2013),original,Ideology: Moderate,-0.1330636200805389,0.2476155428562755,0.5918964731248161,-0.6228040188444044,0.35667677868332665,136,0.3408521303258145,136,0.17042606516290726
4,Caprariello and Reis (2013),original,Ideology: Conservative,-0.1138684162547136,0.20747621656079931,0.5839572593638835,-0.5238898262257442,0.296152993716317,149,0.37343358395989973,149,0.18671679197994986
4,Caprariello and Reis (2013),mt,Age: 18 - 39,-0.14066558319311057,0.06165604066801915,0.02273262499781355,-0.2616568237422451,-0.01967434264397603,994,0.7753510140405616,994,0.3876755070202808
4,Caprariello and Reis (2013),mt,Age: 40 - 59,-0.06519153477588173,0.1269207291625171,0.6079783840816424,-0.31521768058083777,0.18483461102907428,241,0.18798751950078002,241,0.09399375975039001
4,Caprariello and Reis (2013),mt,Age: More than 60,-0.1944166712193189,0.2887688008089689,0.5042247279711002,-0.7760268915317213,0.38719354909308346,47,0.036661466458658344,47,0.018330733229329172
4,Caprariello and Reis (2013),mt,Party ID: Democrat,-0.07611515656226017,0.0680340145231348,0.2635719694250878,-0.2096629481235769,0.05743263499905651,796,0.6209048361934477,796,0.31045241809672386
4,Caprariello and Reis (2013),mt,Party ID: Independent,-0.239420530297865,0.16457288571143736,0.14769614813193643,-0.5644513563021677,0.08561029570643772,161,0.12558502340093602,161,0.06279251170046801
4,Caprariello and Reis (2013),mt,Party ID: Republican,-0.18899229716112237,0.1086288144381928,0.0828468484195293,-0.4027016317874792,0.02471703746523448,325,0.2535101404056162,325,0.1267550702028081
4,Caprariello and Reis (2013),mt,Race: White,-0.1466632863082257,0.06135242418172952,0.01701571472969841,-0.2670625248993101,-0.02626404771714131,969,0.7558502340093604,969,0.3779251170046802
4,Caprariello and Reis (2013),mt,Race: Nonwhite,-0.06405403489226644,0.11745105826683916,0.5858914389037331,-0.29515321926734134,0.16704514948280846,313,0.24414976599063962,313,0.12207488299531981
4,Caprariello and Reis (2013),mt,Education: Less than College,-0.1498965961985313,0.07525703437418416,0.04677998388349709,-0.29765205813259993,-0.00214113426446266,705,0.5499219968798752,705,0.2749609984399376
4,Caprariello and Reis (2013),mt,Education: College,-0.07055058365589781,0.0878036364057232,0.4221133615105981,-0.24311293914254847,0.10201177183075286,446,0.34789391575663026,446,0.17394695787831513
4,Caprariello and Reis (2013),mt,Education: Graduate School,-0.1821605153594941,0.1750534442101892,0.30000788070682427,-0.5285080420471491,0.16418701132816085,131,0.10218408736349453,131,0.051092043681747266
4,Caprariello and Reis (2013),mt,Gender: Male,-0.06183635141492659,0.07778869904907368,0.42696302425016985,-0.2146005302612427,0.09092782743138954,616,0.48049921996879874,616,0.24024960998439937
4,Caprariello and Reis (2013),mt,Gender: Female,-0.19445454043927624,0.07628075895028405,0.01102093192331112,-0.3442350977780453,-0.04467398310050727,666,0.5195007800312013,666,0.25975039001560063
4,Caprariello and Reis (2013),mt,Ideology: Liberal,-0.07098199510069807,0.07062801436158678,0.3152292207506552,-0.20964377597816247,0.06767978577676632,721,0.5624024960998439,721,0.28120124804992197
4,Caprariello and Reis (2013),mt,Ideology: Moderate,-0.2806097765592771,0.11724914596614253,0.0173193560406282,-0.5113541641850767,-0.0498653889334775,299,0.23322932917316694,299,0.11661466458658347
4,Caprariello and Reis (2013),mt,Ideology: Conservative,-0.10242589531459388,0.12499722783067024,0.4132942793350776,-0.3485616869728138,0.14370989634362608,262,0.20436817472698907,262,0.10218408736349453
5,Chong and Druckman (2010),original,Age: 18 - 39,0.678471020654638,0.12150812469550408,6.63786727826022e-8,0.4390541720150553,0.9178878692942208,231,0.24112734864300625,231,0.12056367432150313
5,Chong and Druckman (2010),original,Age: 40 - 59,0.8774118559956566,0.09352774175577748,6.159208176255251e-19,0.6935120325788233,1.06131167941249,380,0.3966597077244259,380,0.19832985386221294
5,Chong and Druckman (2010),original,Age: More than 60,0.8074139806670904,0.10862442013498774,8.447556963994906e-13,0.5937645290804381,1.0210634322537426,347,0.36221294363256784,347,0.18110647181628392
5,Chong and Druckman (2010),original,Party ID: Democrat,0.7466667639412009,0.09328078035589184,1.2407939424936399e-14,0.5632998199770858,0.930033707905316,413,0.4311064718162839,413,0.21555323590814196
5,Chong and Druckman (2010),original,Party ID: Independent,0.8916057296697819,0.12661681970287872,2.631346397638825e-11,0.6420097096934699,1.141201749646094,213,0.22233820459290188,213,0.11116910229645094
5,Chong and Druckman (2010),original,Party ID: Republican,0.8095427961564782,0.10050396998403714,1.4658897911115174e-14,0.6118335296758277,1.0072520626371286,332,0.3465553235908142,332,0.1732776617954071
5,Chong and Druckman (2010),original,Race: White,0.7882172970059642,0.0723823471698195,1.3033689639838226e-25,0.6461037257423354,0.930330868269593,699,0.7296450939457203,699,0.36482254697286015
5,Chong and Druckman (2010),original,Race: Nonwhite,0.850037878440538,0.11723073969171896,4.857058136821522e-12,0.6191827101283954,1.0808930467526807,259,0.27035490605427975,259,0.13517745302713988
5,Chong and Druckman (2010),original,Education: Less than College,0.8057604693891355,0.07968874004106359,4.4025521178812815e-22,0.6492131966738021,0.9623077421044688,528,0.5511482254697286,528,0.2755741127348643
5,Chong and Druckman (2010),original,Education: College,0.8158150074190746,0.11865409791022812,4.0426298017116634e-11,0.5822440447050061,1.0493859701331432,281,0.29331941544885176,281,0.14665970772442588
5,Chong and Druckman (2010),original,Education: Graduate School,0.8012410297963454,0.1668946645490584,3.848547368737472e-6,0.4714182346375851,1.1310638249551055,149,0.15553235908141963,149,0.07776617954070981
5,Chong and Druckman (2010),original,Gender: Male,0.7280069744728621,0.09021981468615203,5.434868283712307e-15,0.5507442078021643,0.90526974114356,495,0.5167014613778705,495,0.25835073068893527
5,Chong and Druckman (2010),original,Gender: Female,0.8783377401702865,0.08336928084738453,2.1178660799177815e-23,0.7145068308529914,1.0421686494875817,463,0.48329853862212946,463,0.24164926931106473
5,Chong and Druckman (2010),mt,Age: 18 - 39,0.5351681602469559,0.06135829419089483,1.048541662360517e-17,0.41476985639440167,0.6555664640995101,1056,0.7542857142857143,1056,0.37714285714285717
5,Chong and Druckman (2010),mt,Age: 40 - 59,0.7388467670482356,0.12235729319533656,4.655539288892447e-9,0.4980463014458015,0.9796472326506698,298,0.21285714285714286,298,0.10642857142857143
5,Chong and Druckman (2010),mt,Age: More than 60,1.1862849708285472,0.3062821993903042,3.529473791157856e-4,0.5690137575480085,1.803556184109086,46,0.032857142857142856,46,0.016428571428571428
5,Chong and Druckman (2010),mt,Party ID: Democrat,0.5555527613205463,0.06987772847807355,6.235406024888011e-15,0.41838997624267493,0.6927155463984177,812,0.58,812,0.29
5,Chong and Druckman (2010),mt,Party ID: Independent,0.6087872314807574,0.12084952835644186,8.791033804167734e-7,0.3708272935863349,0.8467471693751799,264,0.18857142857142858,264,0.09428571428571429
5,Chong and Druckman (2010),mt,Party ID: Republican,0.688331112117713,0.10586349620478148,3.019844749219455e-10,0.48005965398696127,0.8966025702484648,324,0.23142857142857143,324,0.11571428571428571
5,Chong and Druckman (2010),mt,Race: White,0.6427825374775162,0.06428360808770507,1.8576548593028032e-22,0.5166294323168422,0.7689356426381903,959,0.685,959,0.3425
5,Chong and Druckman (2010),mt,Race: Nonwhite,0.5160157408420333,0.09458341037494725,8.166772870716538e-8,0.33012316440202666,0.70190831728204,441,0.315,441,0.1575
5,Chong and Druckman (2010),mt,Education: Less than College,0.681343029744925,0.07527207123753298,1.4884836113455187e-18,0.5335474722771962,0.8291385872126538,677,0.4835714285714286,677,0.2417857142857143
5,Chong and Druckman (2010),mt,Education: College,0.536769564937631,0.08747719974330868,1.629671851998078e-9,0.36493509833120485,0.708604031544057,546,0.39,546,0.195
5,Chong and Druckman (2010),mt,Education: Graduate School,0.5295781794917971,0.16303259289916097,0.00139191093828494,0.2078150224412776,0.8513413365423166,177,0.12642857142857142,177,0.06321428571428571
5,Chong and Druckman (2010),mt,Gender: Male,0.4960925955011319,0.07311453753118849,2.2440975787994653e-11,0.352575489195412,0.6396097018068518,809,0.5778571428571428,809,0.2889285714285714
5,Chong and Druckman (2010),mt,Gender: Female,0.7384146523665231,0.07965940893478188,3.485857774315794e-19,0.581963592488691,0.8948657122443553,591,0.42214285714285715,591,0.21107142857142858
6,Craig and Richeson (2014),original,Age: 18 - 39,0.2288501116105256,0.16125304031420346,0.15751471917051418,-0.0892699047034462,0.5469701279244974,188,0.3092105263157895,188,0.15460526315789475
6,Craig and Richeson (2014),original,Age: 40 - 59,-0.13958650354219904,0.1568800644974038,0.37450163733865793,-0.4486574971778032,0.1694844900934051,237,0.38980263157894735,237,0.19490131578947367
6,Craig and Richeson (2014),original,Age: More than 60,-0.18160215872780325,0.15059939371299166,0.22944446944146707,-0.4787584129774922,0.1155540955218857,183,0.30098684210526316,183,0.15049342105263158
6,Craig and Richeson (2014),original,Party ID: Democrat,0.13852246811194527,0.1356759383981002,0.3080974648137574,-0.1284892341259634,0.4055341703498539,298,0.4901315789473684,298,0.2450657894736842
6,Craig and Richeson (2014),original,Party ID: Independent,-8.726166926550003e-4,0.5574077980868665,0.9987702724706397,-1.182524361684254,1.1807791282989442,18,0.029605263157894735,18,0.014802631578947368
6,Craig and Richeson (2014),original,Party ID: Republican,-0.19024025375493936,0.13490621113510437,0.15956208602008956,-0.4557596765984221,0.07527916908854332,292,0.48026315789473684,292,0.24013157894736842
6,Craig and Richeson (2014),original,Race: White,-0.1282155022960884,0.10492644703233207,0.2223473593363404,-0.3344077246076119,0.0779767200154351,464,0.7631578947368421,464,0.3815789473684211
6,Craig and Richeson (2014),original,Race: Nonwhite,0.22917781575179305,0.18934809599680424,0.22815475415519493,-0.1451275820381383,0.6034832135417243,144,0.23684210526315788,144,0.11842105263157894
6,Craig and Richeson (2014),original,Education: Less than College,0.04059161139906435,0.1103922309281834,0.7132826820681181,-0.17640910889382794,0.25759233169195667,415,0.6825657894736842,415,0.3412828947368421
6,Craig and Richeson (2014),original,Education: College,-0.2008381243090723,0.2427434008743222,0.40985289551658777,-0.6819976567700914,0.2803214081519467,110,0.18092105263157895,110,0.09046052631578948
6,Craig and Richeson (2014),original,Education: Graduate School,0.03057895358716826,0.27994236077663687,0.9132878203818772,-0.5264185330063441,0.5875764401806806,83,0.13651315789473684,83,0.06825657894736842
6,Craig and Richeson (2014),original,Gender: Male,-8.395055187124489e-4,0.14529084757880614,0.9953936849587776,-0.28678143760699876,0.2851024265695739,296,0.4868421052631579,296,0.24342105263157895
6,Craig and Richeson (2014),original,Gender: Female,-0.00498481195298879,0.12393819824754164,0.9679435097704934,-0.2488513031548229,0.23888167924884535,312,0.5131578947368421,312,0.2565789473684211
6,Craig and Richeson (2014),original,Ideology: Liberal,0.04891390030689827,0.17765021945024212,0.7834483513501381,-0.3022045747293679,0.4000323753431645,147,0.24177631578947367,147,0.12088815789473684
6,Craig and Richeson (2014),original,Ideology: Moderate,0.1215962826255306,0.15078055766192516,0.4208414578665963,-0.17553353702418592,0.4187261022752471,226,0.3717105263157895,226,0.18585526315789475
6,Craig and Richeson (2014),original,Ideology: Conservative,-0.19879702652024916,0.16070851807657213,0.21733101376556097,-0.5154245629691443,0.11783050992864597,235,0.38651315789473684,235,0.19325657894736842
6,Craig and Richeson (2014),mt,Age: 18 - 39,-0.2472935103746356,0.08259293091828589,0.00288284213226732,-0.4095488876250892,-0.08503813312418196,524,0.7390691114245416,524,0.3695345557122708
6,Craig and Richeson (2014),mt,Age: 40 - 59,-0.12546351510201376,0.15686157031957104,0.4250221397299473,-0.43531021539300774,0.18438318518898025,158,0.22284908321579688,158,0.11142454160789844
6,Craig and Richeson (2014),mt,Age: More than 60,-0.34288129958553804,0.4291947686388127,0.43187641678816446,-1.2268244722372046,0.5410618730661284,27,0.0380818053596615,27,0.01904090267983075
6,Craig and Richeson (2014),mt,Party ID: Democrat,-0.29355383799260665,0.08352729183690194,4.885444266230325e-4,-0.4577374453533841,-0.12937023063182915,422,0.5952045133991537,422,0.29760225669957685
6,Craig and Richeson (2014),mt,Party ID: Independent,-0.4002779621877328,0.22486205598696704,0.07829010647375881,-0.8467468455361766,0.04619092116071099,96,0.13540197461212977,96,0.06770098730606489
6,Craig and Richeson (2014),mt,Party ID: Republican,0.09855276110122876,0.13962285026557575,0.4811506678467068,-0.1768665862625155,0.373972108464973,191,0.2693935119887165,191,0.13469675599435826
6,Craig and Richeson (2014),mt,Race: White,-0.187847981721724,0.08315237815969186,0.02425727827569549,-0.3511722805681814,-0.02452368287526657,569,0.8025387870239774,569,0.4012693935119887
6,Craig and Richeson (2014),mt,Race: Nonwhite,-0.3574310348467074,0.14275397119091368,0.01345086633375251,-0.639698967721013,-0.07516310197240184,140,0.19746121297602257,140,0.09873060648801128
6,Craig and Richeson (2014),mt,Education: Less than College,-0.29492183233646546,0.10734906164606071,0.00632682646913478,-0.5060693473573008,-0.08377431731563009,344,0.48519040902679833,344,0.24259520451339917
6,Craig and Richeson (2014),mt,Education: College,-0.07188573493945342,0.10862958549350436,0.5086599378535754,-0.28569430600296303,0.1419228361240562,290,0.4090267983074753,290,0.20451339915373765
6,Craig and Richeson (2014),mt,Education: Graduate School,-0.4029387694508304,0.23081426296125584,0.08506566855584581,-0.8629509321469984,0.05707339324533761,75,0.10578279266572638,75,0.05289139633286319
6,Craig and Richeson (2014),mt,Gender: Male,-0.1242495067785976,0.10300196044431864,0.2285751298843949,-0.3268750337517573,0.07837602019456211,331,0.46685472496473907,331,0.23342736248236953
6,Craig and Richeson (2014),mt,Gender: Female,-0.30454696305818,0.10253566691739129,0.00316753378122968,-0.5061621506670996,-0.10293177544926048,378,0.5331452750352609,378,0.26657263751763044
6,Craig and Richeson (2014),mt,Ideology: Liberal,-0.25931553582041417,0.09422487792505878,0.00625298482065823,-0.4446810779512739,-0.07394999368955446,328,0.46262341325811,328,0.231311706629055
6,Craig and Richeson (2014),mt,Ideology: Moderate,-0.34974738926293736,0.12843951927130406,0.00700192988862809,-0.602915971627339,-0.09657880689853572,216,0.304654442877292,216,0.152327221438646
6,Craig and Richeson (2014),mt,Ideology: Conservative,0.08357248551572799,0.15864854145154378,0.5990642324124593,-0.22969883051489204,0.396843801546348,165,0.23272214386459802,165,0.11636107193229901
7,Denny (2012),original,Age: 18 - 39,0.5104685379976002,0.2651655837319224,0.05714715348741912,-0.01581174416807884,1.0367488201632793,99,0.3378839590443686,99,0.1689419795221843
7,Denny (2012),original,Age: 40 - 59,0.3500454900242117,0.1952806111858146,0.0749264239734122,-0.03559624110776877,0.7356872211561922,163,0.5563139931740614,163,0.2781569965870307
7,Denny (2012),original,Age: More than 60,-0.4033440613470916,0.4183320291759209,0.34293141679991035,-1.258929127671208,0.4522410049770249,31,0.10580204778156997,31,0.052901023890784986
7,Denny (2012),original,Party ID: Democrat,0.5378166177284006,0.2048730440315817,0.00952366048203897,0.13313345318763964,0.9424997822691616,158,0.5392491467576792,158,0.2696245733788396
7,Denny (2012),original,Party ID: Independent,-0.4496736963118179,0.5581683238161492,0.44695826584824394,-1.7695320512783783,0.8701846586547426,9,0.030716723549488054,9,0.015358361774744027
7,Denny (2012),original,Party ID: Republican,0.12667739891199908,0.2285817463458251,0.5804478617945218,-0.3257499066491035,0.5791047044731017,126,0.4300341296928328,126,0.2150170648464164
7,Denny (2012),original,Race: White,0.04239171996297853,0.1542071271640315,0.7836537197558253,-0.2615437889071974,0.3463272288331545,219,0.7474402730375427,219,0.37372013651877134
7,Denny (2012),original,Race: Nonwhite,1.0415192385510244,0.28869510079025984,5.667032883833037e-4,0.46601607325186434,1.6170224038501844,74,0.2525597269624573,74,0.12627986348122866
7,Denny (2012),original,Education: Less than College,0.25725928458865843,0.1929737874452528,0.18424178056541335,-0.1236268458414061,0.6381454150187229,175,0.5972696245733788,175,0.2986348122866894
7,Denny (2012),original,Education: College,0.7493791447636877,0.30961388110576954,0.01810309218183786,0.1318737299668293,1.366884559560546,72,0.24573378839590443,72,0.12286689419795221
7,Denny (2012),original,Education: Graduate School,0.11766034183941625,0.32256312422657046,0.7170328463821511,-0.5324229194380896,0.767743603116922,46,0.15699658703071673,46,0.07849829351535836
7,Denny (2012),original,Gender: Male,0.2367272089176448,0.23256208533431788,0.3104280226502236,-0.22294921021169817,0.6964036280469877,146,0.49829351535836175,146,0.24914675767918087
7,Denny (2012),original,Gender: Female,0.49118326117193606,0.19159931456357296,0.01137739113090585,0.11249496370885116,0.869871558635021,147,0.5017064846416383,147,0.2508532423208191
7,Denny (2012),original,Ideology: Liberal,0.7941614103702951,0.2907092944788654,0.0076933550029095,0.21595231592873443,1.3723705048118555,85,0.2901023890784983,85,0.14505119453924914
7,Denny (2012),original,Ideology: Moderate,-0.03629244918746634,0.2407445025598239,0.8804534292469511,-0.5134898184136584,0.4409049200387257,110,0.37542662116040953,110,0.18771331058020477
7,Denny (2012),original,Ideology: Conservative,0.3386064396235634,0.2375797497441715,0.1573331518686945,-0.1329856363540486,0.8101985156011754,98,0.33447098976109213,98,0.16723549488054607
7,Denny (2012),mt,Age: 18 - 39,0.08849631979658744,0.11837401034910688,0.4554493487685807,-0.1447135091032165,0.3217061486963914,237,0.7873754152823921,237,0.39368770764119604
7,Denny (2012),mt,Age: 40 - 59,0.1799226886221829,0.266686834396235,0.5029394390752142,-0.3554734718686053,0.7153188491129712,53,0.1760797342192691,53,0.08803986710963455
7,Denny (2012),mt,Age: More than 60,-0.5623630081586353,0.6181731295860016,0.3866856590523129,-1.9607677811009916,0.836041764783721,11,0.036544850498338874,11,0.018272425249169437
7,Denny (2012),mt,Party ID: Democrat,0.07839249563473215,0.13564990936915097,0.564055854885886,-0.1892862076235165,0.3460711988929808,181,0.6013289036544851,181,0.30066445182724255
7,Denny (2012),mt,Party ID: Independent,-0.2008439314852269,0.3083411006704348,0.5187281901256127,-0.8250478561766481,0.4233599932061944,40,0.132890365448505,40,0.0664451827242525
7,Denny (2012),mt,Party ID: Republican,0.17321062008638372,0.20359864918309117,0.39751490609793017,-0.232123153853793,0.5785443940265604,80,0.26578073089701,80,0.132890365448505
7,Denny (2012),mt,Race: White,0.00558584942727954,0.1183199110815541,0.9623863503113048,-0.22752255438495383,0.23869425323951296,236,0.7840531561461794,236,0.3920265780730897
7,Denny (2012),mt,Race: Nonwhite,0.30945971985959075,0.2396207113469395,0.2012637217148391,-0.16938406245265825,0.7883035021718398,65,0.2159468438538206,65,0.1079734219269103
7,Denny (2012),mt,Education: Less than College,0.13123325068636968,0.14782006327395503,0.3760289926997349,-0.16076860001675333,0.4232351013894927,157,0.521594684385382,157,0.260797342192691
7,Denny (2012),mt,Education: College,0.13198315497600668,0.1634596980766988,0.42105412477313353,-0.19174021156150545,0.4557065215135187,119,0.3953488372093023,119,0.19767441860465115
7,Denny (2012),mt,Education: Graduate School,-0.27387808838894595,0.38531075470191534,0.4843557221865578,-1.07095411347937,0.5231979367014781,25,0.08305647840531562,25,0.04152823920265781
7,Denny (2012),mt,Gender: Male,-0.1116094268543918,0.14360336332345428,0.4382293555954252,-0.3952961562221622,0.1720773025133786,156,0.5182724252491694,156,0.2591362126245847
7,Denny (2012),mt,Gender: Female,0.26740759190091984,0.15386459231041466,0.08437388928402602,-0.03673534725672489,0.5715505310585646,145,0.48172757475083056,145,0.24086378737541528
7,Denny (2012),mt,Ideology: Liberal,0.14456143622545656,0.1444746971569969,0.31861029285420156,-0.14087634567057153,0.4299992181214846,154,0.5116279069767442,154,0.2558139534883721
7,Denny (2012),mt,Ideology: Moderate,-0.12517112117079304,0.2297746317685235,0.5874558463040778,-0.5825260852800009,0.33218384293841485,81,0.2691029900332226,81,0.1345514950166113
7,Denny (2012),mt,Ideology: Conservative,0.070295376019829,0.21193519195279084,0.7412121011132726,-0.3530938417377737,0.4936845937774317,66,0.21926910299003322,66,0.10963455149501661
8,Epley et al. (2009),original,Age: 18 - 39,0.23585950241814496,0.1650315208975004,0.15473554807890402,-0.08984876384044677,0.5615677686767366,177,0.3484251968503937,177,0.17421259842519685
8,Epley et al. (2009),original,Age: 40 - 59,0.29553657448465387,0.17175284598100368,0.08676278076212912,-0.04302555746659409,0.6340987064359018,214,0.421259842519685,214,0.2106299212598425
8,Epley et al. (2009),original,Age: More than 60,0.3543462145973579,0.24769617148244708,0.15526565691780445,-0.13629222977764038,0.8449846589723562,117,0.23031496062992127,117,0.11515748031496063
8,Epley et al. (2009),original,Race: White,0.23339395824729567,0.12488753809499324,0.06238970982643498,-0.01213726641762411,0.4789251829122154,395,0.7775590551181102,395,0.3887795275590551
8,Epley et al. (2009),original,Race: Nonwhite,0.3946906779141915,0.20548872665581475,0.05732971020963982,-0.01249895178062204,0.8018803076090051,113,0.22244094488188976,113,0.11122047244094488
8,Epley et al. (2009),original,Education: Less than College,0.28868986997773466,0.12515509210960404,0.02164431094655153,0.04255829903772312,0.5348214409177462,360,0.7086614173228346,360,0.3543307086614173
8,Epley et al. (2009),original,Education: College,0.07434129282272738,0.27340848586737476,0.7863105640210681,-0.46875107732841137,0.6174336629738661,93,0.1830708661417323,93,0.09153543307086615
8,Epley et al. (2009),original,Education: Graduate School,0.6567584632958152,0.3267981716379175,0.04956871514402312,0.00128433925586068,1.3122325873357696,55,0.10826771653543307,55,0.054133858267716536
8,Epley et al. (2009),original,Gender: Male,0.45301707517542783,0.14696826788513398,0.00227685215632974,0.16360165129950627,0.7424324990513493,259,0.5098425196850394,259,0.2549212598425197
8,Epley et al. (2009),original,Gender: Female,0.12864420921059058,0.1539378533062746,0.4041374022559085,-0.1745540580426854,0.4318424764638666,249,0.49015748031496065,249,0.24507874015748032
8,Epley et al. (2009),mt,Age: 18 - 39,0.09975762669364346,0.06656138946889667,0.13439229126356167,-0.03092529125195084,0.23044054463923777,705,0.7894736842105263,705,0.39473684210526316
8,Epley et al. (2009),mt,Age: 40 - 59,-0.15348932891841643,0.1614092709509561,0.3431383759121398,-0.47236792136118255,0.16538926352434968,155,0.17357222844344905,155,0.08678611422172453
8,Epley et al. (2009),mt,Age: More than 60,0.17550747887915982,0.3312196106544407,0.599968349817591,-0.500019370760755,0.8510343285190747,33,0.036954087346024636,33,0.018477043673012318
8,Epley et al. (2009),mt,Race: White,0.05216730679444931,0.06960536004811,0.45382640385214856,-0.08449502956375313,0.18882964315265177,696,0.7793952967525196,696,0.3896976483762598
8,Epley et al. (2009),mt,Race: Nonwhite,0.1280553220351988,0.12908076324944776,0.3223997058672724,-0.12651828218618463,0.3826289262565822,197,0.2206047032474804,197,0.1103023516237402
8,Epley et al. (2009),mt,Education: Less than College,-0.03751151588308291,0.08266979654410136,0.6502109069743465,-0.1999466947357887,0.12492366296962289,487,0.5453527435610303,487,0.2726763717805151
8,Epley et al. (2009),mt,Education: College,0.19180460191793863,0.10563480448426252,0.07036806510056079,-0.01603948366915164,0.39964868750502897,315,0.3527435610302352,315,0.1763717805151176
8,Epley et al. (2009),mt,Education: Graduate School,0.21020536860600117,0.1976904575816295,0.2905199524317098,-0.18260135970434668,0.603012096916349,91,0.1019036954087346,91,0.0509518477043673
8,Epley et al. (2009),mt,Gender: Male,0.11620334826080808,0.07808367829295046,0.13735608391720436,-0.03722390868434694,0.2696306052059631,483,0.5408734602463606,483,0.2704367301231803
8,Epley et al. (2009),mt,Gender: Female,0.01911310682333411,0.09588847561429235,0.842106709631511,-0.16938401439430545,0.20761022804097368,410,0.45912653975363943,410,0.22956326987681971
9,Flavin (2011),original,Age: 18 - 39,-0.6537597136309347,0.15333932750859727,3.0027544527292017e-5,-0.955984827302637,-0.35153459995923236,219,0.2844155844155844,219,0.1422077922077922
9,Flavin (2011),original,Age: 40 - 59,-0.7414903638885866,0.1425104782979704,3.654347419363394e-7,-1.0219447868990512,-0.46103594087812205,300,0.38961038961038963,300,0.19480519480519481
9,Flavin (2011),original,Age: More than 60,-0.8448053103410208,0.15279793536604877,8.126025246870691e-8,-1.145746477343781,-0.5438641433382605,251,0.32597402597402597,251,0.16298701298701299
9,Flavin (2011),original,Party ID: Democrat,-0.6792484707551832,0.1193067985891954,2.4264984177625758e-8,-0.9138005576485536,-0.4446963838618128,399,0.5181818181818182,399,0.2590909090909091
9,Flavin (2011),original,Party ID: Independent,0.05287751705985179,0.6009434089368948,0.931465414948951,-1.2697900080651348,1.3755450421848383,13,0.016883116883116882,13,0.008441558441558441
9,Flavin (2011),original,Party ID: Republican,-0.7798912226598012,0.13653641104089248,2.3596828023251045e-8,-1.048410554779629,-0.5113718905399732,358,0.4649350649350649,358,0.23246753246753246
9,Flavin (2011),original,Race: White,-0.7501165172773399,0.10289037726742874,9.813283664338368e-13,-0.9521862472989892,-0.5480467872556904,601,0.7805194805194805,601,0.39025974025974025
9,Flavin (2011),original,Race: Nonwhite,-0.7076855132924149,0.16911042629151915,4.605056104773912e-5,-1.0415553164503943,-0.37381571013443554,169,0.21948051948051947,169,0.10974025974025974
9,Flavin (2011),original,Education: Less than College,-0.8670806297112212,0.10564659301583648,1.8462001971262123e-15,-1.0746347834430037,-0.6595264759794388,514,0.6675324675324675,514,0.33376623376623377
9,Flavin (2011),original,Education: College,-0.3889876849867525,0.20143455947375147,0.05529719513430532,-0.7868989215209565,0.00892355154745144,157,0.2038961038961039,157,0.10194805194805195
9,Flavin (2011),original,Education: Graduate School,-0.38684427578663194,0.24449012086829236,0.11684797815733024,-0.8720894874252934,0.0984009358520294,99,0.12857142857142856,99,0.06428571428571428
9,Flavin (2011),original,Gender: Male,-0.7509732811295893,0.12591213510990346,5.546156346474206e-9,-0.998530738396849,-0.5034158238623295,389,0.5051948051948052,389,0.2525974025974026
9,Flavin (2011),original,Gender: Female,-0.7219935602307609,0.12433187744576224,1.3471568801229485e-8,-0.966460240464366,-0.4775268799971558,381,0.4948051948051948,381,0.2474025974025974
9,Flavin (2011),original,Ideology: Liberal,-0.7130808764496519,0.1654917458032405,2.535477742951679e-5,-1.0393462632340915,-0.3868154896652124,209,0.2714285714285714,209,0.1357142857142857
9,Flavin (2011),original,Ideology: Moderate,-0.5880667963266918,0.15000867076094124,1.117513014548414e-4,-0.8833780464554672,-0.2927555461979164,277,0.35974025974025975,277,0.17987012987012987
9,Flavin (2011),original,Ideology: Conservative,-0.8664073951521096,0.1453356616067273,7.454341392106212e-9,-1.152487841025977,-0.5803269492782427,284,0.36883116883116884,284,0.18441558441558442
9,Flavin (2011),mt,Age: 18 - 39,-0.3904407310095753,0.06992646111498559,3.23694263941457e-8,-0.5277035766176585,-0.2531778854014921,795,0.7926221335992024,795,0.3963110667996012
9,Flavin (2011),mt,Age: 40 - 59,-0.566337082693054,0.14773958666136813,1.754941729448652e-4,-0.8578948339504224,-0.27477933143568567,179,0.17846460618145563,179,0.08923230309072781
9,Flavin (2011),mt,Age: More than 60,-0.6791046811482251,0.4901357904929179,0.17722608531185974,-1.6847802533007816,0.32657089100433145,29,0.028913260219341975,29,0.014456630109670987
9,Flavin (2011),mt,Party ID: Democrat,-0.3084417102406622,0.0698227526569817,1.1786686300864456e-5,-0.4455598963222805,-0.1713235241590439,621,0.6191425722831505,621,0.30957128614157525
9,Flavin (2011),mt,Party ID: Independent,-0.4718308341733145,0.1599422963071307,0.00373833928613202,-0.7881057230592757,-0.15555594528735317,139,0.13858424725822532,139,0.06929212362911266
9,Flavin (2011),mt,Party ID: Republican,-0.6894568781532437,0.1446873694312712,3.263426989753916e-6,-0.97447019171162,-0.40444356459486736,243,0.24227318045862412,243,0.12113659022931206
9,Flavin (2011),mt,Race: White,-0.39333509872487,0.07360963297543481,1.2041805398655658e-7,-0.537836247484465,-0.248833949965275,766,0.7637088733798604,766,0.3818544366899302
9,Flavin (2011),mt,Race: Nonwhite,-0.5397028117483839,0.12058358187446463,1.1872813464123783e-5,-0.7772657397435963,-0.30213988375317147,237,0.23629112662013957,237,0.11814556331006978
9,Flavin (2011),mt,Education: Less than College,-0.3829974560383458,0.08429828845643385,6.827946990389545e-6,-0.5485881580345788,-0.2174067540421126,545,0.543369890329013,545,0.2716849451645065
9,Flavin (2011),mt,Education: College,-0.4333525139013417,0.10741940259997906,6.71517923271418e-5,-0.6446129528401957,-0.2220920749624877,356,0.35493519441674976,356,0.17746759720837488
9,Flavin (2011),mt,Education: Graduate School,-0.648998469133236,0.20236410041057548,0.00180135069918921,-1.0504830807194578,-0.2475138575470141,102,0.1016949152542373,102,0.05084745762711865
9,Flavin (2011),mt,Gender: Male,-0.30975695905252937,0.09511114383917511,0.00120408868023225,-0.4966282901500802,-0.12288562795497854,497,0.4955134596211366,497,0.2477567298105683
9,Flavin (2011),mt,Gender: Female,-0.5604495838655642,0.08166600470984585,1.990534086524712e-11,-0.7208973136077266,-0.40000185412340183,506,0.5044865403788634,506,0.2522432701894317
9,Flavin (2011),mt,Ideology: Liberal,-0.34496515101888575,0.07266400115537815,2.603054776649284e-6,-0.48768386400919905,-0.2022464380285724,578,0.576271186440678,578,0.288135593220339
9,Flavin (2011),mt,Ideology: Moderate,-0.23913756533389513,0.12650600780452373,0.06001703668806432,-0.4884438904667291,0.01016875979893885,224,0.22333000997008973,224,0.11166500498504486
9,Flavin (2011),mt,Ideology: Conservative,-0.980839897604875,0.154759493792351,1.5281326562904195e-9,-1.28601889417379,-0.6756609010359601,201,0.20039880358923232,201,0.10019940179461616
10,Gash and Murakami (2009),original,Age: 18 - 39,-0.7281277232739354,0.21905435869707465,0.00110458152704169,-1.1608015186970886,-0.29545392785078217,159,0.32056451612903225,159,0.16028225806451613
10,Gash and Murakami (2009),original,Age: 40 - 59,-0.5052635159561721,0.17956895025253194,0.00538300773856083,-0.8593441275482507,-0.15118290436409354,203,0.4092741935483871,203,0.20463709677419356
10,Gash and Murakami (2009),original,Age: More than 60,-0.922121551483052,0.20457722486392085,1.4313594331126068e-05,-1.3267955230704238,-0.5174475798956799,134,0.2701612903225806,134,0.1350806451612903
10,Gash and Murakami (2009),original,Party ID: Democrat,-0.8916203624391262,0.1486629641059632,6.648180232901747e-9,-1.184351820720655,-0.5988889041575975,263,0.530241935483871,263,0.2651209677419355
10,Gash and Murakami (2009),original,Party ID: Independent,-1.6166180360153444,0.504941312456541,0.00694621589370801,-2.7074774207996404,-0.5257586512310484,15,0.03024193548387097,15,0.015120967741935484
10,Gash and Murakami (2009),original,Party ID: Republican,-0.383546843867509,0.19801946197108897,0.05406005896547387,-0.7738446830148304,0.00675099527981243,218,0.43951612903225806,218,0.21975806451612903
10,Gash and Murakami (2009),original,Race: White,-0.6330747932883186,0.12550152242535248,7.048292255767176e-7,-0.8798350717779511,-0.3863145147986862,384,0.7741935483870968,384,0.3870967741935484
10,Gash and Murakami (2009),original,Race: Nonwhite,-0.8221342222718432,0.2621074141734735,0.00219289114512807,-1.3415695958703235,-0.30269884867336294,112,0.22580645161290322,112,0.11290322580645161
10,Gash and Murakami (2009),original,Education: Less than College,-0.8364441593677623,0.14164696870770654,8.228350966447968e-9,-1.1150141696985605,-0.5578741490369641,358,0.7217741935483871,358,0.36088709677419356
10,Gash and Murakami (2009),original,Education: College,-0.4111495081646633,0.2221790204164224,0.06779463409467053,-0.8530546437716438,0.03075562744231713,85,0.17137096774193547,85,0.08568548387096774
10,Gash and Murakami (2009),original,Education: Graduate School,-0.09771118685713556,0.35628689563612476,0.7850013781423757,-0.8129869761124314,0.6175646023981604,53,0.10685483870967742,53,0.05342741935483871
10,Gash and Murakami (2009),original,Gender: Male,-0.6380909477333788,0.16088246614279111,9.484387206879844e-5,-0.9549125876117924,-0.3212693078549652,258,0.5201612903225806,258,0.2600806451612903
10,Gash and Murakami (2009),original,Gender: Female,-0.740283855794485,0.17420110105548609,3.084812379169364e-5,-1.0834716707577916,-0.39709604083117833,238,0.4798387096774194,238,0.2399193548387097
10,Gash and Murakami (2009),original,Ideology: Liberal,-0.6151096496643603,0.23694850794292852,0.01050916494133496,-1.0838503198901943,-0.14636897943852611,133,0.26814516129032256,133,0.13407258064516128
10,Gash and Murakami (2009),original,Ideology: Moderate,-0.8565660878115634,0.18558283390541144,7.359829595946822e-6,-1.2227232303516946,-0.49040894527143225,185,0.37298387096774194,185,0.18649193548387097
10,Gash and Murakami (2009),original,Ideology: Conservative,-0.5724697162111967,0.19972539341056775,0.00465992221376996,-0.9666346482050818,-0.1783047842173116,178,0.3588709677419355,178,0.17943548387096775
10,Gash and Murakami (2009),mt,Age: 18 - 39,-0.7147390474321148,0.06033597125136264,1.2561695099065546e-30,-0.8331199706577311,-0.5963581242064985,1152,0.7583936800526663,1152,0.37919684002633314
10,Gash and Murakami (2009),mt,Age: 40 - 59,-0.5041418613059826,0.1232096780000609,5.464608543315393e-5,-0.746574882608829,-0.26170884000313616,312,0.2053982883475971,312,0.10269914417379855
10,Gash and Murakami (2009),mt,Age: More than 60,-0.6988230580618792,0.259343418661944,0.00941977862962963,-1.2190000814551187,-0.1786460346686396,55,0.03620803159973667,55,0.018104015799868336
10,Gash and Murakami (2009),mt,Party ID: Democrat,-0.6520128392979343,0.06574031878527307,3.8463843579917087e-22,-0.7810238113453586,-0.52300186725051,964,0.6346280447662936,964,0.3173140223831468
10,Gash and Murakami (2009),mt,Party ID: Independent,-1.0335583694038428,0.15909615326441162,9.290834712409477e-10,-1.3476850739812678,-0.7194316648264178,167,0.10994075049374588,167,0.05497037524687294
10,Gash and Murakami (2009),mt,Party ID: Republican,-0.6065501646777772,0.10304468647325347,8.585194718463685e-9,-0.809149285585719,-0.40395104376983554,388,0.2554312047399605,388,0.12771560236998025
10,Gash and Murakami (2009),mt,Race: White,-0.6901971682920446,0.06122188426677123,4.892322058587897e-28,-0.8103160588049168,-0.5700782777791724,1154,0.7597103357472021,1154,0.3798551678736011
10,Gash and Murakami (2009),mt,Race: Nonwhite,-0.6261686514549775,0.105749350613797,7.410458387105982e-9,-0.834126932163715,-0.4182103707462399,365,0.24028966425279788,365,0.12014483212639894
10,Gash and Murakami (2009),mt,Education: Less than College,-0.7538333862398034,0.07342471703382206,2.7017889595052575e-23,-0.8979645661893003,-0.6097022062903066,790,0.5200789993416721,790,0.26003949967083606
10,Gash and Murakami (2009),mt,Education: College,-0.6184726470516055,0.0863741003003308,2.530601739495799e-12,-0.7881281416706325,-0.4488171524325786,564,0.37129690585911784,564,0.18564845292955892
10,Gash and Murakami (2009),mt,Education: Graduate School,-0.42036482802955943,0.16822095558027556,0.01344893496860386,-0.7525380686808594,-0.08819158737825944,165,0.10862409479921001,165,0.054312047399605004
10,Gash and Murakami (2009),mt,Gender: Male,-0.7236612785607555,0.07382042890561781,2.0115704713759143e-21,-0.8685817834872659,-0.578740773634245,748,0.4924292297564187,748,0.24621461487820934
10,Gash and Murakami (2009),mt,Gender: Female,-0.6283821614666452,0.0759764839270953,5.841904191310765e-16,-0.7775280748787408,-0.4792362480545496,771,0.5075707702435813,771,0.25378538512179066
10,Gash and Murakami (2009),mt,Ideology: Liberal,-0.7183077296211146,0.07012570540229193,2.4628914610122043e-23,-0.8559415331407151,-0.580673926101514,879,0.5786701777485188,879,0.2893350888742594
10,Gash and Murakami (2009),mt,Ideology: Moderate,-0.6379000786711899,0.1151345116333336,6.70336137914172e-8,-0.8644923606703697,-0.4113077966720101,296,0.19486504279131006,296,0.09743252139565503
10,Gash and Murakami (2009),mt,Ideology: Conservative,-0.6428078749360342,0.10859207357244616,7.855020226571053e-9,-0.8564003007495032,-0.4292154491225651,344,0.22646477946017116,344,0.11323238973008558
11,Hiscox (2006),original,Age: 18 - 39,0.35742511729874143,0.09407028058609536,1.6134593133205105e-4,0.17263887686060278,0.5422113577368801,548,0.3403726708074534,545,0.06808244846970643
11,Hiscox (2006),original,Age: 40 - 59,0.1404821724953322,0.0919604320599891,0.12709211142261542,-0.04009528656158753,0.3210596315522519,651,0.4043478260869565,648,0.08094940662086196
11,Hiscox (2006),original,Age: More than 60,0.21301609138707495,0.11507423994881576,0.06487849897313734,-0.01319963182080374,0.4392318145949537,411,0.25527950310559006,408,0.050968144909431606
11,Hiscox (2006),original,Party ID: Democrat,0.16870782431050213,0.08794494004466312,0.05547799265599747,-0.00396179133826915,0.3413774399592734,700,0.43478260869565216,697,0.08707058088694566
11,Hiscox (2006),original,Party ID: Independent,0.3220134274756726,0.13542570392391895,0.01807882009937752,0.05544795086026044,0.5885789040910847,289,0.1795031055900621,286,0.03572767020612117
11,Hiscox (2006),original,Party ID: Republican,0.2652691848494375,0.08986097748292958,0.00327744120244795,0.08879817329179285,0.4417401964070822,621,0.38571428571428573,618,0.07720174890693317
11,Hiscox (2006),original,Race: White,0.26456834948108277,0.06502929433700018,5.042888951563314e-5,0.13698416033772093,0.3921525386244446,1201,0.7459627329192546,1198,0.14937655860349128
11,Hiscox (2006),original,Race: Nonwhite,0.12575532365560008,0.11762197645817506,0.28564127732871053,-0.1054722239623038,0.3569828712735039,409,0.25403726708074537,406,0.05062344139650873
11,Hiscox (2006),original,Education: Less than College,0.2545815761459007,0.07224928752538252,4.4401689216647946e-4,0.11281168753932276,0.3963514647524786,1052,0.653416149068323,1049,0.13104309806371017
11,Hiscox (2006),original,Education: College,0.2689804738621389,0.10676068787556918,0.01220295804008862,0.05899886634579091,0.47896208137848695,351,0.21801242236024845,348,0.043472829481574014
11,Hiscox (2006),original,Education: Graduate School,-0.02987465767997348,0.15034096555426946,0.8426873544020141,-0.3263135735493316,0.2665642581893846,207,0.12857142857142856,204,0.025484072454715803
11,Hiscox (2006),original,Gender: Male,0.12869508442679353,0.08630336269646835,0.13638113060972706,-0.04076251618070306,0.29815268503429015,675,0.4192546583850932,672,0.08379052369077307
11,Hiscox (2006),original,Gender: Female,0.29847217560151584,0.07519925887340267,7.770599327228227e-5,0.1508922704312098,0.4460520807718219,935,0.5807453416149069,932,0.11620947630922693
11,Hiscox (2006),original,Ideology: Liberal,0.2059790880752314,0.13335701271634548,0.1236906724271877,-0.05664228663067178,0.4686004627811346,260,0.16149068322981366,257,0.03210493441599001
11,Hiscox (2006),original,Ideology: Moderate,0.2785185839605939,0.07566799810268497,2.460894254673275e-4,0.13001581193234546,0.4270213559888424,921,0.5720496894409938,918,0.11467832604622111
11,Hiscox (2006),original,Ideology: Conservative,0.1293399060869284,0.11288622421123798,0.2525429715450976,-0.09254639992148808,0.3512262120953449,429,0.26645962732919254,426,0.05321673953778888
11,Hiscox (2006),mt,Age: 18 - 39,0.268649722934218,0.03780349926040187,1.6852584722987684e-12,0.1945083149765417,0.34279113089189434,1878,0.6318977119784657,1875,0.12656091798852515
11,Hiscox (2006),mt,Age: 40 - 59,0.24753280842914668,0.06104310404047573,5.4740141658052165e-5,0.12771951570148568,0.36734610115680766,853,0.2870121130551817,850,0.05737428282146473
11,Hiscox (2006),mt,Age: More than 60,0.1876522088368703,0.11447916179272696,0.10250765514567264,-0.03787939318189626,0.4131838108556369,241,0.08109017496635262,238,0.016064799190010123
11,Hiscox (2006),mt,Party ID: Democrat,0.2240190485814968,0.0382611564337885,5.675775448408559e-9,0.14897709987526742,0.2990609972877262,1770,0.5955585464333782,1767,0.1192710091123861
11,Hiscox (2006),mt,Party ID: Independent,0.3318142651680421,0.0842020935795682,9.500354799822447e-5,0.16630876054965443,0.4973197697864297,429,0.14434724091520862,426,0.028754640566992912
11,Hiscox (2006),mt,Party ID: Republican,0.29525066272573725,0.06590359745428644,8.59782547593496e-6,0.16587810024000635,0.4246232252114681,773,0.2600942126514132,770,0.05197435032062099
11,Hiscox (2006),mt,Race: White,0.27201998259713284,0.03640633372615597,1.1247326963576753e-13,0.2006265937988425,0.34341337139542316,2262,0.7611036339165546,2259,0.15232636547538772
11,Hiscox (2006),mt,Race: Nonwhite,0.2092349829456874,0.05792512376051958,3.252117034047094e-4,0.0955085835842222,0.3229613823071526,710,0.2388963660834455,707,0.04767363452461227
11,Hiscox (2006),mt,Education: Less than College,0.2877111073201625,0.04466454362979973,1.5795851465401529e-10,0.20010085861445404,0.3753213560258709,1534,0.5161507402422612,1531,0.10334120823489706
11,Hiscox (2006),mt,Education: College,0.22111890619707916,0.05136724417571065,1.8266137345629665e-5,0.1203263021626598,0.3219115102314985,1069,0.35969044414535667,1066,0.07195410057374282
11,Hiscox (2006),mt,Education: Graduate School,0.201532140994732,0.07803514173385166,0.01019615637458005,0.04807583431849033,0.3549884476709737,369,0.12415881561238223,366,0.02470469119136011
11,Hiscox (2006),mt,Gender: Male,0.21168287773232344,0.04128991350869925,3.351743067426457e-7,0.13068753217538345,0.2926782232892634,1434,0.48250336473755046,1431,0.09649359406608227
11,Hiscox (2006),mt,Gender: Female,0.3039419096007888,0.04563838322428265,3.810070680565491e-11,0.21442164330309776,0.3934621758984798,1538,0.5174966352624495,1535,0.10350640593391773
11,Hiscox (2006),mt,Ideology: Liberal,0.21421016869790832,0.04300315135336163,7.10085946983058e-7,0.1298528188542707,0.29856751854154595,1409,0.4740915208613728,1406,0.09490381370232873
11,Hiscox (2006),mt,Ideology: Moderate,0.2775785195992181,0.05618268486176076,9.190753441132642e-7,0.16732274587542062,0.3878342933230155,960,0.32301480484522205,957,0.06459669254134323
11,Hiscox (2006),mt,Ideology: Conservative,0.3168660193610596,0.07285802154840816,1.607069904858271e-5,0.17377731680677483,0.4599547219153444,603,0.2028936742934051,600,0.040499493756328046
12,Hopkins and Mummolo (2017),original,Age: 18 - 39,-0.186997857574556,0.07534602043564201,0.01324645926245364,-0.33486661731149625,-0.03912909783761578,928,0.28413962033067974,928,0.14206981016533987
12,Hopkins and Mummolo (2017),original,Age: 40 - 59,-0.15835294390055246,0.07205108048303034,0.02813730117211383,-0.29969997370280566,-0.01700591409829929,1323,0.4050826699326393,1323,0.20254133496631965
12,Hopkins and Mummolo (2017),original,Age: More than 60,-0.1408420100169064,0.08323885930891634,0.09094924843410934,-0.3041823365790961,0.02249831654528325,1015,0.31077770973668095,1015,0.15538885486834048
12,Hopkins and Mummolo (2017),original,Party ID: Democrat,-0.21245082840615648,0.05505261048160698,1.1814408048897092e-4,-0.32042994101556105,-0.1044717157967519,1678,0.5137783221065524,1678,0.2568891610532762
12,Hopkins and Mummolo (2017),original,Party ID: Independent,-0.12993738832484047,0.22181246730393017,0.5597022187051146,-0.5715320886827588,0.31165731203307784,80,0.02449479485609308,80,0.01224739742804654
12,Hopkins and Mummolo (2017),original,Party ID: Republican,-0.07794460469637586,0.07022269356184235,0.26719208717515097,-0.21568925813833784,0.05980004874558613,1508,0.46172688303735454,1508,0.23086344151867727
12,Hopkins and Mummolo (2017),original,Race: White,-0.164715092983376,0.0523344863185853,0.00166715623645417,-0.2673389674223753,-0.06209121854437668,2478,0.7587262706674831,2478,0.37936313533374155
12,Hopkins and Mummolo (2017),original,Race: Nonwhite,-0.15716861810135777,0.08030403552955066,0.05068112132782754,-0.3148043730266009,4.671368238853834e-4,788,0.24127372933251684,788,0.12063686466625842
12,Hopkins and Mummolo (2017),original,Education: Less than College,-0.20862382121793063,0.05414778765941003,1.2016295229557388e-4,-0.31481125805475263,-0.1024363843811086,2154,0.6595223515003061,2154,0.32976117575015307
12,Hopkins and Mummolo (2017),original,Education: College,0.0119485099470559,0.10267164818426423,0.9073913367888649,-0.1896679040043635,0.2135649238984753,638,0.19534598897734232,638,0.09767299448867116
12,Hopkins and Mummolo (2017),original,Education: Graduate School,-0.14186649306399032,0.1268501438827208,0.26397417677484375,-0.3911273653032719,0.10739437917529128,474,0.1451316595223515,474,0.07256582976117575
12,Hopkins and Mummolo (2017),original,Gender: Male,-0.19654745148374284,0.0644238551047311,0.0023167736054578,-0.3229046489569165,-0.07019025401056914,1725,0.528169014084507,1725,0.2640845070422535
12,Hopkins and Mummolo (2017),original,Gender: Female,-0.12431047712639356,0.061885923929559133,0.04474296856776076,-0.24570012620975704,-0.00292082804303009,1541,0.47183098591549294,1541,0.23591549295774647
12,Hopkins and Mummolo (2017),original,Ideology: Liberal,-0.08696289226146063,0.07580739652665458,0.2516392811836223,-0.23575402905940868,0.0618282445364874,854,0.26148193508879364,854,0.13074096754439682
12,Hopkins and Mummolo (2017),original,Ideology: Moderate,-0.22130868901359196,0.06821410649466242,0.00121109041468507,-0.3551463748913787,-0.08747100313580522,1155,0.35364360073484385,1155,0.17682180036742193
12,Hopkins and Mummolo (2017),original,Ideology: Conservative,-0.14327331722340014,0.07987905061673244,0.0731132059251932,-0.299984514652311,0.0134378802055107,1257,0.3848744641763625,1257,0.19243723208818125
12,Hopkins and Mummolo (2017),mt,Age: 18 - 39,-0.17919753708531935,0.04549415717463098,8.484625855253395e-5,-0.2684220121986274,-0.08997306197201133,1878,0.6318977119784657,1878,0.31594885598923284
12,Hopkins and Mummolo (2017),mt,Age: 40 - 59,-0.2454618965677096,0.07459142427031727,0.0010403083990378,-0.3918666258405448,-0.09905716729487445,853,0.2870121130551817,853,0.14350605652759085
12,Hopkins and Mummolo (2017),mt,Age: More than 60,-0.3626336744237054,0.1512554095519405,0.01727624206638953,-0.6605976660581813,-0.06466968278922958,241,0.08109017496635262,241,0.04054508748317631
12,Hopkins and Mummolo (2017),mt,Party ID: Democrat,-0.16432287983477922,0.04172223577764883,8.517814428650786e-5,-0.2461529791667395,-0.08249278050281895,1770,0.5955585464333782,1770,0.2977792732166891
12,Hopkins and Mummolo (2017),mt,Party ID: Independent,-0.3334627903870817,0.1131429798437331,0.00338167188774259,-0.555849296281763,-0.11107628449240035,429,0.14434724091520862,429,0.07217362045760431
12,Hopkins and Mummolo (2017),mt,Party ID: Republican,-0.2035776712435395,0.07772384403519635,0.00898568845729741,-0.35615312238489366,-0.05100222010218536,773,0.2600942126514132,773,0.1300471063257066
12,Hopkins and Mummolo (2017),mt,Race: White,-0.21080370491194533,0.04387608889656409,1.6529729733438096e-6,-0.2968453389325284,-0.12476207089136226,2262,0.7611036339165546,2262,0.3805518169582773
12,Hopkins and Mummolo (2017),mt,Race: Nonwhite,-0.2312960476993464,0.07473470803329706,0.002046392996265,-0.3780242162056216,-0.08456787919307118,710,0.2388963660834455,710,0.11944818304172275
12,Hopkins and Mummolo (2017),mt,Education: Less than College,-0.1585033148515905,0.054870120983707,0.00392275617377528,-0.2661318071123746,-0.05087482259080636,1534,0.5161507402422612,1534,0.2580753701211306
12,Hopkins and Mummolo (2017),mt,Education: College,-0.26659372022273903,0.06146657093494918,1.5797193968120603e-5,-0.38720279723413487,-0.1459846432113432,1069,0.35969044414535667,1069,0.17984522207267833
12,Hopkins and Mummolo (2017),mt,Education: Graduate School,-0.27306977469389193,0.09818134279962798,0.00569388307992791,-0.4661383727897308,-0.08000117659805306,369,0.12415881561238223,369,0.06207940780619112
12,Hopkins and Mummolo (2017),mt,Gender: Male,-0.22672670615258592,0.05934365664472378,1.3884062621719785e-4,-0.3431365271516848,-0.11031688515348705,1434,0.48250336473755046,1434,0.24125168236877523
12,Hopkins and Mummolo (2017),mt,Gender: Female,-0.2074659442423769,0.04886022172431592,2.3055194193523016e-5,-0.3033057396293086,-0.1116261488554452,1538,0.5174966352624495,1538,0.25874831763122474
12,Hopkins and Mummolo (2017),mt,Ideology: Liberal,-0.18240882798126923,0.04524112618047329,5.828774176412345e-5,-0.2711561492242107,-0.09366150673832772,1409,0.4740915208613728,1409,0.2370457604306864
12,Hopkins and Mummolo (2017),mt,Ideology: Moderate,-0.21077827121595544,0.06710917287286121,0.00173638143364162,-0.34247622041398884,-0.079080322017922,960,0.32301480484522205,960,0.16150740242261102
12,Hopkins and Mummolo (2017),mt,Ideology: Conservative,-0.25882882868049184,0.0950031177105788,0.00662877497010346,-0.445407258249082,-0.07225039911190168,603,0.2028936742934051,603,0.10144683714670255
13,"Jacobsen, Snyder and Saultz (2014)",original,Age: 18 - 39,0.42820685252129664,0.16965333140300273,0.01244361904511319,0.09350289372175564,0.7629108113208376,187,0.34501845018450183,187,0.17250922509225092
13,"Jacobsen, Snyder and Saultz (2014)",original,Age: 40 - 59,0.47380583408119953,0.1437054280493579,0.00115707618282234,0.19042497479476897,0.7571866933676301,201,0.37084870848708484,201,0.18542435424354242
13,"Jacobsen, Snyder and Saultz (2014)",original,Age: More than 60,0.8690092771402068,0.1905643213838458,1.0450686018474896e-5,0.4925125045239061,1.2455060497565076,154,0.28413284132841327,154,0.14206642066420663
13,"Jacobsen, Snyder and Saultz (2014)",original,Party ID: Democrat,0.5699919055454833,0.13815895458040706,4.830925352676555e-5,0.29807442067271284,0.8419093904182537,293,0.540590405904059,293,0.2702952029520295
13,"Jacobsen, Snyder and Saultz (2014)",original,Party ID: Independent,1.588184578456058,0.5638998766609624,0.02261789756225138,0.2878291310347598,2.888540025877356,10,0.01845018450184502,10,0.00922509225092251
13,"Jacobsen, Snyder and Saultz (2014)",original,Party ID: Republican,0.4342296760818337,0.13531017666142256,0.00151527554233433,0.16766537920688523,0.7007939729567823,239,0.44095940959409596,239,0.22047970479704798
13,"Jacobsen, Snyder and Saultz (2014)",original,Race: White,0.4927997285416801,0.10777826002682246,6.4855137524008955e-6,0.28090062803498883,0.7046988290483713,392,0.7232472324723247,392,0.36162361623616235
13,"Jacobsen, Snyder and Saultz (2014)",original,Race: Nonwhite,0.6764655434473362,0.20491704928926016,0.00120679892968526,0.27152435302187417,1.0814067338727984,150,0.2767527675276753,150,0.13837638376383765
13,"Jacobsen, Snyder and Saultz (2014)",original,Education: Less than College,0.48252558842448,0.12180201705840984,8.876675054467536e-5,0.2430432175488431,0.7220079593001169,386,0.7121771217712177,386,0.35608856088560886
13,"Jacobsen, Snyder and Saultz (2014)",original,Education: College,0.5142001917586029,0.1868430177958086,0.00712037888112917,0.14316698802183725,0.8852333954953685,95,0.1752767527675277,95,0.08763837638376384
13,"Jacobsen, Snyder and Saultz (2014)",original,Education: Graduate School,1.030383714644925,0.2661668114590802,2.7352138071196736e-4,0.4977851551148144,1.562982274175036,61,0.11254612546125461,61,0.05627306273062731
13,"Jacobsen, Snyder and Saultz (2014)",original,Gender: Male,0.4172616855415859,0.1386783068863585,0.00287104723873994,0.1442287876121206,0.6902945834710512,271,0.5,271,0.25
13,"Jacobsen, Snyder and Saultz (2014)",original,Gender: Female,0.6767186978407811,0.13578714188792504,1.1184667563923684e-6,0.4093779890909933,0.9440594065905688,271,0.5,271,0.25
13,"Jacobsen, Snyder and Saultz (2014)",original,Ideology: Liberal,0.4258906413786306,0.1817810410304201,0.02053391682969168,0.06652197732887954,0.7852593054283816,143,0.26383763837638374,143,0.13191881918819187
13,"Jacobsen, Snyder and Saultz (2014)",original,Ideology: Moderate,0.5613120575149758,0.16926698562213763,0.00109340147293385,0.2274281580928978,0.8951959569370538,192,0.35424354243542433,192,0.17712177121771217
13,"Jacobsen, Snyder and Saultz (2014)",original,Ideology: Conservative,0.6282759078595219,0.15172997869957128,5.057126900588893e-5,0.3291245509121177,0.9274272648069262,207,0.38191881918819187,207,0.19095940959409594
13,"Jacobsen, Snyder and Saultz (2014)",mt,Age: 18 - 39,0.46979311304823385,0.05381636881866709,1.6532562182796834e-17,0.364144018732696,0.5754422073637717,750,0.7560483870967742,750,0.3780241935483871
13,"Jacobsen, Snyder and Saultz (2014)",mt,Age: 40 - 59,0.4607701935605323,0.13268064644364808,6.294396120949075e-4,0.19916126214127625,0.7223791249797884,205,0.20665322580645162,205,0.10332661290322581
13,"Jacobsen, Snyder and Saultz (2014)",mt,Age: More than 60,0.5539190795761268,0.3436449361009971,0.1159675328835577,-0.14371722970558976,1.2515553888578437,37,0.037298387096774195,37,0.018649193548387098
13,"Jacobsen, Snyder and Saultz (2014)",mt,Party ID: Democrat,0.4864232996505815,0.05854949360909688,5.57562237287091e-16,0.3714566091479533,0.6013899901532097,659,0.6643145161290323,659,0.3321572580645161
13,"Jacobsen, Snyder and Saultz (2014)",mt,Party ID: Independent,0.24580624307105825,0.172493141722679,0.15698250350195525,-0.09603467660088594,0.5876471627430024,112,0.11290322580645161,112,0.056451612903225805
13,"Jacobsen, Snyder and Saultz (2014)",mt,Party ID: Republican,0.45767835250516214,0.12226033810750005,2.319607927768081e-4,0.21672090895526425,0.6986357960550601,221,0.22278225806451613,221,0.11139112903225806
13,"Jacobsen, Snyder and Saultz (2014)",mt,Race: White,0.4626205519473551,0.05877193014816474,1.1823414094424395e-14,0.3472492753095757,0.5779918285851344,776,0.782258064516129,776,0.3911290322580645
13,"Jacobsen, Snyder and Saultz (2014)",mt,Race: Nonwhite,0.4316386355633188,0.11004233564241568,1.180598881895764e-4,0.21473294895909964,0.6485443221675379,216,0.21774193548387097,216,0.10887096774193548
13,"Jacobsen, Snyder and Saultz (2014)",mt,Education: Less than College,0.4663001973040158,0.07125442117420085,1.3489924819125543e-10,0.32634268659110577,0.6062577080169258,564,0.5685483870967742,564,0.2842741935483871
13,"Jacobsen, Snyder and Saultz (2014)",mt,Education: College,0.4430371473371582,0.0827607211433177,1.6547836897203654e-7,0.28021135523928364,0.6058629394350328,321,0.3235887096774194,321,0.1617943548387097
13,"Jacobsen, Snyder and Saultz (2014)",mt,Education: Graduate School,0.4886941964495566,0.16324638414295098,0.00343802308225406,0.16500677257909965,0.8123816203200134,107,0.10786290322580645,107,0.053931451612903226
13,"Jacobsen, Snyder and Saultz (2014)",mt,Gender: Male,0.5016213218474246,0.06679534176218015,2.6377122767270613e-13,0.3703958613472988,0.6328467823475503,516,0.5201612903225806,516,0.2600806451612903
13,"Jacobsen, Snyder and Saultz (2014)",mt,Gender: Female,0.4151641683882686,0.07970771084719394,2.84276720134465e-7,0.25854000210810674,0.5717883346684303,476,0.4798387096774194,476,0.2399193548387097
13,"Jacobsen, Snyder and Saultz (2014)",mt,Ideology: Liberal,0.5197470159787191,0.0635277297102842,1.9184470818700803e-15,0.3949633205870169,0.6445307113704213,558,0.5625,558,0.28125
13,"Jacobsen, Snyder and Saultz (2014)",mt,Ideology: Moderate,0.2693633080893496,0.10663944803060428,0.01220651723669681,0.0592577955260653,0.4794688206526339,234,0.23588709677419356,234,0.11794354838709678
13,"Jacobsen, Snyder and Saultz (2014)",mt,Ideology: Conservative,0.5061582170022478,0.13234818397992645,1.7557190960341675e-4,0.24516528503393703,0.7671511489705587,200,0.20161290322580644,200,0.10080645161290322
14,Johnston and Ballard (2016),original,Age: 18 - 39,0.2973157684543272,0.08617822594428629,5.958305882354912e-4,0.12810295841068492,0.4665285784979695,670,0.3276283618581907,670,0.16381418092909536
14,Johnston and Ballard (2016),original,Age: 40 - 59,0.21805393139728624,0.07003654432916681,0.00191796230688944,0.0805678729175382,0.3555399898770343,769,0.37603911980440097,769,0.18801955990220048
14,Johnston and Ballard (2016),original,Age: More than 60,0.2297116381696199,0.08593291752045833,0.00771733213000845,0.06094803865683132,0.3984752376824085,606,0.2963325183374083,606,0.14816625916870416
14,Johnston and Ballard (2016),original,Party ID: Democrat,0.23402298749713615,0.06711194664050385,5.087405217010895e-4,0.10233302399911834,0.365712950995154,1044,0.5105134474327628,1044,0.2552567237163814
14,Johnston and Ballard (2016),original,Party ID: Independent,0.13865694151873492,0.21854397129653472,0.5274469188577151,-0.2957228657216216,0.5730367487590915,89,0.04352078239608802,89,0.02176039119804401
14,Johnston and Ballard (2016),original,Party ID: Republican,0.28349808541748067,0.06848276614438066,3.800642858763217e-5,0.1490955694251673,0.417900601409794,912,0.44596577017114913,912,0.22298288508557457
14,Johnston and Ballard (2016),original,Race: White,0.23990060911043615,0.05230224739869231,4.876975611113358e-6,0.13730691706557435,0.34249430115529794,1495,0.7310513447432763,1495,0.36552567237163813
14,Johnston and Ballard (2016),original,Race: Nonwhite,0.2745337739584961,0.0952612998228952,0.00410778292090606,0.08741177780520012,0.461655770111792,550,0.26894865525672373,550,0.13447432762836187
14,Johnston and Ballard (2016),original,Education: Less than College,0.26626570348053236,0.0532482105254454,6.464124869794588e-7,0.16180823389985527,0.37072317306120944,1363,0.6665036674816626,1363,0.3332518337408313
14,Johnston and Ballard (2016),original,Education: College,0.2921944368951288,0.11310421753314392,0.010141419409051401,0.0698329176239314,0.5145559561663262,397,0.1941320293398533,397,0.09706601466992665
14,Johnston and Ballard (2016),original,Education: Graduate School,0.0917741813675426,0.14809193590354314,0.5359467835675826,-0.19972730827108567,0.3832756710061709,285,0.1393643031784841,285,0.06968215158924206
14,Johnston and Ballard (2016),original,Gender: Male,0.2660068062842436,0.06888419065954299,1.1978044823270366e-4,0.1308344490895262,0.401179163478961,1013,0.4953545232273839,1013,0.24767726161369194
14,Johnston and Ballard (2016),original,Gender: Female,0.23718677850347308,0.06391114147476844,2.1732020493206536e-4,0.11177587421437776,0.3625976827925684,1032,0.5046454767726162,1032,0.2523227383863081
14,Johnston and Ballard (2016),original,Ideology: Liberal,0.3037493711917698,0.09595564329843644,0.00163391958510963,0.11526423442799091,0.4922345079555487,551,0.26943765281173593,551,0.13471882640586796
14,Johnston and Ballard (2016),original,Ideology: Moderate,0.22944814822711695,0.07675028214155998,0.00288928279717242,0.07876670969605279,0.3801295867581812,721,0.35256723716381416,721,0.17628361858190708
14,Johnston and Ballard (2016),original,Ideology: Conservative,0.22832454694521517,0.07396377267437944,0.00209442020627667,0.08313028739727388,0.3735188064931564,773,0.37799511002444985,773,0.18899755501222493
14,Johnston and Ballard (2016),mt,Age: 18 - 39,0.41891967197736546,0.01841133101679436,4.327252996208306e-112,0.382830254853008,0.4550090891017229,11285,0.7561139028475712,11285,0.3780569514237856
14,Johnston and Ballard (2016),mt,Age: 40 - 59,0.37462850221371746,0.03488911481901538,1.941802813888834e-26,0.3062206660479816,0.4430363383794534,3135,0.2100502512562814,3135,0.1050251256281407
14,Johnston and Ballard (2016),mt,Age: More than 60,0.28574121194986324,0.08699427475307896,0.00109245299809831,0.1148243080267142,0.4566581158730123,505,0.0338358458961474,505,0.0169179229480737
14,Johnston and Ballard (2016),mt,Party ID: Democrat,0.4116012600570622,0.02060226858035289,6.3862420665148276e-87,0.37121612325119463,0.4519863968629298,9000,0.6030150753768844,9000,0.3015075376884422
14,Johnston and Ballard (2016),mt,Party ID: Independent,0.33681498481352773,0.04058735289419512,1.7840261020677728e-16,0.2572228527621729,0.4164071168648826,2275,0.152428810720268,2275,0.076214405360134
14,Johnston and Ballard (2016),mt,Party ID: Republican,0.4247987368000042,0.03216878411230715,6.307488436669437e-39,0.3617281525330122,0.487869321066996,3650,0.24455611390284757,3650,0.12227805695142378
14,Johnston and Ballard (2016),mt,Race: White,0.3985475416896722,0.01831613968125162,6.75448187203325e-103,0.3626447700282006,0.4344503133511438,11445,0.7668341708542713,11445,0.38341708542713565
14,Johnston and Ballard (2016),mt,Race: Nonwhite,0.42216145416865647,0.03315041436951876,2.426956450922089e-36,0.3571652169888026,0.48715769134851034,3480,0.23316582914572864,3480,0.11658291457286432
14,Johnston and Ballard (2016),mt,Education: Less than College,0.413025328982728,0.0225221095460209,1.646040097933903e-73,0.36887564514982585,0.4571750128156302,7465,0.5001675041876047,7465,0.25008375209380235
14,Johnston and Ballard (2016),mt,Education: College,0.3891883188919684,0.02595167648018314,6.817421582464451e-50,0.3383131797669251,0.4400634580170116,5710,0.38257956448911223,5710,0.19128978224455612
14,Johnston and Ballard (2016),mt,Education: Graduate School,0.3975212842826157,0.04646089448977659,2.513003840180341e-17,0.30639650776688204,0.4886460607983493,1750,0.11725293132328309,1750,0.05862646566164154
14,Johnston and Ballard (2016),mt,Gender: Male,0.36628639442386535,0.02334456979798523,1.456041896130032e-54,0.32052403625279463,0.41204875259493606,7065,0.4733668341708543,7065,0.23668341708542714
14,Johnston and Ballard (2016),mt,Gender: Female,0.4435275507991928,0.02187239229417169,3.738270817045545e-89,0.400651845535892,0.4864032560624935,7860,0.5266331658291458,7860,0.2633165829145729
14,Johnston and Ballard (2016),mt,Ideology: Liberal,0.3855054722203097,0.0234073565418248,8.041695734438635e-60,0.3396199601517389,0.43139098428888045,7000,0.46901172529313234,7000,0.23450586264656617
14,Johnston and Ballard (2016),mt,Ideology: Moderate,0.4007039931653267,0.02788904019572326,6.979991355729052e-46,0.3460289679073603,0.45537901842329304,4900,0.32830820770519265,4900,0.16415410385259632
14,Johnston and Ballard (2016),mt,Ideology: Conservative,0.45772760695859055,0.03511971549376658,8.107365321855232e-38,0.3888666587220804,0.5265885551951007,3025,0.20268006700167504,3025,0.10134003350083752
15,Levendusky and Malhotra (2015),original,Age: 18 - 39,0.2009487174635875,0.14728614797826373,0.17335434743890318,-0.08874903759869068,0.4906464725258657,345,0.32763532763532766,345,0.16381766381766383
15,Levendusky and Malhotra (2015),original,Age: 40 - 59,0.03801975061164329,0.1282062588387256,0.7669648532179825,-0.21403219861917488,0.29007169984246145,397,0.37701804368471037,397,0.18850902184235518
15,Levendusky and Malhotra (2015),original,Age: More than 60,0.252154311405969,0.14016036725173908,0.07298776520095535,-0.02363516251608449,0.5279437853280224,311,0.29534662867996203,311,0.14767331433998102
15,Levendusky and Malhotra (2015),original,Party ID: Democrat,0.18073311554640611,0.11328797508040958,0.11131215810971638,-0.04188418588664774,0.40335041697945995,469,0.4453941120607787,469,0.22269705603038936
15,Levendusky and Malhotra (2015),original,Party ID: Independent,0.2026764073827161,0.26666406306977214,0.4524666933423416,-0.3392501706231821,0.7446029853886142,36,0.03418803418803419,36,0.017094017094017096
15,Levendusky and Malhotra (2015),original,Party ID: Republican,0.13628350561995844,0.11523326049476124,0.23745268676323844,-0.09007129525777113,0.362638306497688,548,0.5204178537511871,548,0.26020892687559355
15,Levendusky and Malhotra (2015),original,Race: White,0.18484264909673953,0.08542718144790168,0.03078881266479884,0.01714655605643658,0.3525387421370425,777,0.7378917378917379,777,0.36894586894586895
15,Levendusky and Malhotra (2015),original,Race: Nonwhite,0.11198728222844374,0.16830870810404922,0.5063746329937917,-0.2193552765385388,0.4433298409954262,276,0.2621082621082621,276,0.13105413105413105
15,Levendusky and Malhotra (2015),original,Education: Less than College,0.17982316745840018,0.1008882031460193,0.07511854436647251,-0.01825754805037668,0.37790388296717703,700,0.6647673314339981,700,0.33238366571699907
15,Levendusky and Malhotra (2015),original,Education: College,0.14043284490636984,0.15680152252208546,0.3714273771847666,-0.16856948052447654,0.44943517033721625,225,0.21367521367521367,225,0.10683760683760683
15,Levendusky and Malhotra (2015),original,Education: Graduate School,0.06922264804309851,0.21430667219557545,0.7472250333796978,-0.35488395604238465,0.4933292521285817,128,0.12155745489078823,128,0.060778727445394115
15,Levendusky and Malhotra (2015),original,Gender: Male,0.14416186218173344,0.11761187278907832,0.22082404725693455,-0.08686529032376195,0.3751890146872288,548,0.5204178537511871,548,0.26020892687559355
15,Levendusky and Malhotra (2015),original,Gender: Female,0.17697144307658724,0.11074103888636956,0.11065634070358416,-0.04060052424441673,0.3945434103975912,505,0.4795821462488129,505,0.23979107312440645
15,Levendusky and Malhotra (2015),original,Ideology: Liberal,0.06845318805834091,0.13539681181798977,0.6135077837872323,-0.19793997404386543,0.3348463501605473,318,0.301994301994302,318,0.150997150997151
15,Levendusky and Malhotra (2015),original,Ideology: Moderate,0.4034722545820516,0.14841067302730157,0.00688578868579267,0.11157162790964452,0.6953728812544586,348,0.33048433048433046,348,0.16524216524216523
15,Levendusky and Malhotra (2015),original,Ideology: Conservative,-3.6925928239200234e-4,0.13157708180830122,0.9977622650133112,-0.25906885643189775,0.25833033786711374,387,0.36752136752136755,387,0.18376068376068377
15,Levendusky and Malhotra (2015),mt,Age: 18 - 39,0.33778795671760786,0.06539196132641197,2.786329553736172e-7,0.2094980460784386,0.46607786735677714,1254,0.6311021640664318,1254,0.3155510820332159
15,Levendusky and Malhotra (2015),mt,Age: 40 - 59,0.4459299755732758,0.08956912864872392,8.481458787809589e-7,0.2700067626123311,0.6218531885342204,576,0.2898842476094615,576,0.14494212380473076
15,Levendusky and Malhotra (2015),mt,Age: More than 60,0.12592556790074858,0.16501444600651827,0.4465526512597884,-0.200041845178716,0.45189298098021313,157,0.0790135883241067,157,0.03950679416205335
15,Levendusky and Malhotra (2015),mt,Party ID: Democrat,0.41195928023308903,0.06199968477960605,4.6233721497001565e-11,0.29031809764535177,0.5336004628208263,1189,0.5983895319577253,1189,0.29919476597886263
15,Levendusky and Malhotra (2015),mt,Party ID: Independent,0.2215679305714295,0.14356125101521794,0.1238470914666799,-0.06100271151618455,0.5041385726590436,288,0.14494212380473076,288,0.07247106190236538
15,Levendusky and Malhotra (2015),mt,Party ID: Republican,0.3301843136637923,0.10575791375880264,0.00189811493513023,0.12240758187944636,0.5379610454481383,510,0.25666834423754403,510,0.12833417211877202
15,Levendusky and Malhotra (2015),mt,Race: White,0.3474021953905101,0.0564690097178342,9.773525136303511e-10,0.23663624385825088,0.4581681469227693,1513,0.7614494212380473,1513,0.38072471061902363
15,Levendusky and Malhotra (2015),mt,Race: Nonwhite,0.39946164853750366,0.10989906554839868,3.0875593445058903e-4,0.1835096905941015,0.6154136064809058,474,0.23855057876195268,474,0.11927528938097634
15,Levendusky and Malhotra (2015),mt,Education: Less than College,0.34512489010916925,0.07132527178661084,1.504740176291087e-6,0.2051665730931213,0.4850832071252172,1039,0.5228988424760946,1039,0.2614494212380473
15,Levendusky and Malhotra (2015),mt,Education: College,0.35652843869677736,0.08557880782852223,3.48865757355381e-5,0.1885048683684431,0.5245520090251117,698,0.35128334172118775,698,0.17564167086059387
15,Levendusky and Malhotra (2015),mt,Education: Graduate School,0.468464997352432,0.12559960910707751,2.3751070410356568e-4,0.22108706515017784,0.7158429295546861,250,0.12581781580271767,250,0.06290890790135883
15,Levendusky and Malhotra (2015),mt,Gender: Male,0.2994482418327941,0.07248899990313146,3.926302624927657e-5,0.15719380692860638,0.4417026767369818,966,0.48616004026170107,966,0.24308002013085053
15,Levendusky and Malhotra (2015),mt,Gender: Female,0.4202081245334728,0.07058048105243803,3.605641326885899e-9,0.28170841755782017,0.5587078315091254,1021,0.513839959738299,1021,0.2569199798691495
15,Levendusky and Malhotra (2015),mt,Ideology: Liberal,0.47540289031258975,0.06730903169690527,3.157861129735587e-12,0.3433104308615277,0.6074953497636518,947,0.4765978862606945,947,0.23829894313034725
15,Levendusky and Malhotra (2015),mt,Ideology: Moderate,0.3368490559819189,0.09480126213686844,4.085547309134747e-4,0.15068994496243565,0.5230081670014022,642,0.32310015098137895,642,0.16155007549068948
15,Levendusky and Malhotra (2015),mt,Ideology: Conservative,0.13482930582536218,0.11816693851667762,0.25455654876038736,-0.09748365852513148,0.3671422701758558,398,0.20030196275792653,398,0.10015098137896326
16,"McGinty, Webster and Barry (2013)",original,Age: 18 - 39,0.0750281721132902,0.0799523115938416,0.3483183198912453,-0.08191471474147503,0.23197105896805545,798,0.2718909710391823,796,0.06794127688630933
16,"McGinty, Webster and Barry (2013)",original,Age: 40 - 59,0.14336163427597823,0.0700846164251707,0.04102423897824649,0.00585581944891747,0.28086744910303896,1172,0.39931856899488927,1170,0.099863434619324
16,"McGinty, Webster and Barry (2013)",original,Age: More than 60,0.12910053719098083,0.08007915277570579,0.10725510992791802,-0.02804964208277702,0.28625071646473865,965,0.32879045996592843,963,0.08219528849436668
16,"McGinty, Webster and Barry (2013)",original,Party ID: Democrat,0.0905531737070791,0.05917664828490471,0.1261725039730589,-0.02552409136450259,0.2066304387786608,1512,0.5151618398637138,1510,0.1288835780129737
16,"McGinty, Webster and Barry (2013)",original,Party ID: Independent,0.07486071532868742,0.1950729892742881,0.7020734643453,-0.31274515920834023,0.4624665898657151,93,0.031686541737649065,91,0.007767156025947422
16,"McGinty, Webster and Barry (2013)",original,Party ID: Republican,0.14438821480289457,0.06702739244933296,0.03140676473511793,0.01289691705634107,0.2758795125494481,1330,0.45315161839863716,1328,0.11334926596107886
16,"McGinty, Webster and Barry (2013)",original,Race: White,0.14864794689175595,0.05082829862713393,0.0034848737977458,0.04897206621435435,0.24832382756915755,2228,0.7591141396933561,2226,0.18986693961105425
16,"McGinty, Webster and Barry (2013)",original,Race: Nonwhite,0.04441007672633711,0.08753552731509284,0.6120769739299736,-0.12745229310577252,0.21627244655844677,707,0.24088586030664394,705,0.06013306038894575
16,"McGinty, Webster and Barry (2013)",original,Education: Less than College,0.15929513566256828,0.05435038016712438,0.00341921676695533,0.05270418770770231,0.26588608361743427,1954,0.6657580919931857,1952,0.16660976442471834
16,"McGinty, Webster and Barry (2013)",original,Education: College,-0.01221933884809825,0.09556620265507625,0.8983026835446188,-0.19992282423676805,0.17548414654057154,576,0.19625212947189097,574,0.04899283031751451
16,"McGinty, Webster and Barry (2013)",original,Education: Graduate School,0.02437113408293946,0.12377316513312948,0.8440043002324862,-0.21895421752895777,0.26769648569483673,405,0.13798977853492334,403,0.034397405257767154
16,"McGinty, Webster and Barry (2013)",original,Gender: Male,0.08730355985939343,0.06374916825048677,0.1710588992913739,-0.03774653736443652,0.2123536570832234,1459,0.4971039182282794,1457,0.12427499147048789
16,"McGinty, Webster and Barry (2013)",original,Gender: Female,0.14250882740035486,0.0617997863976383,0.02125036609309582,0.02128379488836881,0.2637338599123409,1476,0.5028960817717206,1474,0.1257250085295121
16,"McGinty, Webster and Barry (2013)",original,Ideology: Liberal,-0.0321587217279245,0.08519308693965937,0.7059126558327407,-0.19937677741136947,0.13505933395552047,838,0.2855195911413969,836,0.07135541140320929
16,"McGinty, Webster and Barry (2013)",original,Ideology: Moderate,0.2682064417357629,0.07266540042438083,2.353828797536159e-4,0.12561331722510005,0.4107995662464258,1010,0.3441226575809199,1008,0.08603618982587914
16,"McGinty, Webster and Barry (2013)",original,Ideology: Conservative,0.0648870825145048,0.07373885523568283,0.3790773734100648,-0.07980011782648937,0.20957428285549895,1087,0.3703577512776831,1085,0.09260839877091158
16,"McGinty, Webster and Barry (2013)",mt,Age: 18 - 39,0.00281645261844095,0.04481049940437691,0.949890703914388,-0.08506773166936046,0.0907006369062424,1863,0.7490952955367913,1861,0.18752519145505844
16,"McGinty, Webster and Barry (2013)",mt,Age: 40 - 59,0.05016286561511653,0.08800324059782609,0.568910478927455,-0.12271361581806337,0.2230393470482964,536,0.21552070767993567,534,0.05380894800483676
16,"McGinty, Webster and Barry (2013)",mt,Age: More than 60,-0.06546599610188189,0.19930347916283783,0.7433708011814748,-0.4618028214269929,0.3308708292232292,88,0.03538399678327302,86,0.008665860540104797
16,"McGinty, Webster and Barry (2013)",mt,Party ID: Democrat,-0.01049643646947843,0.04260012035250275,0.8054105111082178,-0.09405847440947426,0.07306560147051741,1506,0.6055488540410132,1504,0.15155179363160015
16,"McGinty, Webster and Barry (2013)",mt,Party ID: Independent,0.08379505440173447,0.10415298110733934,0.4216056508474398,-0.1210146242055395,0.28860473300900846,372,0.14957780458383596,370,0.03728335348649738
16,"McGinty, Webster and Barry (2013)",mt,Party ID: Republican,0.02263472085006153,0.08139218627000942,0.7810348157382205,-0.13721080910789898,0.182480250808022,609,0.2448733413751508,607,0.06116485288190246
16,"McGinty, Webster and Barry (2013)",mt,Race: White,-0.01283039837662202,0.04535780584145258,0.7773063314222222,-0.10178605364743017,0.07612525689418612,1927,0.7748291113791717,1925,0.19381796214256947
16,"McGinty, Webster and Barry (2013)",mt,Race: Nonwhite,0.0930986765615374,0.07741077198297376,0.22962062932676144,-0.05895464307088396,0.24515199619395875,560,0.22517088862082832,558,0.056182037857430527
16,"McGinty, Webster and Barry (2013)",mt,Education: Less than College,0.01308279463578714,0.05745108501704693,0.8199017513849223,-0.09963145284335162,0.1257970421149259,1220,0.49055086449537594,1218,0.12273276904474002
16,"McGinty, Webster and Barry (2013)",mt,Education: College,0.00164428446427419,0.06154451757802295,0.9786910234387916,-0.11913334402421072,0.12242191295275912,962,0.38681141938078006,960,0.09673518742442563
16,"McGinty, Webster and Barry (2013)",mt,Education: Graduate School,-0.04586772989480386,0.103265516390753,0.6572368430555346,-0.24908151609126492,0.15734605630165718,305,0.12263771612384398,303,0.03053204353083434
16,"McGinty, Webster and Barry (2013)",mt,Gender: Male,-0.04371782129663352,0.0602745807822056,0.4684091571708512,-0.16197862052417256,0.0745429779309055,1151,0.4628065942903096,1149,0.11568666935159082
16,"McGinty, Webster and Barry (2013)",mt,Gender: Female,0.04130305839436839,0.04931594761100406,0.40245097275754704,-0.05544233222730411,0.1380484490160409,1336,0.5371934057096904,1334,0.1343133306484092
16,"McGinty, Webster and Barry (2013)",mt,Ideology: Liberal,-0.05321704789102229,0.04681761857823536,0.2558971851121768,-0.14507124017907969,0.03863714439703511,1195,0.4804985926819461,1193,0.1202136235388956
16,"McGinty, Webster and Barry (2013)",mt,Ideology: Moderate,0.07776763566268557,0.0705116045507565,0.27040750375329636,-0.06064679921912475,0.2161820705444959,786,0.316043425814234,784,0.07900040306328093
16,"McGinty, Webster and Barry (2013)",mt,Ideology: Conservative,0.02507095421469623,0.0897180105509395,0.7800209593937961,-0.15119809691595973,0.2013400053453522,506,0.20345798150381986,504,0.05078597339782346
17,Murtagh et al. (2012),original,Age: 18 - 39,-0.36266023501556555,0.23675121187116965,0.12961288195212814,-0.8339956912068991,0.10867522117576806,80,0.2952029520295203,80,0.14760147601476015
17,Murtagh et al. (2012),original,Age: 40 - 59,-0.3988725090879348,0.24525094150653656,0.10678214463974713,-0.8850024220984458,0.08725740392257625,110,0.4059040590405904,110,0.2029520295202952
17,Murtagh et al. (2012),original,Age: More than 60,-0.6489659296699636,0.3061449620914149,0.03716235880440098,-1.258332233825715,-0.03959962551421214,81,0.2988929889298893,81,0.14944649446494465
17,Murtagh et al. (2012),original,Race: White,-0.5268384936126299,0.1856894108368764,0.00503207726673547,-0.8930559019427676,-0.1606210852824922,197,0.7269372693726938,197,0.3634686346863469
17,Murtagh et al. (2012),original,Race: Nonwhite,-0.22327888069994897,0.24863055574900603,0.3721603077588744,-0.7189148351444858,0.27235707374458795,74,0.2730627306273063,74,0.13653136531365315
17,Murtagh et al. (2012),original,Education: Less than College,-0.3390047561453873,0.17817225115076055,0.05858667566862072,-0.6904427491715193,0.01243323688074476,193,0.7121771217712177,193,0.35608856088560886
17,Murtagh et al. (2012),original,Education: College,-0.6064167079911003,0.3202031481113067,0.06440890859507574,-1.2505823536704286,0.03774893768822807,49,0.18081180811808117,49,0.09040590405904059
17,Murtagh et al. (2012),original,Education: Graduate School,-0.7798605906968785,0.5464311261522407,0.1649889538242397,-1.9010446504907343,0.3413234690969773,29,0.1070110701107011,29,0.05350553505535055
17,Murtagh et al. (2012),original,Gender: Male,-0.500712550069853,0.1898618297594159,0.00942792587088381,-0.8765022946148779,-0.1249228055248281,126,0.46494464944649444,126,0.23247232472324722
17,Murtagh et al. (2012),original,Gender: Female,-0.36525165202852616,0.22695485378685049,0.10974345150965883,-0.81387154079129,0.08336823673423766,145,0.5350553505535055,145,0.26752767527675275
17,Murtagh et al. (2012),mt,Age: 18 - 39,-0.3924351217682652,0.10598797195921825,2.5490504429467696e-4,-0.6010293554444391,-0.18384088809209137,295,0.7994579945799458,295,0.3997289972899729
17,Murtagh et al. (2012),mt,Age: 40 - 59,-0.4249575852815163,0.21914158749634705,0.05675480163809279,-0.8624878815894477,0.01257271102641505,68,0.1842818428184282,68,0.0921409214092141
17,Murtagh et al. (2012),mt,Age: More than 60,-1.548059774954094,1.153855630010127,0.25081535976844566,-4.751676591000627,1.6555570410924394,6,0.016260162601626018,6,0.008130081300813009
17,Murtagh et al. (2012),mt,Race: White,-0.5124113940407486,0.10865838696041458,3.779414840951847e-6,-0.7262893645376705,-0.2985334235438269,286,0.7750677506775068,286,0.3875338753387534
17,Murtagh et al. (2012),mt,Race: Nonwhite,-0.06435213516708936,0.1915162865899948,0.7377292434944003,-0.4454094713144546,0.3167052009802758,83,0.22493224932249323,83,0.11246612466124661
17,Murtagh et al. (2012),mt,Education: Less than College,-0.48659488943001505,0.12565567500481403,1.472106100195109e-4,-0.734421497526702,-0.23876828133332803,196,0.5311653116531165,196,0.26558265582655827
17,Murtagh et al. (2012),mt,Education: College,-0.21631138269560624,0.15822619981026484,0.17384869250614118,-0.5292133092643613,0.09659054387314878,138,0.37398373983739835,138,0.18699186991869918
17,Murtagh et al. (2012),mt,Education: Graduate School,-0.8944345366401434,0.30493518399470426,0.00605882053893082,-1.514829833207898,-0.2740392400723889,35,0.0948509485094851,35,0.04742547425474255
17,Murtagh et al. (2012),mt,Gender: Male,-0.46753381126743226,0.13242370598999267,5.145998812998216e-4,-0.7286596170287056,-0.20640800550615884,202,0.5474254742547425,202,0.27371273712737126
17,Murtagh et al. (2012),mt,Gender: Female,-0.34396392704145007,0.13653411698254664,0.01271144337302329,-0.613543117676161,-0.0743847364067392,167,0.45257452574525747,167,0.22628726287262874
18,Nicholson (2012),original,Age: 18 - 39,0.28219831570092097,0.19847480588915925,0.1568047019966295,-0.10943828888270946,0.6738349202845514,183,0.23431498079385404,182,0.0779777206512425
18,Nicholson (2012),original,Age: 40 - 59,0.09280820892723676,0.12046282637336105,0.4415485917349117,-0.14408881581173605,0.3297052336662095,364,0.4660691421254802,363,0.15552699228791775
18,Nicholson (2012),original,Age: More than 60,0.3912850203199536,0.11229118583279107,5.896715549115787e-4,0.1700391949185611,0.6125308457213461,234,0.29961587708066584,233,0.09982862039417309
18,Nicholson (2012),original,Party ID: Democrat,0.18635348597161533,0.12360479873918452,0.13238560939959987,-0.0565993425568691,0.42930631450009976,427,0.5467349551856594,427,0.2733674775928297
18,Nicholson (2012),original,Party ID: Republican,0.27834730177045436,0.11588318930000534,0.01682487770001972,0.05043679377304855,0.5062578097678602,354,0.4532650448143406,354,0.2266325224071703
18,Nicholson (2012),original,Race: White,0.23186691869219647,0.09138384131806548,0.01141786117383715,0.0524041220465111,0.4113297153378819,617,0.7900128040973111,616,0.2635857937526744
18,Nicholson (2012),original,Race: Nonwhite,0.2833850562209419,0.19171871565149853,0.14132683355358994,-0.09522261478789662,0.6619927272297804,164,0.20998719590268886,163,0.06974753958065896
18,Nicholson (2012),original,Education: Less than College,0.18689853331736947,0.1064233428917493,0.07964297012125537,-0.02217121066408681,0.3959682772988258,526,0.6734955185659411,525,0.2249357326478149
18,Nicholson (2012),original,Education: College,0.32720518441975366,0.16833154684515444,0.05351258971771411,-0.00500291181491918,0.6594132806544265,179,0.22919334186939821,178,0.07626392459297343
18,Nicholson (2012),original,Education: Graduate School,0.2451024765518316,0.23466403501800617,0.2997086610314403,-0.22258227078877096,0.7127872238924342,76,0.0973111395646607,75,0.032133676092544985
18,Nicholson (2012),original,Gender: Male,0.1058589703844398,0.11841232580330452,0.37185380921368105,-0.12691205308715017,0.33862999385602977,413,0.528809218950064,412,0.17629439452289258
18,Nicholson (2012),original,Gender: Female,0.35863027173119333,0.12273280666514474,0.00369394133801873,0.11727809795409588,0.5999824455082907,368,0.471190781049936,367,0.15703893881044073
18,Nicholson (2012),mt,Age: 18 - 39,0.12000748797090266,0.07206214663328803,0.09623060569773158,-0.02144178640971675,0.26145676235152204,818,0.7443130118289354,817,0.24847931873479318
18,Nicholson (2012),mt,Age: 40 - 59,0.06828621017661457,0.13941883200192207,0.624746003557495,-0.20640885456956048,0.3429812749227896,234,0.21292083712465878,233,0.07086374695863747
18,Nicholson (2012),mt,Age: More than 60,0.04919196183339039,0.2827902521563378,0.8627009749130747,-0.5207343427312685,0.6191182663980492,47,0.042766151046405826,46,0.013990267639902677
18,Nicholson (2012),mt,Party ID: Democrat,0.05470926157369278,0.07027447606655746,0.43652031676044745,-0.08325367466708215,0.1926721978144677,736,0.6696997270245678,736,0.3348498635122839
18,Nicholson (2012),mt,Party ID: Republican,0.22188535365414516,0.12802723963759854,0.08392995157873269,-0.02988752158695537,0.47365822889524567,363,0.3303002729754322,363,0.1651501364877161
18,Nicholson (2012),mt,Race: White,0.123239539568055,0.07283608080746637,0.09105846051890608,-0.01974699634954231,0.2662260754856523,754,0.6860782529572339,753,0.22880583409298086
18,Nicholson (2012),mt,Race: Nonwhite,0.06910241545205452,0.11588161417669364,0.5513565838107435,-0.1588279874301392,0.29703281833424827,345,0.31392174704276615,344,0.10452749924035247
18,Nicholson (2012),mt,Education: Less than College,0.1428860219105152,0.0976006476106038,0.14388366015981308,-0.04891458353799677,0.33468662735902716,461,0.4194722474977252,460,0.13990267639902676
18,Nicholson (2012),mt,Education: College,0.0791627433507843,0.09379229905052466,0.3990785494897243,-0.105132451805428,0.2634579385069966,482,0.4385805277525023,481,0.14628953771289538
18,Nicholson (2012),mt,Education: Graduate School,0.07582810286112163,0.143282983493713,0.5974204010125945,-0.20724037163411396,0.3588965773563572,156,0.14194722474977253,155,0.04714111922141119
18,Nicholson (2012),mt,Gender: Male,0.12176269913065438,0.08023058202997811,0.1295979510366832,-0.03578664474595064,0.2793120430072594,638,0.5805277525022748,637,0.19355818900030386
18,Nicholson (2012),mt,Gender: Female,0.07933164928316488,0.09917357337591363,0.4241676122751909,-0.11556000239811016,0.2742233009644399,461,0.4194722474977252,460,0.13977514433302948
19,Parmer (2011),original,Age: 18 - 39,0.18632363018515816,0.16915915136968684,0.2722679803662394,-0.14762786139524914,0.5202751217655655,170,0.32755298651252407,170,0.16377649325626203
19,Parmer (2011),original,Age: 40 - 59,0.01742552938531313,0.1760946554767069,0.921272737043484,-0.32981485675131916,0.3646659155219455,202,0.3892100192678227,202,0.19460500963391136
19,Parmer (2011),original,Age: More than 60,-0.2775445110323321,0.18880901395645724,0.14373506526246574,-0.6507178921778627,0.0956288701131986,147,0.2832369942196532,147,0.1416184971098266
19,Parmer (2011),original,Party ID: Democrat,-0.00190576806610448,0.12546088356717144,0.9878919197681488,-0.24893276282682883,0.24512122669461983,267,0.5144508670520231,267,0.25722543352601157
19,Parmer (2011),original,Party ID: Independent,0.5044687893424333,0.7756170662463452,0.5236434565979139,-1.1250421999216067,2.1339797786064736,20,0.038535645472061654,20,0.019267822736030827
19,Parmer (2011),original,Party ID: Republican,-0.0082951461035028,0.16580530138958266,0.9601423485223676,-0.33498659960884747,0.3183963074018419,232,0.44701348747591524,232,0.22350674373795762
19,Parmer (2011),original,Race: White,-0.07718139836113316,0.1217050188570072,0.5263621668643589,-0.3164995676585489,0.16213677093628256,373,0.7186897880539499,373,0.35934489402697495
19,Parmer (2011),original,Race: Nonwhite,0.19542607837074233,0.19213584321341032,0.3108000669861562,-0.18434483857719056,0.5751969953186753,146,0.2813102119460501,146,0.14065510597302505
19,Parmer (2011),original,Education: Less than College,-0.04423064210153216,0.13187265233333284,0.7375128881254294,-0.3035561815983826,0.21509489739531829,367,0.7071290944123314,367,0.3535645472061657
19,Parmer (2011),original,Education: College,0.09738011709375403,0.1849009013201359,0.5997847202527633,-0.27019070940496964,0.46495094359247774,88,0.16955684007707128,88,0.08477842003853564
19,Parmer (2011),original,Education: Graduate School,0.24086466692883565,0.17738288779637135,0.17942322722077295,-0.11371867338523836,0.5954480072429097,64,0.1233140655105973,64,0.06165703275529865
19,Parmer (2011),original,Gender: Male,-0.10250144299858471,0.11516875311778954,0.3742553121911958,-0.329248214867101,0.12424532886993156,271,0.5221579961464354,271,0.2610789980732177
19,Parmer (2011),original,Gender: Female,0.11921266418647714,0.1671797519075674,0.4764716638821181,-0.21007363233081897,0.4484989607037732,248,0.47784200385356457,248,0.23892100192678228
19,Parmer (2011),original,Ideology: Liberal,0.2924962451947029,0.1702255929961037,0.08792402617706416,-0.04400757843766639,0.6290000688270723,144,0.2774566473988439,144,0.13872832369942195
19,Parmer (2011),original,Ideology: Moderate,-0.03591956951494661,0.19495751178150408,0.8540503976359527,-0.4208699173508617,0.34903077832096846,166,0.3198458574181118,166,0.1599229287090559
19,Parmer (2011),original,Ideology: Conservative,-0.16396243822625475,0.1628139921988294,0.31508468179578075,-0.4849486595078096,0.1570237830553001,209,0.4026974951830443,209,0.20134874759152216
19,Parmer (2011),mt,Age: 18 - 39,-0.03367502980624111,0.04439977617564566,0.4482958654056658,-0.1207645183864242,0.05341445877394196,1563,0.7489218974604696,1563,0.3744609487302348
19,Parmer (2011),mt,Age: 40 - 59,-0.03563013664184057,0.09179313959141631,0.6980894064265337,-0.21604219549383633,0.1447819222101552,438,0.20987062769525636,438,0.10493531384762818
19,Parmer (2011),mt,Age: More than 60,-0.31836080352475804,0.21160972962869312,0.1362108865965968,-0.7391699574904933,0.10244835044097717,86,0.041207474844274075,86,0.020603737422137038
19,Parmer (2011),mt,Party ID: Democrat,0.00879717610371321,0.04532918280709634,0.8461491103699333,-0.08012963182392183,0.09772398403134824,1295,0.6205079060852899,1295,0.31025395304264497
19,Parmer (2011),mt,Party ID: Independent,-0.11576281664833794,0.13786723421278452,0.40180791202296906,-0.3871464835575309,0.15562085026085498,283,0.13560134163871587,283,0.06780067081935794
19,Parmer (2011),mt,Party ID: Republican,-0.1121936510475374,0.08029377881987758,0.16293772035482146,-0.2699431464290911,0.04555584433401631,509,0.24389075227599424,509,0.12194537613799712
19,Parmer (2011),mt,Race: White,-0.07266297057118969,0.04405426864608845,0.09926011939139172,-0.1590722695602614,0.01374632841788203,1623,0.7776712985146143,1623,0.3888356492573071
19,Parmer (2011),mt,Race: Nonwhite,0.05146775238953175,0.0876775881411007,0.5574827244689387,-0.1208285299782238,0.2237640347572873,464,0.22232870148538572,464,0.11116435074269286
19,Parmer (2011),mt,Education: Less than College,-0.0910042450095847,0.05896317335352765,0.1230199100059842,-0.20669747155599344,0.02468898153682403,1100,0.5270723526593196,1100,0.2635361763296598
19,Parmer (2011),mt,Education: College,0.06354994645434048,0.06161969544709932,0.30273656911216024,-0.05742693714428319,0.18452683005296416,718,0.34403449928126495,718,0.17201724964063247
19,Parmer (2011),mt,Education: Graduate School,-0.14214962493210867,0.08535550209576537,0.09700917528627384,-0.3102051018719079,0.02590585200769057,269,0.12889314805941543,269,0.06444657402970771
19,Parmer (2011),mt,Gender: Male,-0.06288497956534723,0.05560760518821237,0.25838198681006475,-0.17200648746668112,0.04623652833598664,998,0.4781983708672736,998,0.2390991854336368
19,Parmer (2011),mt,Gender: Female,-0.0276362580625375,0.05585605454326658,0.6208579452218327,-0.13723414720274138,0.08196163107766635,1089,0.5218016291327264,1089,0.2609008145663632
19,Parmer (2011),mt,Ideology: Liberal,0.00953264233776455,0.04780289907203174,0.8419731200833799,-0.08425854851105521,0.10332383318658434,1146,0.5491135601341639,1146,0.27455678006708195
19,Parmer (2011),mt,Ideology: Moderate,-0.04196070333371921,0.09252758401630048,0.6503959042785966,-0.2237651263127779,0.13984371964533948,487,0.23334930522280786,487,0.11667465261140393
19,Parmer (2011),mt,Ideology: Conservative,-0.16172423443639192,0.08967210377565739,0.07197442922075983,-0.33795020354155064,0.0145017346687668,454,0.21753713464302826,454,0.10876856732151413
20,Pedulla (2014),original,Age: 18 - 39,0.2036784160928903,0.20530340067985,0.3242634989273062,-0.2051328828990437,0.6124897150848243,79,0.42934782608695654,79,0.21467391304347827
20,Pedulla (2014),original,Age: 40 - 59,-0.13036175160146873,0.25212896983895855,0.6062340151384992,-0.6304000973417436,0.3696765941388061,105,0.5706521739130435,105,0.28532608695652173
20,Pedulla (2014),original,Party ID: Democrat,0.2621400194415901,0.16281599266438526,0.10956433680550488,-0.05965920620950404,0.5839392450926842,147,0.5364963503649635,147,0.26824817518248173
20,Pedulla (2014),original,Party ID: Independent,-2.0166494125247647,0.7514112923907087,0.07480592573043297,-4.407975503742032,0.3746766786925022,5,0.01824817518248175,5,0.009124087591240875
20,Pedulla (2014),original,Party ID: Republican,-0.09024256931037888,0.2382060064880694,0.7054742521923454,-0.5618738842293681,0.3813887456086104,122,0.44525547445255476,122,0.22262773722627738
20,Pedulla (2014),original,Race: White,0.01123615591652627,0.1744947768449051,0.9487226608150436,-0.33287059381277373,0.35534290564582627,200,0.7299270072992701,200,0.36496350364963503
20,Pedulla (2014),original,Race: Nonwhite,0.21417430400606416,0.2163679248187118,0.3255567257251597,-0.2171472711142728,0.6454958791264012,74,0.27007299270072993,74,0.13503649635036497
20,Pedulla (2014),original,Education: Less than College,0.09369398103157982,0.16500266724620324,0.5708598288528437,-0.23190667884368915,0.4192946409068488,181,0.6605839416058394,181,0.3302919708029197
20,Pedulla (2014),original,Education: College,-0.09481600198929516,0.3236343705223157,0.7704622635906467,-0.7409728709241796,0.5513408669455893,68,0.24817518248175183,68,0.12408759124087591
20,Pedulla (2014),original,Education: Graduate School,0.2970414849086535,0.31006761226461466,0.3480307105774054,-0.34438224094700404,0.938465210764311,25,0.09124087591240876,25,0.04562043795620438
20,Pedulla (2014),original,Gender: Male,0.1059321910638583,0.20411378086261792,0.6046202535482806,-0.2977420570262443,0.5096064391539609,137,0.5,137,0.25
20,Pedulla (2014),original,Gender: Female,0.04908217288793434,0.18386221823744567,0.7899143680022442,-0.3145407161963383,0.4127050619722069,137,0.5,137,0.25
20,Pedulla (2014),original,Ideology: Liberal,0.4481152067001546,0.27007064263581626,0.10160405050166188,-0.09066098358123233,0.9868913969815416,71,0.2591240875912409,71,0.12956204379562045
20,Pedulla (2014),original,Ideology: Moderate,0.05892978789637863,0.180565993139046,0.7448130658716602,-0.2991802720617013,0.4170398478544586,105,0.38321167883211676,105,0.19160583941605838
20,Pedulla (2014),original,Ideology: Conservative,-0.13495736120190188,0.2581923006790034,0.6023866216362248,-0.6474650274056126,0.3775503050018089,98,0.35766423357664234,98,0.17883211678832117
20,Pedulla (2014),mt,Age: 18 - 39,0.03736528654459933,0.09171161549632262,0.6840153857264737,-0.14318075580191084,0.2179113288911095,277,0.8318318318318318,277,0.4159159159159159
20,Pedulla (2014),mt,Age: 40 - 59,-0.01387016790514758,0.13765748593928143,0.9201153123751368,-0.28985681032885147,0.26211647451855635,56,0.16816816816816818,56,0.08408408408408409
20,Pedulla (2014),mt,Party ID: Democrat,0.0269466716443247,0.08916190535381661,0.7627806806605006,-0.1488155751254169,0.20270891841406632,213,0.615606936416185,213,0.3078034682080925
20,Pedulla (2014),mt,Party ID: Independent,0.03219860406552174,0.23965799746463537,0.893697683687364,-0.44993109887343063,0.5143283070044741,49,0.1416184971098266,49,0.0708092485549133
20,Pedulla (2014),mt,Party ID: Republican,0.0122730924174874,0.17548949251722104,0.9444146057373052,-0.33683141162950003,0.36137759646447487,84,0.24277456647398843,84,0.12138728323699421
20,Pedulla (2014),mt,Race: White,-0.04016717946015424,0.08383769808254825,0.6322409227930004,-0.20520714147784497,0.12487278255753644,279,0.8063583815028902,279,0.4031791907514451
20,Pedulla (2014),mt,Race: Nonwhite,0.301861913114264,0.1830013821793018,0.10386894601429345,-0.06361708452415243,0.6673409107526804,67,0.1936416184971098,67,0.0968208092485549
20,Pedulla (2014),mt,Education: Less than College,-0.08991631454467426,0.1064050738647512,0.3991638461244582,-0.2998176340377453,0.11998500494839676,190,0.5491329479768786,190,0.2745664739884393
20,Pedulla (2014),mt,Education: College,0.23940971635320793,0.11367487084611576,0.0372631005070244,0.01436032634458986,0.464459106361826,123,0.3554913294797688,123,0.1777456647398844
20,Pedulla (2014),mt,Education: Graduate School,-0.06241575557316484,0.2791725504091556,0.8245555434760978,-0.6317919259974167,0.5069604148510871,33,0.0953757225433526,33,0.0476878612716763
20,Pedulla (2014),mt,Gender: Male,-0.08058709447191614,0.11788016466589411,0.49510938268856775,-0.3132368564737593,0.15206266752992706,177,0.5115606936416185,177,0.25578034682080925
20,Pedulla (2014),mt,Gender: Female,0.1337563754204036,0.098927944307171,0.17818479862253006,-0.06155419186373273,0.32906694270453996,169,0.4884393063583815,169,0.24421965317919075
20,Pedulla (2014),mt,Ideology: Liberal,0.01092801107678304,0.0963404847911374,0.9098014063474646,-0.17903397806252458,0.20089000021609063,204,0.5895953757225434,204,0.2947976878612717
20,Pedulla (2014),mt,Ideology: Moderate,0.10692931768735948,0.20884173014172225,0.6102321110222952,-0.30948926505813346,0.5233479004328524,73,0.21098265895953758,73,0.10549132947976879
20,Pedulla (2014),mt,Ideology: Conservative,-0.06830006922989383,0.13298107920509672,0.6092161598217963,-0.3337314142505665,0.19713127579077885,69,0.1994219653179191,69,0.09971098265895954
21,Peffley and Hurwitz (2007),original,Age: 18 - 39,-0.3841359688223386,0.1383443775644025,0.00576388691100031,-0.6561523358122102,-0.11211960183246694,382,0.4220994475138122,382,0.2110497237569061
21,Peffley and Hurwitz (2007),original,Age: 40 - 59,-0.4397728055682907,0.15901931741261147,0.00596708648896812,-0.7524650205937333,-0.1270805905428481,373,0.4121546961325967,373,0.20607734806629835
21,Peffley and Hurwitz (2007),original,Age: More than 60,-0.3318550874521678,0.15597589051353977,0.03502704575383012,-0.6400825531574075,-0.02362762174692817,150,0.16574585635359115,150,0.08287292817679558
21,Peffley and Hurwitz (2007),original,Race: White,-0.31247765695407,0.08209456052627956,1.5979774572233373e-4,-0.4737972325746287,-0.15115808133351125,470,0.5193370165745856,470,0.2596685082872928
21,Peffley and Hurwitz (2007),original,Race: Nonwhite,-0.3675049395046817,0.14862050190573017,0.01378991330933483,-0.6596122577831018,-0.07539762122626154,435,0.48066298342541436,435,0.24033149171270718
21,Peffley and Hurwitz (2007),original,Education: Less than College,-0.4817787669955376,0.10968624719120788,1.3140882179753795e-5,-0.6971710512124825,-0.26638648277859284,636,0.7027624309392265,636,0.35138121546961326
21,Peffley and Hurwitz (2007),original,Education: College,-0.4043779297266203,0.18259844438044504,0.02797185121500517,-0.76454642065767,-0.0442094387955706,193,0.2132596685082873,193,0.10662983425414364
21,Peffley and Hurwitz (2007),original,Education: Graduate School,0.1584458422030774,0.27817052286966265,0.5706743593457253,-0.39582102369194766,0.7127127080981024,76,0.08397790055248619,76,0.041988950276243095
21,Peffley and Hurwitz (2007),original,Gender: Male,-0.4840215592170984,0.15236224062090084,0.00162125593362046,-0.783679319614293,-0.18436379881990367,353,0.39005524861878454,353,0.19502762430939227
21,Peffley and Hurwitz (2007),original,Gender: Female,-0.3599680956732901,0.1149466585333275,0.00183093288272347,-0.5857562711025888,-0.13417992024399145,552,0.6099447513812155,552,0.30497237569060776
21,Peffley and Hurwitz (2007),original,Ideology: Liberal,-0.3340131347660337,0.14975119196043174,0.02680660920458357,-0.6292717031094894,-0.03875456642257807,206,0.2276243093922652,206,0.1138121546961326
21,Peffley and Hurwitz (2007),original,Ideology: Moderate,-0.47844035072670255,0.13292918607035586,3.554714021532825e-4,-0.739695400989859,-0.21718530046354612,442,0.48839779005524864,442,0.24419889502762432
21,Peffley and Hurwitz (2007),original,Ideology: Conservative,-0.33842086303217606,0.19262036630176776,0.08012957238666268,-0.7177501863586018,0.0409084602942496,257,0.2839779005524862,257,0.1419889502762431
21,Peffley and Hurwitz (2007),mt,Age: 18 - 39,-0.1109325081804104,0.05383476319049226,0.03961081766151665,-0.2165807408799882,-0.0052842754808326,956,0.7439688715953308,956,0.3719844357976654
21,Peffley and Hurwitz (2007),mt,Age: 40 - 59,-0.04824605890056421,0.11099818644751544,0.6641643357078931,-0.2667928661362927,0.17030074833516426,268,0.2085603112840467,268,0.10428015564202335
21,Peffley and Hurwitz (2007),mt,Age: More than 60,-0.12802321171953637,0.2303015259306033,0.5803854570980116,-0.5888555006733487,0.332809077234276,61,0.047470817120622566,61,0.023735408560311283
21,Peffley and Hurwitz (2007),mt,Race: White,-0.08248180287535886,0.05990339150977589,0.16889189359308182,-0.20005329503961308,0.03508968928889536,875,0.6809338521400778,875,0.3404669260700389
21,Peffley and Hurwitz (2007),mt,Race: Nonwhite,-0.14765035815456562,0.07644986710972697,0.05413387904902224,-0.29793515281144006,0.00263443650230882,410,0.31906614785992216,410,0.15953307392996108
21,Peffley and Hurwitz (2007),mt,Education: Less than College,-0.16991586469241585,0.07394716208966695,0.02195954568049239,-0.31517949839295856,-0.02465223099187311,535,0.4163424124513619,535,0.20817120622568094
21,Peffley and Hurwitz (2007),mt,Education: College,-0.09538631635428987,0.07051354766217344,0.17667869820313495,-0.23388597187807375,0.04311333916949403,569,0.44280155642023344,569,0.22140077821011672
21,Peffley and Hurwitz (2007),mt,Education: Graduate School,0.04290785734763906,0.13005910111506655,0.7418533900765438,-0.21373847360325912,0.29955418829853725,181,0.14085603112840467,181,0.07042801556420233
21,Peffley and Hurwitz (2007),mt,Gender: Male,-0.16447816610083782,0.06294042069545601,0.00915235105014399,-0.28804259832134665,-0.04091373388032898,737,0.5735408560311284,737,0.2867704280155642
21,Peffley and Hurwitz (2007),mt,Gender: Female,-0.01651057971831219,0.07235831944197572,0.8195932573268099,-0.15864534982559533,0.12562419038897096,548,0.4264591439688716,548,0.2132295719844358
21,Peffley and Hurwitz (2007),mt,Ideology: Liberal,-0.11885824489161576,0.06992063105775934,0.08969293078704253,-0.2561907514209999,0.01847426163776834,574,0.4466926070038911,574,0.22334630350194554
21,Peffley and Hurwitz (2007),mt,Ideology: Moderate,-0.03939706222904492,0.07197918277660828,0.5844143467856802,-0.18085076619098836,0.1020566417328985,456,0.354863813229572,456,0.177431906614786
21,Peffley and Hurwitz (2007),mt,Ideology: Conservative,-0.14211595253216558,0.105794918100975,0.18037352036794832,-0.35046685660398896,0.0662349515396578,255,0.19844357976653695,255,0.09922178988326848
22,Piazza (2015),original,Age: 18 - 39,0.2179283420069831,0.19766166786897332,0.27216343089203376,-0.17293400951401475,0.608790693527981,139,0.31376975169300225,139,0.15688487584650113
22,Piazza (2015),original,Age: 40 - 59,-0.2520582550904285,0.1763405272010884,0.15471834888865466,-0.6001428092170988,0.09602629903624176,173,0.3905191873589165,173,0.19525959367945825
22,Piazza (2015),original,Age: More than 60,0.06103595064064591,0.20562191143676045,0.7670692608462355,-0.3457920371217609,0.46786393840305274,131,0.29571106094808125,131,0.14785553047404063
22,Piazza (2015),original,Party ID: Democrat,0.22816001655982365,0.1367451478203046,0.09655289637081726,-0.04124893452946274,0.4975689676491099,236,0.5327313769751693,236,0.26636568848758463
22,Piazza (2015),original,Party ID: Independent,-0.2548132871459589,0.669273253088038,0.7122336266662159,-1.7688145704883198,1.259187996196402,11,0.024830699774266364,11,0.012415349887133182
22,Piazza (2015),original,Party ID: Republican,-0.230600049387936,0.17841682028338024,0.19772850553644844,-0.5824857512993882,0.12128565252351624,196,0.44243792325056436,196,0.22121896162528218
22,Piazza (2015),original,Race: White,0.04173431472673034,0.13369851594785898,0.7551194740659539,-0.2212629614485088,0.3047315909019695,336,0.7584650112866818,336,0.3792325056433409
22,Piazza (2015),original,Race: Nonwhite,-0.037736790766809,0.2128000504851974,0.8595872913299611,-0.4596799811332158,0.3842063995995977,107,0.24153498871331827,107,0.12076749435665914
22,Piazza (2015),original,Education: Less than College,-0.02550870089092741,0.13464220837334295,0.849865272965189,-0.29048234878993784,0.23946494700808305,299,0.6749435665914221,299,0.33747178329571104
22,Piazza (2015),original,Education: College,0.2226310249217354,0.24015521263505235,0.35650545865660344,-0.2547817370820905,0.7000437869255612,88,0.1986455981941309,88,0.09932279909706546
22,Piazza (2015),original,Education: Graduate School,-0.07831946800652034,0.29940718853271153,0.7946390574566871,-0.6785947390303703,0.5219558030173296,56,0.12641083521444696,56,0.06320541760722348
22,Piazza (2015),original,Gender: Male,-0.1569001626283086,0.17048704872035733,0.35840318664299253,-0.4928638095626373,0.1790634843060201,226,0.510158013544018,226,0.255079006772009
22,Piazza (2015),original,Gender: Female,0.17207926891179642,0.14502610658485637,0.23671861215985032,-0.11377576141981094,0.4579342992434038,217,0.4898419864559819,217,0.24492099322799096
22,Piazza (2015),original,Ideology: Liberal,0.34339407392064997,0.1989457636373795,0.08690881478348199,-0.05050469246733863,0.7372928403086385,122,0.27539503386004516,122,0.13769751693002258
22,Piazza (2015),original,Ideology: Moderate,-0.05911279917323343,0.1749087359027765,0.7358630905910262,-0.4047159028639175,0.28649030451745067,152,0.3431151241534989,152,0.17155756207674944
22,Piazza (2015),original,Ideology: Conservative,-0.06501236933365949,0.1988365232705279,0.7441046262468723,-0.4575695424230952,0.32754480375577616,169,0.38148984198645597,169,0.19074492099322798
22,Piazza (2015),mt,Age: 18 - 39,-0.10560693809368855,0.0797709447793011,0.1860099169637939,-0.2622472366355996,0.05103336044822249,651,0.7578579743888242,651,0.3789289871944121
22,Piazza (2015),mt,Age: 40 - 59,0.1419263175439865,0.1445906989357902,0.3275922008992487,-0.14333232688806152,0.4271849619760345,187,0.21769499417927823,187,0.10884749708963912
22,Piazza (2015),mt,Age: More than 60,0.4355431142398062,0.4044878698871585,0.2950627669863223,-0.4110597271503952,1.2821459556300074,21,0.024447031431897557,21,0.012223515715948778
22,Piazza (2015),mt,Party ID: Democrat,-0.06772641237386388,0.08158138710890651,0.4068048959935512,-0.22797757213368636,0.0925247473859586,549,0.6391152502910361,549,0.31955762514551805
22,Piazza (2015),mt,Party ID: Independent,0.0990763830615222,0.224238099481274,0.6595916171231773,-0.3459741721666727,0.5441269382897171,99,0.11525029103608847,99,0.057625145518044235
22,Piazza (2015),mt,Party ID: Republican,0.03654509258831825,0.14145122535813429,0.7963846695093423,-0.24230894789344065,0.31539913307007716,211,0.24563445867287545,211,0.12281722933643772
22,Piazza (2015),mt,Race: White,0.02596557612607764,0.0799088874263046,0.7453310447925064,-0.13094468953352664,0.18287584178568192,653,0.760186263096624,653,0.380093131548312
22,Piazza (2015),mt,Race: Nonwhite,-0.22211498982940217,0.13437660383135527,0.0998834399881956,-0.4870600840666828,0.0428301044078784,206,0.239813736903376,206,0.119906868451688
22,Piazza (2015),mt,Education: Less than College,-0.04393898845450605,0.09620207320467188,0.6480738004164237,-0.23298363552896223,0.14510565861995012,467,0.5436554132712457,467,0.27182770663562283
22,Piazza (2015),mt,Education: College,-0.00709676991020472,0.1126917927815463,0.9498294678063608,-0.22888789967785772,0.21469435985744828,294,0.34225844004656575,294,0.17112922002328287
22,Piazza (2015),mt,Education: Graduate School,-0.1081458751978363,0.2063362703203785,0.6014000493568347,-0.5177201346818443,0.30142838428617175,98,0.1140861466821886,98,0.0570430733410943
22,Piazza (2015),mt,Gender: Male,-0.11952034328028883,0.0998990156057874,0.23217158528773993,-0.31585159859134143,0.07681091203076373,448,0.5215366705471478,448,0.2607683352735739
22,Piazza (2015),mt,Gender: Female,0.06035655671541534,0.0936364601401002,0.519558208712775,-0.12371222398765712,0.24442533741848785,411,0.47846332945285214,411,0.23923166472642607
22,Piazza (2015),mt,Ideology: Liberal,-0.16207200844128244,0.08666646445885808,0.06207806757411776,-0.3323609894975833,0.00821697261501844,486,0.5657741559953434,486,0.2828870779976717
22,Piazza (2015),mt,Ideology: Moderate,0.1073774041383423,0.14903945846555197,0.4721493601898443,-0.18665806426789203,0.40141287254457664,187,0.21769499417927823,187,0.10884749708963912
22,Piazza (2015),mt,Ideology: Conservative,0.12467971573289036,0.14778925898869005,0.3999706178355741,-0.166899705055577,0.41625913652135776,186,0.21653084982537835,186,0.10826542491268917
23,Shafer (2017),original,Age: 18 - 39,-0.25353104738113874,0.11875271195190835,0.03359744922308178,-0.4872508019141363,-0.0198112928481412,294,0.33793103448275863,294,0.16896551724137931
23,Shafer (2017),original,Age: 40 - 59,-0.05852336831832842,0.1488203776089705,0.6943796599072212,-0.35123579331357485,0.23418905667691797,346,0.39770114942528734,346,0.19885057471264367
23,Shafer (2017),original,Age: More than 60,-0.07696038588493911,0.15014629585354608,0.6087488145676918,-0.3728121298292294,0.21889135805935112,230,0.26436781609195403,230,0.13218390804597702
23,Shafer (2017),original,Party ID: Democrat,-0.15720490952581806,0.1158880509993243,0.17560522586436234,-0.38494711398589027,0.07053729493425415,457,0.5252873563218391,457,0.26264367816091955
23,Shafer (2017),original,Party ID: Independent,-0.6080524218864072,0.4237931596570734,0.1632684677811913,-1.4791717374570006,0.26306689368418623,28,0.03218390804597701,28,0.016091954022988506
23,Shafer (2017),original,Party ID: Republican,-0.07421548067080935,0.1083229075987388,0.4936751190028543,-0.287197510870129,0.1387665495285103,385,0.4425287356321839,385,0.22126436781609196
23,Shafer (2017),original,Race: White,-0.17257334388426782,0.08378909766241532,0.03983542793066392,-0.337105219318269,-0.00804146845026665,648,0.7448275862068966,648,0.3724137931034483
23,Shafer (2017),original,Race: Nonwhite,-0.0718154922891317,0.17856725199018073,0.6879448458442892,-0.4237368311281838,0.2801058465499204,222,0.25517241379310346,222,0.12758620689655173
23,Shafer (2017),original,Education: Less than College,-0.07331239865884255,0.09471742309597636,0.4392188770123604,-0.25931824508933266,0.11269344777164755,622,0.7149425287356321,622,0.35747126436781607
23,Shafer (2017),original,Education: College,-0.28023362483791203,0.17441210600403756,0.1099909212274257,-0.6245554216672022,0.06408817199137817,170,0.19540229885057472,170,0.09770114942528736
23,Shafer (2017),original,Education: Graduate School,-0.36703003371546594,0.28140097236407485,0.19606910718977744,-0.9274886427003688,0.19342857526943705,78,0.0896551724137931,78,0.04482758620689655
23,Shafer (2017),original,Gender: Male,0.00681156283763536,0.1225002825208699,0.95568309812668,-0.23397189292469572,0.2475950185999665,426,0.4896551724137931,426,0.24482758620689654
23,Shafer (2017),original,Gender: Female,-0.2748902708995907,0.10412400701039635,0.00858321554928333,-0.47952992899929753,-0.07025061279988393,444,0.5103448275862069,444,0.25517241379310346
23,Shafer (2017),original,Ideology: Liberal,-0.13520142267231053,0.16746833686752358,0.4203168421448038,-0.4651772293124906,0.1947743839678696,231,0.2655172413793103,231,0.13275862068965516
23,Shafer (2017),original,Ideology: Moderate,-0.11546973887325132,0.1387609094783449,0.4059573175705746,-0.38848844690161466,0.15754896915511196,316,0.3632183908045977,316,0.18160919540229886
23,Shafer (2017),original,Ideology: Conservative,-0.15492495200517012,0.10891038504069069,0.15585234880599536,-0.3691932512377597,0.05934334722741949,323,0.37126436781609196,323,0.18563218390804598
23,Shafer (2017),mt,Age: 18 - 39,-0.05309698132850841,0.06460740351431718,0.4114704207594012,-0.1799624891926095,0.07376852653559267,649,0.7726190476190476,649,0.3863095238095238
23,Shafer (2017),mt,Age: 40 - 59,-0.01501871397912987,0.13817291888617397,0.9135831537668434,-0.2879363659937609,0.2578989380355012,159,0.18928571428571428,159,0.09464285714285714
23,Shafer (2017),mt,Age: More than 60,-0.34245968688674494,0.3248822199093939,0.3002512973797739,-1.0059576961497017,0.3210383223762118,32,0.0380952380952381,32,0.01904761904761905
23,Shafer (2017),mt,Party ID: Democrat,-0.063649672550403,0.07313680197860573,0.38454687804744914,-0.20732894625899645,0.08002960115819045,523,0.6226190476190476,523,0.3113095238095238
23,Shafer (2017),mt,Party ID: Independent,0.03146759518376289,0.16587629804972048,0.8498554178860067,-0.2969011042792744,0.3598362946468002,124,0.14761904761904762,124,0.07380952380952381
23,Shafer (2017),mt,Party ID: Republican,-0.06700003379091196,0.11393551562700024,0.5571918927823547,-0.29173350764969774,0.15773344006787385,193,0.22976190476190475,193,0.11488095238095238
23,Shafer (2017),mt,Race: White,0.01380154096718816,0.06515937661412845,0.8323216344577448,-0.1141523735280192,0.1417554554623955,637,0.7583333333333333,637,0.37916666666666665
23,Shafer (2017),mt,Race: Nonwhite,-0.2567776951127894,0.12618117967969492,0.04316464117586656,-0.5055863516737605,-0.00796903855181827,203,0.24166666666666667,203,0.12083333333333333
23,Shafer (2017),mt,Education: Less than College,-0.04679808722601757,0.08203200303625649,0.5686299074770351,-0.20800667643476456,0.1144105019827294,457,0.544047619047619,457,0.2720238095238095
23,Shafer (2017),mt,Education: College,-0.05386402710375013,0.09166807846894429,0.5572574762797111,-0.23428051488115537,0.1265524606736551,293,0.3488095238095238,293,0.1744047619047619
23,Shafer (2017),mt,Education: Graduate School,-0.06808299656701462,0.175001628946012,0.6981848128010781,-0.4158619601003693,0.27969596696634,90,0.10714285714285714,90,0.05357142857142857
23,Shafer (2017),mt,Gender: Male,-0.0072661567925424,0.07555332518515546,0.9234284320373172,-0.15576690671508098,0.1412345931299962,431,0.513095238095238,431,0.256547619047619
23,Shafer (2017),mt,Gender: Female,-0.10140505154218953,0.08839452925432519,0.25197827492834385,-0.2751718779169486,0.07236177483256956,409,0.4869047619047619,409,0.24345238095238095
23,Shafer (2017),mt,Ideology: Liberal,-0.08507949894745637,0.07700318131463074,0.26979169004373904,-0.23640372460377657,0.0662447267088638,459,0.5464285714285714,459,0.2732142857142857
23,Shafer (2017),mt,Ideology: Moderate,0.03148800386870182,0.12323760196805458,0.7985820318738984,-0.2114533363507771,0.27442934408818076,212,0.2523809523809524,212,0.1261904761904762
23,Shafer (2017),mt,Ideology: Conservative,-0.06481804035327714,0.1265859783497427,0.6092942117130369,-0.31473306097615594,0.18509698026960164,169,0.2011904761904762,169,0.1005952380952381
24,Thompson and Schlehofer (2014),original,Age: 18 - 39,-0.02267324720998395,0.1970794622223523,0.908597623238937,-0.4128117266775613,0.3674652322575934,124,0.31,124,0.155
24,Thompson and Schlehofer (2014),original,Age: 40 - 59,-0.23202795909454343,0.19691960331221164,0.24053544202300756,-0.6211014993974656,0.15704558120837875,153,0.3825,153,0.19125
24,Thompson and Schlehofer (2014),original,Age: More than 60,-0.06199044698472818,0.2226107704242563,0.7811268263494049,-0.50270718341407294,0.37872628944461656,123,0.3075,123,0.15375
24,Thompson and Schlehofer (2014),original,Party ID: Democrat,-0.0764756528571883,0.16982819354779144,0.6529591249304298,-0.4112998622242357,0.258348556509859,208,0.52,208,0.26
24,Thompson and Schlehofer (2014),original,Party ID: Independent,-0.7128701326965781,0.5315414328070193,0.20954078938422693,-1.897218250574349,0.4714779851811928,12,0.03,12,0.015
24,Thompson and Schlehofer (2014),original,Party ID: Republican,-0.1214869634419635,0.17138036219891448,0.47933048489260366,-0.45968569487787625,0.21671176799394928,180,0.45,180,0.225
24,Thompson and Schlehofer (2014),original,Race: White,-0.0717872014426342,0.12835948644089784,0.5763941421383487,-0.3243794460199404,0.18080504313467197,304,0.76,304,0.38
24,Thompson and Schlehofer (2014),original,Race: Nonwhite,-0.21131509466225032,0.25095974203564525,0.4019095623669104,-0.7096015454388198,0.2869713561143191,96,0.24,96,0.12
24,Thompson and Schlehofer (2014),original,Education: Less than College,-0.0688886928350627,0.14502514877191622,0.6351667082371145,-0.35442705822110465,0.2166496725509792,269,0.6725,269,0.33625
24,Thompson and Schlehofer (2014),original,Education: College,-0.09542078477700122,0.25565298916396945,0.7100344005464791,-0.6048204853592299,0.4139789158052275,76,0.19,76,0.095
24,Thompson and Schlehofer (2014),original,Education: Graduate School,-0.24026138310246412,0.29628776066895285,0.42104651437883434,-0.8345393725259155,0.3540166063209872,55,0.1375,55,0.06875
24,Thompson and Schlehofer (2014),original,Gender: Male,-0.06848326666220461,0.17458417530271225,0.6952739317689856,-0.4127141757500097,0.27574764242560046,205,0.5125,205,0.25625
24,Thompson and Schlehofer (2014),original,Gender: Female,-0.14675683759099176,0.16046428162321924,0.3615552749519517,-0.4632456230702765,0.16973194788829302,195,0.4875,195,0.24375
24,Thompson and Schlehofer (2014),original,Ideology: Liberal,0.02843949211910946,0.24561764954984308,0.9080441123132152,-0.458629524104958,0.515508508343177,106,0.265,106,0.1325
24,Thompson and Schlehofer (2014),original,Ideology: Moderate,-0.23546452987926453,0.2039585767481449,0.25031639782323856,-0.6387785855589967,0.16784952580046764,139,0.3475,139,0.17375
24,Thompson and Schlehofer (2014),original,Ideology: Conservative,-0.07149707982389328,0.16769364582494004,0.6704481961794682,-0.40279102240356435,0.25979686275577774,155,0.3875,155,0.19375
24,Thompson and Schlehofer (2014),mt,Age: 18 - 39,-0.05469737667672128,0.06330223164075752,0.38776053256142584,-0.1789194939743104,0.06952474062086784,991,0.7368029739776951,991,0.36840148698884756
24,Thompson and Schlehofer (2014),mt,Age: 40 - 59,-9.085074654876914e-4,0.11514551771576902,0.9937101921814986,-0.2275486533569901,0.2257316384260147,288,0.21412639405204462,288,0.10706319702602231
24,Thompson and Schlehofer (2014),mt,Age: More than 60,-0.3344443107327091,0.2402563440701565,0.1687316116508556,-0.8144115339196155,0.14552291245419735,66,0.04907063197026022,66,0.02453531598513011
24,Thompson and Schlehofer (2014),mt,Party ID: Democrat,-0.0920601957103114,0.0693756000665527,0.1848825589250717,-0.22823413561285488,0.04411374419223211,825,0.6133828996282528,825,0.3066914498141264
24,Thompson and Schlehofer (2014),mt,Party ID: Independent,-0.10979246244264484,0.1394565939843424,0.4321488748405779,-0.3849725121731228,0.1653875872878331,182,0.13531598513011153,182,0.06765799256505577
24,Thompson and Schlehofer (2014),mt,Party ID: Republican,-0.03215952732788124,0.1055796354164874,0.7608596078518619,-0.2398398841324884,0.17552082947672593,338,0.2513011152416357,338,0.12565055762081784
24,Thompson and Schlehofer (2014),mt,Race: White,-0.02221156578943366,0.06088778813371617,0.715338682921809,-0.14168875175009538,0.09726562017122806,1040,0.7732342007434945,1040,0.38661710037174724
24,Thompson and Schlehofer (2014),mt,Race: Nonwhite,-0.14471749580249818,0.12341727461885638,0.24188250536372496,-0.3875809828763708,0.09814599127137438,305,0.22676579925650558,305,0.11338289962825279
24,Thompson and Schlehofer (2014),mt,Education: Less than College,0.03110046239975941,0.07833720558281979,0.6914813667857174,-0.1227001911734237,0.18490111597294256,711,0.5286245353159851,711,0.26431226765799254
24,Thompson and Schlehofer (2014),mt,Education: College,-0.1417264967595977,0.09163048157950168,0.12264859632522968,-0.3218131809422536,0.03836018742305819,443,0.32936802973977697,443,0.16468401486988848
24,Thompson and Schlehofer (2014),mt,Education: Graduate School,-0.14344197245721024,0.13862157627735117,0.30209675811579884,-0.4168862116789522,0.1300022667645317,191,0.14200743494423793,191,0.07100371747211896
24,Thompson and Schlehofer (2014),mt,Gender: Male,0.03042683183269232,0.0788666820267761,0.6997795733563568,-0.12445836616814944,0.1853120298335341,608,0.45204460966542753,608,0.22602230483271377
24,Thompson and Schlehofer (2014),mt,Gender: Female,-0.11396014409796068,0.0741846108562655,0.12492713204934912,-0.25959913441083643,0.03167884621491508,737,0.5479553903345725,737,0.27397769516728626
24,Thompson and Schlehofer (2014),mt,Ideology: Liberal,-0.0363840766742344,0.0717136317717637,0.6120592149075984,-0.17717110482060633,0.10440295147213752,740,0.550185873605948,740,0.275092936802974
24,Thompson and Schlehofer (2014),mt,Ideology: Moderate,-0.0988020185400788,0.11554245088508584,0.39314186024050657,-0.32614011196438847,0.12853607488423086,315,0.2342007434944238,315,0.1171003717472119
24,Thompson and Schlehofer (2014),mt,Ideology: Conservative,-0.07948572322255319,0.11758280198984931,0.4995844687562274,-0.3109163299111571,0.15194488346605073,290,0.21561338289962825,290,0.10780669144981413
25,Transue (2007),original,Age: 18 - 39,0.19095597396398337,0.15701845828837538,0.22576967587530003,-0.1192006251718988,0.5011125730998656,159,0.4608695652173913,158,0.1539961013645224
25,Transue (2007),original,Age: 40 - 59,0.18778945048411905,0.16472704372133315,0.25651790136667957,-0.13830418525009247,0.5138830862183306,125,0.36231884057971014,124,0.12085769980506822
25,Transue (2007),original,Age: More than 60,0.15245643470655723,0.2602167040501002,0.5602274729207383,-0.3684238914571747,0.6733367608702892,61,0.17681159420289855,60,0.05847953216374269
25,Transue (2007),original,Party ID: Democrat,0.1626629192511307,0.14489585138931912,0.26323991495740034,-0.12343894921553068,0.4487647877177921,167,0.48405797101449277,166,0.1617933723196881
25,Transue (2007),original,Party ID: Independent,0.6237035565480267,0.2628507278543796,0.0217943723054687,0.09491609826001436,1.152491014836039,50,0.14492753623188406,49,0.04775828460038986
25,Transue (2007),original,Party ID: Republican,0.01556855302891434,0.17547478775927627,0.929444480815651,-0.3317178300214906,0.3628549360793193,128,0.3710144927536232,127,0.12378167641325535
25,Transue (2007),original,Race: White,0.17575150746048895,0.10487822722785112,0.09469770355663346,-0.03053606244826864,0.3820390773692466,345,1,344,0.3333333333333333
25,Transue (2007),mt,Age: 18 - 39,-0.07617265712206316,0.1130161426173618,0.5009352689717352,-0.29875776843761304,0.14641245419348675,253,0.6893732970027248,252,0.23076923076923078
25,Transue (2007),mt,Age: 40 - 59,0.08135629570842513,0.19439787659125596,0.6766099496565937,-0.3050305337276853,0.46774312514453553,90,0.2452316076294278,89,0.0815018315018315
25,Transue (2007),mt,Age: More than 60,-0.5025534524457965,0.4501994894242886,0.2769083211055145,-1.43879454354188,0.4336876386502869,24,0.0653950953678474,23,0.021062271062271064
25,Transue (2007),mt,Party ID: Democrat,0.08770321810955965,0.11200174549989968,0.43453676191823887,-0.13317307593738803,0.30857951215650736,200,0.5449591280653951,199,0.18223443223443223
25,Transue (2007),mt,Party ID: Independent,-0.21345675270550485,0.22480755388667104,0.34562865625866857,-0.6618212811835823,0.2349077757725726,73,0.1989100817438692,72,0.06593406593406594
25,Transue (2007),mt,Party ID: Republican,-0.1083729729489853,0.1857165625616566,0.5609736418189959,-0.477276110018616,0.2605301641206454,94,0.2561307901907357,93,0.08516483516483517
25,Transue (2007),mt,Race: White,-0.07517906033674246,0.09503686184001578,0.4294290095837153,-0.26206929327576367,0.11171117260227877,367,1,366,0.3333333333333333
26,Turaga (2010),original,Age: 18 - 39,0.11602653274080849,0.20184770804476107,0.5662503917577417,-0.28272120408358753,0.5147742695652044,156,0.31388329979879276,156,0.15694164989939638
26,Turaga (2010),original,Age: 40 - 59,0.00970737133893618,0.17958175128063275,0.9569483894975592,-0.3445468496448655,0.36396159232273784,190,0.3822937625754527,190,0.19114688128772636
26,Turaga (2010),original,Age: More than 60,0.29992258958477874,0.1764475817984568,0.09125835907245884,-0.04874015722036246,0.6485853363899199,151,0.3038229376257545,151,0.15191146881287726
26,Turaga (2010),original,Party ID: Democrat,0.2503522486494172,0.13080313559015783,0.05669002238344148,-0.00718018155162181,0.5078846788504562,270,0.5432595573440644,270,0.2716297786720322
26,Turaga (2010),original,Party ID: Independent,0.22938342059222025,0.5479298213839987,0.6792045175283743,-0.9014881496353156,1.360254990819756,26,0.052313883299798795,26,0.026156941649899398
26,Turaga (2010),original,Party ID: Republican,0.0223705051268397,0.19480063977795756,0.908689359840435,-0.36176789130773185,0.4065089015614112,201,0.4044265593561368,201,0.2022132796780684
26,Turaga (2010),original,Race: White,0.10214963186356082,0.13234549881673677,0.44069365196797816,-0.1580804263719768,0.3623796900990984,378,0.7605633802816901,378,0.38028169014084506
26,Turaga (2010),original,Race: Nonwhite,0.16275930146646497,0.19279568536785427,0.40027705946859726,-0.21906245065682284,0.5445810535897527,119,0.23943661971830985,119,0.11971830985915492
26,Turaga (2010),original,Education: Less than College,0.1119402594679236,0.13016496155364465,0.39037460727430184,-0.14404866154831522,0.36792918048416245,358,0.7203219315895373,358,0.36016096579476864
26,Turaga (2010),original,Education: College,-0.00793270802245507,0.2587331392735591,0.9756065476660176,-0.5217254454232793,0.5058600293783692,95,0.19114688128772636,95,0.09557344064386318
26,Turaga (2010),original,Education: Graduate School,0.5207608377736119,0.35646672439390015,0.1514852383862966,-0.19861813638934325,1.240139811936567,44,0.08853118712273642,44,0.04426559356136821
26,Turaga (2010),original,Gender: Male,0.16267982896721675,0.15079097814611292,0.28173173133166807,-0.13435052187608237,0.4597101798105159,244,0.4909456740442656,244,0.2454728370221328
26,Turaga (2010),original,Gender: Female,0.08436179783886838,0.157668251385891,0.5930828420465606,-0.22615955236168483,0.3948831480394216,253,0.5090543259557344,253,0.2545271629778672
26,Turaga (2010),original,Ideology: Liberal,0.20557378063901743,0.18955391997053023,0.2800845734751837,-0.16933084482508087,0.5804784061031157,136,0.27364185110663986,136,0.13682092555331993
26,Turaga (2010),original,Ideology: Moderate,0.2413342336870068,0.16178234248580428,0.13756234366645817,-0.0779487825323738,0.5606172499063874,178,0.358148893360161,178,0.1790744466800805
26,Turaga (2010),original,Ideology: Conservative,-0.01641464971735883,0.20221196196484817,0.93539210254185,-0.4154106064771186,0.3825813070424009,183,0.3682092555331992,183,0.1841046277665996
26,Turaga (2010),mt,Age: 18 - 39,0.31237600692579126,0.09967545966873571,0.00182272778374027,0.11655727736906749,0.508194736482515,519,0.7609970674486803,519,0.38049853372434017
26,Turaga (2010),mt,Age: 40 - 59,0.19472644952343587,0.20216001842752104,0.3372486751891415,-0.20528168594177693,0.5947345849886487,130,0.1906158357771261,130,0.09530791788856305
26,Turaga (2010),mt,Age: More than 60,-0.790093497833443,0.45574068683060537,0.09291771553733431,-1.719582756694397,0.13939576102751117,33,0.04838709677419355,33,0.024193548387096774
26,Turaga (2010),mt,Party ID: Democrat,0.29709178742581105,0.11159048340979948,0.00806449722604739,0.07773249561601872,0.5164510792356034,413,0.6055718475073314,413,0.3027859237536657
26,Turaga (2010),mt,Party ID: Independent,0.3092111118441638,0.2571948173778613,0.23242238195096224,-0.20175128384138824,0.8201735075297159,92,0.1348973607038123,92,0.06744868035190615
26,Turaga (2010),mt,Party ID: Republican,0.07447460678954611,0.16732236909140885,0.6568000471268445,-0.25575490601298906,0.4047041195920813,177,0.2595307917888563,177,0.12976539589442815
26,Turaga (2010),mt,Race: White,0.22076087365451855,0.0981347203384411,0.02488432794687936,0.0279817777565671,0.4135399695524701,534,0.782991202346041,534,0.3914956011730205
26,Turaga (2010),mt,Race: Nonwhite,0.3480077252433557,0.198648002659248,0.08189386136722016,-0.04458939160598796,0.7406048420926994,148,0.21700879765395895,148,0.10850439882697947
26,Turaga (2010),mt,Education: Less than College,0.25128410284390884,0.12082251131131296,0.0382859114078086,0.01364023411999137,0.4889279715678263,346,0.5073313782991202,346,0.2536656891495601
26,Turaga (2010),mt,Education: College,0.23492903370987991,0.14933854978811606,0.11700592122191414,-0.05925262234351258,0.5291106897632725,242,0.3548387096774194,242,0.1774193548387097
26,Turaga (2010),mt,Education: Graduate School,0.27451371552946635,0.256888463008204,0.28804108586136246,-0.23568894583373412,0.7847163768926668,94,0.1378299120234604,94,0.0689149560117302
26,Turaga (2010),mt,Gender: Male,0.29371300041655496,0.12112777352747946,0.01588722982463409,0.05537642997328773,0.5320495708598222,312,0.4574780058651026,312,0.2287390029325513
26,Turaga (2010),mt,Gender: Female,0.2588804934464004,0.12067617601573496,0.03258687911349418,0.02157908773948433,0.49618189915331645,370,0.5425219941348973,370,0.27126099706744866
26,Turaga (2010),mt,Ideology: Liberal,0.3453569306176021,0.11638279578406271,0.00319674829056002,0.1165082838261878,0.5742055774090163,375,0.5498533724340176,375,0.2749266862170088
26,Turaga (2010),mt,Ideology: Moderate,0.20306947480729565,0.1913904352935264,0.29037397547700905,-0.1750795412746997,0.581218490889291,153,0.22434017595307917,153,0.11217008797653959
26,Turaga (2010),mt,Ideology: Conservative,0.04819357616651423,0.1884229171272928,0.7984715931318341,-0.32407243706311695,0.4204595893961454,154,0.22580645161290322,154,0.11290322580645161
27,Wallace (2011),original,Age: 18 - 39,-0.4921819865437501,0.1837474475882588,0.00829869612165343,-0.8555299245867318,-0.1288340485007684,139,0.29764453961456105,139,0.14882226980728053
27,Wallace (2011),original,Age: 40 - 59,-0.7600978639647962,0.15278450984753664,1.523406150396715e-6,-1.061588367453746,-0.4586073604758464,181,0.3875802997858672,181,0.1937901498929336
27,Wallace (2011),original,Age: More than 60,-0.688128460463164,0.21560594198291896,0.00173494325464044,-1.114264886255781,-0.26199203467054727,147,0.3147751605995717,147,0.15738758029978586
27,Wallace (2011),original,Party ID: Democrat,-0.44343218568899073,0.14692782698462506,0.00282703250949247,-0.7329090376363496,-0.15395533374163178,235,0.5032119914346895,235,0.25160599571734477
27,Wallace (2011),original,Party ID: Independent,-0.3008707892218867,0.25227172832953537,0.25605772115263536,-0.850523667468604,0.24878208902483057,14,0.029978586723768737,14,0.014989293361884369
27,Wallace (2011),original,Party ID: Republican,-0.8959685219524037,0.15621552959453747,3.255226252751344e-8,-1.2038704980263726,-0.5880665458784349,218,0.4668094218415418,218,0.2334047109207709
27,Wallace (2011),original,Race: White,-0.9945708392482178,0.11560220573803562,2.599480110373223e-16,-1.2219287295041352,-0.7672129489923003,354,0.7580299785867237,354,0.37901498929336186
27,Wallace (2011),original,Race: Nonwhite,0.13664217695547695,0.18394909590038572,0.4591562106284832,-0.22786523647471027,0.5011495903856642,113,0.24197002141327623,113,0.12098501070663811
27,Wallace (2011),original,Education: Less than College,-0.6749265304786702,0.1305848747247744,4.1994876455979027e-7,-0.9318553443825308,-0.4179977165748098,317,0.6788008565310493,317,0.33940042826552463
27,Wallace (2011),original,Education: College,-0.5168940561027253,0.1939694520202084,0.00906623136083113,-0.9020249500948688,-0.13176316211058198,96,0.20556745182012848,96,0.10278372591006424
27,Wallace (2011),original,Education: Graduate School,-0.7492584667589277,0.2768552115189613,0.0091806098580643,-1.3048090924181293,-0.19370784109972616,54,0.11563169164882227,54,0.057815845824411134
27,Wallace (2011),original,Gender: Male,-0.6487717301399135,0.13585314774270957,3.106561273669232e-6,-0.9163773165834402,-0.3811661436963868,244,0.5224839400428265,244,0.26124197002141325
27,Wallace (2011),original,Gender: Female,-0.627426460007162,0.15830631969000009,9.976956837562756e-5,-0.9394096321943408,-0.31544328781998315,223,0.47751605995717344,223,0.23875802997858672
27,Wallace (2011),original,Ideology: Liberal,-0.4520273736042723,0.2251598421350136,0.04723202680284291,-0.8984286600807025,-0.00562608712784218,108,0.23126338329764454,108,0.11563169164882227
27,Wallace (2011),original,Ideology: Moderate,-0.7399619792533557,0.15656945864562669,4.650066032331713e-6,-1.0489451049672105,-0.43097885353950094,179,0.38329764453961457,179,0.19164882226980728
27,Wallace (2011),original,Ideology: Conservative,-0.6276016505545888,0.18188394810117828,6.986171722896629e-4,-0.9865279576712598,-0.2686753434379179,180,0.3854389721627409,180,0.19271948608137046
27,Wallace (2011),mt,Age: 18 - 39,-1.137535786380932,0.10829999824890806,1.6052123094891724e-22,-1.3505626746817838,-0.9245088980800804,340,0.748898678414097,340,0.3744493392070485
27,Wallace (2011),mt,Age: 40 - 59,-1.0841052287306854,0.19941587239785832,4.125425286111164e-7,-1.4799426069089985,-0.6882678505523725,98,0.21585903083700442,98,0.10792951541850221
27,Wallace (2011),mt,Age: More than 60,-1.2055478204690375,0.629722131093942,0.07623012325839665,-2.5561674643265544,0.14507182338847957,16,0.03524229074889868,16,0.01762114537444934
27,Wallace (2011),mt,Party ID: Democrat,-1.1381293645451689,0.12404504157109372,1.1073117175689654e-17,-1.3823278906224603,-0.8939308384678768,277,0.6101321585903083,277,0.30506607929515417
27,Wallace (2011),mt,Party ID: Independent,-1.1333462268656278,0.28827607295531127,2.3115880768720295e-4,-1.7106091056986927,-0.5560833480325628,59,0.1299559471365639,59,0.06497797356828194
27,Wallace (2011),mt,Party ID: Republican,-1.057835750800383,0.16994022516701887,7.933169233083373e-9,-1.3944237796299332,-0.7212477219708329,118,0.2599118942731278,118,0.1299559471365639
27,Wallace (2011),mt,Race: White,-1.195808195899675,0.10985017117151716,8.022985095374703e-24,-1.411893584736449,-0.9797228070629004,336,0.7400881057268722,336,0.3700440528634361
27,Wallace (2011),mt,Race: Nonwhite,-0.8768792564743844,0.18858414740139903,8.864961119112772e-6,-1.250393922469173,-0.5033645904795958,118,0.2599118942731278,118,0.1299559471365639
27,Wallace (2011),mt,Education: Less than College,-1.0669791054725957,0.12928083624862197,6.971435660727038e-15,-1.3215100567094835,-0.8124481542357076,271,0.5969162995594713,271,0.29845814977973567
27,Wallace (2011),mt,Education: College,-1.1527958809564682,0.1576925807899827,1.6926357681496908e-11,-1.4644871042123997,-0.8411046577005368,146,0.32158590308370044,146,0.16079295154185022
27,Wallace (2011),mt,Education: Graduate School,-1.2888257949093314,0.27546061796824634,4.216399603601804e-5,-1.848040579367407,-0.7296110104512558,37,0.08149779735682819,37,0.040748898678414094
27,Wallace (2011),mt,Gender: Male,-1.2917918953160974,0.13749806801290743,7.231548296961052e-18,-1.5627603547914002,-1.0208234358407946,224,0.4933920704845815,224,0.24669603524229075
27,Wallace (2011),mt,Gender: Female,-0.9266110296817652,0.13119332096137876,1.9548858471283963e-11,-1.1851173922904452,-0.6681046670730855,230,0.5066079295154186,230,0.2533039647577093
27,Wallace (2011),mt,Ideology: Liberal,-1.0962345045849764,0.13351161744771514,1.1790646073344234e-14,-1.3591854206513108,-0.8332835885186419,252,0.5550660792951542,252,0.2775330396475771
27,Wallace (2011),mt,Ideology: Moderate,-1.0997474136613163,0.19081275078553095,9.355625514201445e-8,-1.4783613083488014,-0.7211335189738313,101,0.22246696035242292,101,0.11123348017621146
27,Wallace (2011),mt,Ideology: Conservative,-1.1688728867742904,0.19103534590701385,1.895989945516144e-8,-1.547928458475162,-0.7898173150734187,101,0.22246696035242292,101,0.11123348017621146
